/*
SQLyog Community v10.51 
MySQL - 5.6.24 : Database - fleet
*********************************************************************
*/

/*!40101 SET NAMES utf8 */;

/*!40101 SET SQL_MODE=''*/;

/*!40014 SET @OLD_UNIQUE_CHECKS=@@UNIQUE_CHECKS, UNIQUE_CHECKS=0 */;
/*!40014 SET @OLD_FOREIGN_KEY_CHECKS=@@FOREIGN_KEY_CHECKS, FOREIGN_KEY_CHECKS=0 */;
/*!40101 SET @OLD_SQL_MODE=@@SQL_MODE, SQL_MODE='NO_AUTO_VALUE_ON_ZERO' */;
/*!40111 SET @OLD_SQL_NOTES=@@SQL_NOTES, SQL_NOTES=0 */;
CREATE DATABASE /*!32312 IF NOT EXISTS*/`fleet` /*!40100 DEFAULT CHARACTER SET utf8 */;

USE `fleet`;

/*Table structure for table `tbl_body_type` */

DROP TABLE IF EXISTS `tbl_body_type`;

CREATE TABLE `tbl_body_type` (
  `id` int(10) NOT NULL AUTO_INCREMENT,
  `title` varchar(50) NOT NULL,
  `status` int(10) NOT NULL DEFAULT '1',
  PRIMARY KEY (`id`)
) ENGINE=InnoDB AUTO_INCREMENT=6 DEFAULT CHARSET=latin1;

/*Data for the table `tbl_body_type` */

insert  into `tbl_body_type`(`id`,`title`,`status`) values (1,'Hatchbacks',1),(2,'Coupe',1),(3,'Sedan',1),(4,'Truck',1),(5,'Convertible',1);

/*Table structure for table `tbl_booking_comments` */

DROP TABLE IF EXISTS `tbl_booking_comments`;

CREATE TABLE `tbl_booking_comments` (
  `id` int(10) NOT NULL AUTO_INCREMENT,
  `booking_id` int(10) NOT NULL,
  `supplier_id` int(10) NOT NULL,
  `user_id` int(10) NOT NULL,
  `comment` text,
  `created_at` timestamp NOT NULL DEFAULT CURRENT_TIMESTAMP ON UPDATE CURRENT_TIMESTAMP,
  `approval_status` varchar(50) NOT NULL DEFAULT 'Pending',
  `status` int(10) NOT NULL,
  PRIMARY KEY (`id`),
  KEY `booking_id` (`booking_id`),
  KEY `supplier_id` (`supplier_id`),
  KEY `user_id` (`user_id`),
  CONSTRAINT `tbl_booking_comments_ibfk_1` FOREIGN KEY (`booking_id`) REFERENCES `tbl_bookings` (`id`) ON DELETE CASCADE ON UPDATE CASCADE,
  CONSTRAINT `tbl_booking_comments_ibfk_2` FOREIGN KEY (`supplier_id`) REFERENCES `tbl_suppliers` (`id`) ON DELETE CASCADE ON UPDATE CASCADE,
  CONSTRAINT `tbl_booking_comments_ibfk_3` FOREIGN KEY (`user_id`) REFERENCES `tbl_users` (`id`) ON DELETE CASCADE ON UPDATE CASCADE
) ENGINE=InnoDB AUTO_INCREMENT=3 DEFAULT CHARSET=utf8;

/*Data for the table `tbl_booking_comments` */

insert  into `tbl_booking_comments`(`id`,`booking_id`,`supplier_id`,`user_id`,`comment`,`created_at`,`approval_status`,`status`) values (1,10,6,1,'This is the comment over here\r\n','2016-06-07 02:05:20','Approved',0),(2,10,1,8,'dsfsdfds','2016-06-12 01:44:41','Pending',0);

/*Table structure for table `tbl_booking_spares` */

DROP TABLE IF EXISTS `tbl_booking_spares`;

CREATE TABLE `tbl_booking_spares` (
  `id` int(10) NOT NULL AUTO_INCREMENT,
  `booking_comment_id` int(10) NOT NULL,
  `spare_id` int(10) NOT NULL,
  `spare_cost` varchar(50) DEFAULT NULL,
  `spare_photo` varchar(50) DEFAULT NULL,
  `is_more_spare_part` int(10) NOT NULL DEFAULT '0',
  `status` int(10) NOT NULL DEFAULT '1',
  PRIMARY KEY (`id`),
  KEY `booking_comment_id` (`booking_comment_id`),
  KEY `spare_id` (`spare_id`),
  CONSTRAINT `tbl_booking_spares_ibfk_1` FOREIGN KEY (`booking_comment_id`) REFERENCES `tbl_booking_comments` (`id`) ON DELETE CASCADE ON UPDATE CASCADE,
  CONSTRAINT `tbl_booking_spares_ibfk_2` FOREIGN KEY (`spare_id`) REFERENCES `tbl_spare` (`id`) ON DELETE CASCADE ON UPDATE CASCADE
) ENGINE=InnoDB DEFAULT CHARSET=utf8;

/*Data for the table `tbl_booking_spares` */

/*Table structure for table `tbl_bookings` */

DROP TABLE IF EXISTS `tbl_bookings`;

CREATE TABLE `tbl_bookings` (
  `id` int(10) NOT NULL AUTO_INCREMENT,
  `request_id` int(10) NOT NULL,
  `supplier_id` int(10) NOT NULL,
  `company_id` int(10) NOT NULL,
  `request_type` varchar(50) NOT NULL,
  `created_at` timestamp NOT NULL DEFAULT CURRENT_TIMESTAMP ON UPDATE CURRENT_TIMESTAMP,
  `status` int(10) NOT NULL DEFAULT '1',
  PRIMARY KEY (`id`),
  KEY `request_id` (`request_id`),
  KEY `supplier_id` (`supplier_id`),
  KEY `company_id` (`company_id`),
  CONSTRAINT `tbl_bookings_ibfk_1` FOREIGN KEY (`request_id`) REFERENCES `tbl_requests` (`id`) ON DELETE CASCADE ON UPDATE CASCADE,
  CONSTRAINT `tbl_bookings_ibfk_2` FOREIGN KEY (`supplier_id`) REFERENCES `tbl_suppliers` (`id`) ON DELETE CASCADE ON UPDATE CASCADE,
  CONSTRAINT `tbl_bookings_ibfk_3` FOREIGN KEY (`company_id`) REFERENCES `tbl_companies` (`id`) ON DELETE CASCADE ON UPDATE CASCADE
) ENGINE=InnoDB AUTO_INCREMENT=11 DEFAULT CHARSET=utf8;

/*Data for the table `tbl_bookings` */

insert  into `tbl_bookings`(`id`,`request_id`,`supplier_id`,`company_id`,`request_type`,`created_at`,`status`) values (1,32,6,5,'service','2016-06-05 11:15:35',1),(2,28,6,5,'service','2016-06-05 11:15:39',1),(3,22,6,5,'service','2016-06-05 11:15:42',1),(4,21,6,5,'service','2016-06-05 11:15:51',1),(5,33,7,5,'repair','2016-06-05 11:16:15',1),(6,27,6,5,'repair','2016-06-05 11:16:19',1),(7,26,6,5,'repair','2016-06-05 11:16:23',1),(8,25,6,5,'repair','2016-06-05 11:16:26',1),(9,24,6,5,'repair','2016-06-05 11:16:30',1),(10,24,6,5,'repair','2016-06-05 11:17:49',1);

/*Table structure for table `tbl_car_assign_mechanical_issues` */

DROP TABLE IF EXISTS `tbl_car_assign_mechanical_issues`;

CREATE TABLE `tbl_car_assign_mechanical_issues` (
  `id` int(10) NOT NULL AUTO_INCREMENT,
  `car_assignment_id` int(10) NOT NULL,
  `photo` varchar(50) NOT NULL,
  `description` text NOT NULL,
  `created_at` timestamp NOT NULL DEFAULT '0000-00-00 00:00:00',
  `deleted_status` int(10) NOT NULL DEFAULT '0',
  `status` int(10) NOT NULL DEFAULT '1',
  PRIMARY KEY (`id`),
  KEY `car_assignment_id` (`car_assignment_id`),
  CONSTRAINT `tbl_car_assign_mechanical_issues_ibfk_1` FOREIGN KEY (`car_assignment_id`) REFERENCES `tbl_car_assignment` (`id`) ON DELETE CASCADE ON UPDATE CASCADE
) ENGINE=InnoDB AUTO_INCREMENT=3 DEFAULT CHARSET=latin1;

/*Data for the table `tbl_car_assign_mechanical_issues` */

insert  into `tbl_car_assign_mechanical_issues`(`id`,`car_assignment_id`,`photo`,`description`,`created_at`,`deleted_status`,`status`) values (1,6,'6902-two.jpeg','Car Assignment Mitsumbushi Outlander (KCA 257U) Mechanicl issue 1','2016-06-19 10:53:58',0,1),(2,5,'700-two.jpeg','Car Assignment Nissan Lannia (KBT 257P) Mechanicl issue 1','2016-06-19 10:54:40',0,1);

/*Table structure for table `tbl_car_assign_physical_damages` */

DROP TABLE IF EXISTS `tbl_car_assign_physical_damages`;

CREATE TABLE `tbl_car_assign_physical_damages` (
  `id` int(10) NOT NULL AUTO_INCREMENT,
  `car_assignment_id` int(10) NOT NULL,
  `photo` varchar(50) NOT NULL,
  `description` text NOT NULL,
  `created_at` timestamp NOT NULL DEFAULT '0000-00-00 00:00:00',
  `deleted_status` int(10) NOT NULL DEFAULT '0',
  `status` int(10) NOT NULL DEFAULT '1',
  PRIMARY KEY (`id`),
  KEY `car_assignment_id` (`car_assignment_id`),
  CONSTRAINT `tbl_car_assign_physical_damages_ibfk_1` FOREIGN KEY (`car_assignment_id`) REFERENCES `tbl_car_assignment` (`id`) ON DELETE CASCADE ON UPDATE CASCADE
) ENGINE=InnoDB AUTO_INCREMENT=6 DEFAULT CHARSET=latin1;

/*Data for the table `tbl_car_assign_physical_damages` */

insert  into `tbl_car_assign_physical_damages`(`id`,`car_assignment_id`,`photo`,`description`,`created_at`,`deleted_status`,`status`) values (1,6,'8887-five.jpeg','Car Assignment Mitsumbushi Outlander (KCA 257U) Physical Damage 1 ','2016-06-19 10:50:22',0,1),(2,6,'800-four.jpeg','Car Assignment Mitsumbushi Outlander (KCA 257U) Physical Damage 2','2016-06-19 10:50:46',0,1),(5,5,'6634-one.jpeg','Car Assignment Nissan Lannia (KBT 257P) Phyical Damage 1','2016-06-19 10:52:20',0,1);

/*Table structure for table `tbl_car_assignment` */

DROP TABLE IF EXISTS `tbl_car_assignment`;

CREATE TABLE `tbl_car_assignment` (
  `id` int(10) NOT NULL AUTO_INCREMENT,
  `car_id` int(10) NOT NULL,
  `user_id` int(10) NOT NULL,
  `company_id` int(10) NOT NULL,
  `spare_tire` int(10) NOT NULL DEFAULT '0',
  `fire_extinguisher` int(10) NOT NULL DEFAULT '0',
  `jerk` int(10) NOT NULL DEFAULT '0',
  `wheel_spanner` int(10) NOT NULL DEFAULT '0',
  `physical_damages` text,
  `no_physical_damages` int(10) NOT NULL DEFAULT '0',
  `mechanical_issues` text,
  `no_mechanical_issues` int(10) NOT NULL DEFAULT '0',
  `created_at` timestamp NOT NULL DEFAULT CURRENT_TIMESTAMP ON UPDATE CURRENT_TIMESTAMP,
  `email_sent` int(10) NOT NULL DEFAULT '0',
  `deleted_status` int(10) NOT NULL DEFAULT '0',
  `status` int(10) NOT NULL DEFAULT '1',
  PRIMARY KEY (`id`),
  KEY `car_id` (`car_id`),
  KEY `driver_id` (`user_id`),
  KEY `company_id` (`company_id`),
  CONSTRAINT `tbl_car_assignment_ibfk_1` FOREIGN KEY (`car_id`) REFERENCES `tbl_cars` (`id`) ON DELETE CASCADE ON UPDATE CASCADE,
  CONSTRAINT `tbl_car_assignment_ibfk_2` FOREIGN KEY (`user_id`) REFERENCES `tbl_users` (`id`) ON DELETE CASCADE ON UPDATE CASCADE,
  CONSTRAINT `tbl_car_assignment_ibfk_3` FOREIGN KEY (`company_id`) REFERENCES `tbl_companies` (`id`) ON DELETE CASCADE ON UPDATE CASCADE
) ENGINE=InnoDB AUTO_INCREMENT=7 DEFAULT CHARSET=latin1;

/*Data for the table `tbl_car_assignment` */

insert  into `tbl_car_assignment`(`id`,`car_id`,`user_id`,`company_id`,`spare_tire`,`fire_extinguisher`,`jerk`,`wheel_spanner`,`physical_damages`,`no_physical_damages`,`mechanical_issues`,`no_mechanical_issues`,`created_at`,`email_sent`,`deleted_status`,`status`) values (4,10,10,5,1,1,1,1,NULL,0,NULL,0,'2016-06-16 15:38:35',1,0,1),(5,11,12,5,1,1,1,1,'This are the physical damages of the car',0,'This are the mechanical issues of the car',0,'2016-06-05 12:16:15',1,0,1),(6,12,11,5,1,0,1,1,'This are the physical damages on the car',0,'This are the mechanical issues on the car',0,'2016-06-05 12:16:20',1,0,1);

/*Table structure for table `tbl_car_make` */

DROP TABLE IF EXISTS `tbl_car_make`;

CREATE TABLE `tbl_car_make` (
  `id` int(10) NOT NULL AUTO_INCREMENT,
  `title` varchar(50) NOT NULL,
  `is_default` int(10) NOT NULL DEFAULT '0',
  `status` int(10) NOT NULL DEFAULT '1',
  PRIMARY KEY (`id`)
) ENGINE=InnoDB AUTO_INCREMENT=27 DEFAULT CHARSET=latin1;

/*Data for the table `tbl_car_make` */

insert  into `tbl_car_make`(`id`,`title`,`is_default`,`status`) values (1,'Def',1,1),(2,'Volkswagen',0,1),(3,'Nissan',0,1),(4,'Mitsumbushi',0,1),(5,'Mercedes-benz',0,1),(6,'Mazda',0,1),(7,'Lexus',0,1),(8,'Landlover',0,1),(9,'Kia',0,1),(10,'Jeep',0,1),(11,'Jaguar',0,1),(12,'Hyundai',0,1),(13,'Hummer',0,1),(14,'Honda',0,1),(15,'Ford',0,1),(16,'Fiat',0,1),(17,'Ferrari',0,1),(18,'Daihatsu',0,1),(19,'Citroen',0,1),(20,'Daewoo',0,1),(21,'Chrystler',0,1),(22,'Chevrolet',0,1),(23,'Bmw',0,1),(24,'Audi',0,1),(25,'Suzuki',0,1),(26,'Toyota',0,1);

/*Table structure for table `tbl_car_mechanical_issues` */

DROP TABLE IF EXISTS `tbl_car_mechanical_issues`;

CREATE TABLE `tbl_car_mechanical_issues` (
  `id` int(10) NOT NULL AUTO_INCREMENT,
  `car_id` int(10) NOT NULL,
  `company_id` int(10) NOT NULL,
  `photo` varchar(50) NOT NULL,
  `description` text NOT NULL,
  `created_at` timestamp NOT NULL DEFAULT CURRENT_TIMESTAMP ON UPDATE CURRENT_TIMESTAMP,
  `deleted_status` int(10) NOT NULL DEFAULT '0',
  `status` int(10) NOT NULL DEFAULT '1',
  PRIMARY KEY (`id`),
  KEY `car_id` (`car_id`),
  KEY `tbl_car_mechanical_issues_ibfk_2` (`company_id`),
  CONSTRAINT `tbl_car_mechanical_issues_ibfk_1` FOREIGN KEY (`car_id`) REFERENCES `tbl_cars` (`id`) ON DELETE CASCADE ON UPDATE CASCADE,
  CONSTRAINT `tbl_car_mechanical_issues_ibfk_2` FOREIGN KEY (`company_id`) REFERENCES `tbl_companies` (`id`) ON DELETE CASCADE ON UPDATE CASCADE
) ENGINE=InnoDB AUTO_INCREMENT=5 DEFAULT CHARSET=latin1;

/*Data for the table `tbl_car_mechanical_issues` */

insert  into `tbl_car_mechanical_issues`(`id`,`car_id`,`company_id`,`photo`,`description`,`created_at`,`deleted_status`,`status`) values (2,12,5,'7610-one.jpeg','This is Mitsubishi Outlander (KCA 257U) Mechanical Issue 2','2016-06-17 11:33:27',0,1),(3,12,5,'8782-four.jpeg','This is Mitsubishi Outlander (KCA 257U) Mechanical Issue 3','2016-06-17 11:36:00',0,1),(4,11,5,'4507-five.jpeg','This is a mechanical issue of Nissan Lannia\r\n(KBT 257P) 1 ','2016-06-17 03:02:26',0,1);

/*Table structure for table `tbl_car_models` */

DROP TABLE IF EXISTS `tbl_car_models`;

CREATE TABLE `tbl_car_models` (
  `id` int(10) NOT NULL AUTO_INCREMENT,
  `make_id` int(10) NOT NULL,
  `title` varchar(50) NOT NULL,
  `is_default` int(10) NOT NULL DEFAULT '0',
  `status` int(10) NOT NULL DEFAULT '1',
  PRIMARY KEY (`id`),
  KEY `make_id` (`make_id`),
  CONSTRAINT `tbl_car_models_ibfk_1` FOREIGN KEY (`make_id`) REFERENCES `tbl_car_make` (`id`) ON DELETE CASCADE ON UPDATE CASCADE
) ENGINE=InnoDB AUTO_INCREMENT=3917 DEFAULT CHARSET=latin1;

/*Data for the table `tbl_car_models` */

insert  into `tbl_car_models`(`id`,`make_id`,`title`,`is_default`,`status`) values (1,1,'Def',1,1),(2,2,'Transporter t6\r',0,1),(3,2,'Touran\r',0,1),(4,2,'Sharan\r',0,1),(5,2,'Scirocco gts\r',0,1),(6,2,'Passat alltrack new\r',0,1),(7,2,'Caddy\r',0,1),(8,2,'Ibeetle\r',0,1),(9,2,'E-golf\r',0,1),(10,2,'Touareg\r',0,1),(11,2,'Sport coupe gte concept\r',0,1),(12,2,'Scirocco r\r',0,1),(13,2,'Scirocco\r',0,1),(14,2,'Polo r wrc racecar\r',0,1),(15,2,'Polo gti\r',0,1),(16,2,'Passat variant\r',0,1),(17,2,'Passat gte\r',0,1),(18,2,'Passat\r',0,1),(19,2,'Jetta\r',0,1),(20,2,'Golf tsi bluemotion\r',0,1),(21,2,'Golf sportsvan tsi bluemotion\r',0,1),(22,2,'Golf sportwagen\r',0,1),(23,2,'Golf r variant\r',0,1),(24,2,'Golf gti clubsport concept\r',0,1),(25,2,'Golf gte sport concept\r',0,1),(26,2,'Golf gte\r',0,1),(27,2,'Golf gtd variant\r',0,1),(28,2,'Golf alltrack\r',0,1),(29,2,'Gti supersport vision gran turismo concept\r',0,1),(30,2,'Cross coupe gte concept\r',0,1),(31,2,'C coupe gte concept\r',0,1),(32,2,'E-up\r',0,1),(33,2,'Xl sport concept\r',0,1),(34,2,'Xl1\r',0,1),(35,2,'Taigun concept\r',0,1),(36,2,'T-roc concept\r',0,1),(37,2,'Polo\r',0,1),(38,2,'New midsize coupe concept\r',0,1),(39,2,'Golf variant\r',0,1),(40,2,'Golf tdi bluemotion\r',0,1),(41,2,'Golf sportsvan\r',0,1),(42,2,'Golf r cabriolet\r',0,1),(43,2,'Golf r 400 concept\r',0,1),(44,2,'Golf r\r',0,1),(45,2,'Golf gti\r',0,1),(46,2,'Golf gtd\r',0,1),(47,2,'Golf 4motion\r',0,1),(48,2,'Gti roadster concept\r',0,1),(49,2,'Cross up\r',0,1),(50,2,'Crosspolo\r',0,1),(51,2,'Beetle dune concept\r',0,1),(52,2,'E-co-motion concept\r',0,1),(53,2,'Up 4-door\r',0,1),(54,2,'Up\r',0,1),(55,2,'Twin up concept\r',0,1),(56,2,'Touareg edition x\r',0,1),(57,2,'Scirocco gts\r',0,1),(58,2,'Santana\r',0,1),(59,2,'Polo r wrc\r',0,1),(60,2,'Polo bluegt\r',0,1),(61,2,'Passat alltrack\r',0,1),(62,2,'Lavida\r',0,1),(63,2,'Kombi last edition\r',0,1),(64,2,'Jetta hybrid\r',0,1),(65,2,'Golf sportsvan concept\r',0,1),(66,2,'Golf plus life\r',0,1),(67,2,'Golf mk vii uk-version\r',0,1),(68,2,'Golf gti cabriolet\r',0,1),(69,2,'Golf\r',0,1),(70,2,'Gol 2-door\r',0,1),(71,2,'Eco up\r',0,1),(72,2,'Design vision gti concept\r',0,1),(73,2,'Crossblue coupe concept\r',0,1),(74,2,'Crossblue concept\r',0,1),(75,2,'Caddy cross\r',0,1),(76,2,'Cc\r',0,1),(77,2,'Beetle tdi\r',0,1),(78,2,'Beetle r-line\r',0,1),(79,2,'Beetle gsr\r',0,1),(80,2,'Beetle fender edition\r',0,1),(81,2,'Beetle convertible\r',0,1),(82,2,'Tiguan\r',0,1),(83,2,'Taigun concept\r',0,1),(84,2,'Polo r wrc street concept\r',0,1),(85,2,'Polo r wrc concept\r',0,1),(86,2,'Passat us version\r',0,1),(87,2,'Jetta gli\r',0,1),(88,2,'Golf gti concept\r',0,1),(89,2,'Golf cabriolet\r',0,1),(90,2,'Golf bluemotion concept\r',0,1),(91,2,'E-bugster speedster concept\r',0,1),(92,2,'E-bugster concept\r',0,1),(93,2,'Cross coupe tdi concept\r',0,1),(94,2,'Beetle\r',0,1),(95,2,'Et concept\r',0,1),(96,2,'E-up concept\r',0,1),(97,2,'Xl1 concept\r',0,1),(98,2,'Touran\r',0,1),(99,2,'Touareg\r',0,1),(100,2,'Sharan\r',0,1),(101,2,'Race touareg 3 qatar concept\r',0,1),(102,2,'Polo saloon\r',0,1),(103,2,'Polo gti\r',0,1),(104,2,'Phaeton\r',0,1),(105,2,'Passat estate\r',0,1),(106,2,'Passat\r',0,1),(107,2,'Nils concept\r',0,1),(108,2,'Jetta eu version\r',0,1),(109,2,'Jetta\r',0,1),(110,2,'Golf r cabriolet concept\r',0,1),(111,2,'Golf gti edition 35\r',0,1),(112,2,'Golf gti cabriolet concept\r',0,1),(113,2,'Eos\r',0,1),(114,2,'Cross up concept\r',0,1),(115,2,'Cross coupe concept\r',0,1),(116,2,'Crosstouran\r',0,1),(117,2,'Crosspolo\r',0,1),(118,2,'Crossgolf\r',0,1),(119,2,'Bulli concept\r',0,1),(120,2,'Buggy up concept\r',0,1),(121,2,'Beetle r concept\r',0,1),(122,2,'Amarok\r',0,1),(123,2,'Scirocco r\r',0,1),(124,2,'Polo bluemotion\r',0,1),(125,2,'Polo 3-door\r',0,1),(126,2,'Polo\r',0,1),(127,2,'Passat cc r-line\r',0,1),(128,2,'New compact coupe concept\r',0,1),(129,2,'Milano taxi concept\r',0,1),(130,2,'London taxi concept\r',0,1),(131,2,'Golf blue-e-motion concept\r',0,1),(132,2,'Golf variant\r',0,1),(133,2,'Golf r\r',0,1),(134,2,'Golf gti us-version\r',0,1),(135,2,'Golf gti\r',0,1),(136,2,'Golf gtd\r',0,1),(137,2,'Berlin taxi concept\r',0,1),(138,2,'Up lite concept\r',0,1),(139,2,'Touareg north sails\r',0,1),(140,2,'Scirocco\r',0,1),(141,2,'Routan\r',0,1),(142,2,'Polo bluemotion concept\r',0,1),(143,2,'Phaeton\r',0,1),(144,2,'Passat cc\r',0,1),(145,2,'L1 concept\r',0,1),(146,2,'Golf plus\r',0,1),(147,2,'Golf\r',0,1),(148,2,'Gol\r',0,1),(149,2,'E-up concept\r',0,1),(150,2,'Bluesport concept\r',0,1),(151,2,'Touareg r50\r',0,1),(152,2,'Touareg bluetdi\r',0,1),(153,2,'Tiguan r-line\r',0,1),(154,2,'Tiguan prototype\r',0,1),(155,2,'Tiguan\r',0,1),(156,2,'Scirocco studie r concept\r',0,1),(157,2,'Pickup concept\r',0,1),(158,2,'Phaeton\r',0,1),(159,2,'Passat variant bluemotion\r',0,1),(160,2,'Passat cc performance concept\r',0,1),(161,2,'Golf variant\r',0,1),(162,2,'Golf gti concept\r',0,1),(163,2,'Golf bluemotion\r',0,1),(164,2,'Up concept\r',0,1),(165,2,'Touran\r',0,1),(166,2,'Touareg\r',0,1),(167,2,'Space up concept\r',0,1),(168,2,'Space up blue concept\r',0,1),(169,2,'Passat r36\r',0,1),(170,2,'Multivan startline\r',0,1),(171,2,'Golf variant rave 270 concept\r',0,1),(172,2,'Golf gti w12 650 concept\r',0,1),(173,2,'Golf gti pirelli\r',0,1),(174,2,'Eos\r',0,1),(175,2,'Crosstouran\r',0,1),(176,2,'Crossgolf\r',0,1),(177,2,'Tiguan concept\r',0,1),(178,2,'Thunder bunny concept\r',0,1),(179,2,'Rabbit\r',0,1),(180,2,'R gti concept\r',0,1),(181,2,'Polo gti\r',0,1),(182,2,'Polo bluemotion\r',0,1),(183,2,'Passat variant\r',0,1),(184,2,'Passat\r',0,1),(185,2,'Neeza concept\r',0,1),(186,2,'Jetta gli\r',0,1),(187,2,'Jetta 2.5\r',0,1),(188,2,'Jetta\r',0,1),(189,2,'Iroc concept\r',0,1),(190,2,'Golf gti edition 30\r',0,1),(191,2,'Golf gt\r',0,1),(192,2,'Gx3 concept\r',0,1),(193,2,'Eos\r',0,1),(194,2,'Crosspolo\r',0,1),(195,2,'Concept a\r',0,1),(196,2,'Touareg v6 tdi with exclusive equipment\r',0,1),(197,2,'Touareg v6 tdi\r',0,1),(198,2,'Touareg r gt\r',0,1),(199,2,'Touareg expedition\r',0,1),(200,2,'Polo fun\r',0,1),(201,2,'Passat r gt\r',0,1),(202,2,'New beetle ragster concept\r',0,1),(203,2,'New beetle\r',0,1),(204,2,'Jetta r gt\r',0,1),(205,2,'Golf speed\r',0,1),(206,2,'Golf r32\r',0,1),(207,2,'Golf plus\r',0,1),(208,2,'Fox 1.6\r',0,1),(209,2,'Fox 1.4\r',0,1),(210,2,'Fox 1.2\r',0,1),(211,2,'Fox\r',0,1),(212,2,'Ecoracer prototype\r',0,1),(213,2,'Touareg w12 sport\r',0,1),(214,2,'Sharan special\r',0,1),(215,2,'Racetouareg\r',0,1),(216,2,'Phaeton with long wheelbase\r',0,1),(217,2,'Phaeton v8 4.2 4motion\r',0,1),(218,2,'New beetle cabriolet dark flint limited edition\r',0,1),(219,2,'Golf gti 5-door\r',0,1),(220,2,'Golf gti\r',0,1),(221,2,'Golf\r',0,1),(222,2,'Concept t\r',0,1),(223,2,'Concept c\r',0,1),(224,2,'Touran\r',0,1),(225,2,'Touareg\r',0,1),(226,2,'Tarek\r',0,1),(227,2,'Polo sedan\r',0,1),(228,2,'Phaeton v10 tdi\r',0,1),(229,2,'Passat\r',0,1),(230,2,'New beetle sport edition\r',0,1),(231,2,'New beetle cabriolet\r',0,1),(232,2,'Golf gti concept\r',0,1),(233,2,'Concept r\r',0,1),(234,2,'Beetle last edition\r',0,1),(235,2,'1-litre car concept\r',0,1),(236,2,'Phaeton\r',0,1),(237,2,'Magellan concept\r',0,1),(238,2,'Golf r32\r',0,1),(239,2,'Golf cabriolet last edition\r',0,1),(240,2,'W12 coupe concept\r',0,1),(241,2,'Passat w8 variant\r',0,1),(242,2,'Passat w8\r',0,1),(243,2,'Microbus concept\r',0,1),(244,2,'Golf egeneration\r',0,1),(245,2,'Golf gti 25th anniversary\r',0,1),(246,2,'Passat variant\r',0,1),(247,2,'Passat\r',0,1),(248,2,'New beetle dune concept\r',0,1),(249,2,'Lupo gti\r',0,1),(250,2,'Aac concept\r',0,1),(251,3,'Titan xd\r',0,1),(252,3,'Maxima\r',0,1),(253,3,'Lannia\r',0,1),(254,3,'E-nv200\r',0,1),(255,3,'Versa sedan\r',0,1),(256,3,'Versa note sr\r',0,1),(257,3,'Sway concept\r',0,1),(258,3,'Pulsar\r',0,1),(259,3,'Murano\r',0,1),(260,3,'Juke nismo rsnow concept\r',0,1),(261,3,'Juke nismo rs\r',0,1),(262,3,'Juke-r 2.0 concept\r',0,1),(263,3,'Juke\r',0,1),(264,3,'Gt-r nismo\r',0,1),(265,3,'Gt-r lm nismo racecar\r',0,1),(266,3,'Gt-r\r',0,1),(267,3,'370z nismo roadster concept\r',0,1),(268,3,'370z nismo\r',0,1),(269,3,'Zeod rc\r',0,1),(270,3,'X-trail\r',0,1),(271,3,'Versa note\r',0,1),(272,3,'Sport sedan concept\r',0,1),(273,3,'Rogue\r',0,1),(274,3,'Qashqai\r',0,1),(275,3,'Pulsar nismo concept\r',0,1),(276,3,'Pathfinder hybrid\r',0,1),(277,3,'Note\r',0,1),(278,3,'Nv200 taxi\r',0,1),(279,3,'Micra\r',0,1),(280,3,'Leaf\r',0,1),(281,3,'Lannia concept\r',0,1),(282,3,'Kicks concept\r',0,1),(283,3,'Gt-r track edition\r',0,1),(284,3,'Gt-r\r',0,1),(285,3,'370z nismo\r',0,1),(286,3,'2020 vision gran turismo concept\r',0,1),(287,3,'Sentra nismo concept\r',0,1),(288,3,'Sentra\r',0,1),(289,3,'Resonance concept\r',0,1),(290,3,'Pathfinder\r',0,1),(291,3,'Murano\r',0,1),(292,3,'Juke nismo\r',0,1),(293,3,'Idx nismo concept\r',0,1),(294,3,'Idx freeflow concept\r',0,1),(295,3,'Gt-r\r',0,1),(296,3,'Friend-me concept\r',0,1),(297,3,'Bladeglider concept\r',0,1),(298,3,'Altima sedan\r',0,1),(299,3,'Almera\r',0,1),(300,3,'370z\r',0,1),(301,3,'E-nv200 concept\r',0,1),(302,3,'Versa sedan\r',0,1),(303,3,'Tiida\r',0,1),(304,3,'Terra concept\r',0,1),(305,3,'Sylphy concept\r',0,1),(306,3,'Sunny\r',0,1),(307,3,'Qashqai\r',0,1),(308,3,'Pathfinder concept\r',0,1),(309,3,'Murano\r',0,1),(310,3,'Micra elle\r',0,1),(311,3,'Micra dig-s\r',0,1),(312,3,'Maxima\r',0,1),(313,3,'Juke shiro\r',0,1),(314,3,'Juke nismo dark knight rises\r',0,1),(315,3,'Juke nismo concept\r',0,1),(316,3,'Juke ministry of sound\r',0,1),(317,3,'Invitation concept\r',0,1),(318,3,'Hi-cross concept\r',0,1),(319,3,'Gt-r track pack\r',0,1),(320,3,'Gt-r\r',0,1),(321,3,'Extrem concept\r',0,1),(322,3,'X-trail\r',0,1),(323,3,'Rogue\r',0,1),(324,3,'Quest\r',0,1),(325,3,'Pivo 3 concept\r',0,1),(326,3,'Patrol\r',0,1),(327,3,'Murano crosscabriolet\r',0,1),(328,3,'Murano\r',0,1),(329,3,'Micra\r',0,1),(330,3,'Leaf nismo rc concept\r',0,1),(331,3,'Leaf\r',0,1),(332,3,'Juke nismo concept\r',0,1),(333,3,'Juke-r concept\r',0,1),(334,3,'Juke\r',0,1),(335,3,'Gt-r egoist\r',0,1),(336,3,'Gt-r\r',0,1),(337,3,'Esflow concept\r',0,1),(338,3,'370z roadster\r',0,1),(339,3,'370z gt edition\r',0,1),(340,3,'370z\r',0,1),(341,3,'Townpod concept\r',0,1),(342,3,'Qashqai+2\r',0,1),(343,3,'Qashqai\r',0,1),(344,3,'Pathfinder\r',0,1),(345,3,'Navara\r',0,1),(346,3,'Nv200\r',0,1),(347,3,'Gt-r specv\r',0,1),(348,3,'Ellure concept\r',0,1),(349,3,'Cube\r',0,1),(350,3,'Altima sedan\r',0,1),(351,3,'Altima coupe\r',0,1),(352,3,'370z roadster\r',0,1),(353,3,'370z black edition\r',0,1),(354,3,'Xterra\r',0,1),(355,3,'Qazana concept\r',0,1),(356,3,'Qashqai+2\r',0,1),(357,3,'Pixo\r',0,1),(358,3,'Note\r',0,1),(359,3,'Murano\r',0,1),(360,3,'Maxima\r',0,1),(361,3,'Land glider concept\r',0,1),(362,3,'Frontier\r',0,1),(363,3,'370z\r',0,1),(364,3,'X-trail\r',0,1),(365,3,'Rogue\r',0,1),(366,3,'Pathfinder\r',0,1),(367,3,'Nuvu concept\r',0,1),(368,3,'Nv2500 concept\r',0,1),(369,3,'Gt-r gt500 race car\r',0,1),(370,3,'Gt-r\r',0,1),(371,3,'Forum concept\r',0,1),(372,3,'Denki cube concept\r',0,1),(373,3,'Altima coupe\r',0,1),(374,3,'Versa sedan\r',0,1),(375,3,'Versa hatchback\r',0,1),(376,3,'Sentra se-r\r',0,1),(377,3,'Round box concept\r',0,1),(378,3,'Qashqai\r',0,1),(379,3,'Pivo 2 concept\r',0,1),(380,3,'Nv200 concept\r',0,1),(381,3,'Mixim concept\r',0,1),(382,3,'Micra colour plus\r',0,1),(383,3,'Intima concept\r',0,1),(384,3,'Bevel concept\r',0,1),(385,3,'Altima hybrid\r',0,1),(386,3,'Altima\r',0,1),(387,3,'Urge concept\r',0,1),(388,3,'Terranaut concept\r',0,1),(389,3,'Note\r',0,1),(390,3,'350z\r',0,1),(391,3,'Zaroot concept\r',0,1),(392,3,'Xterra\r',0,1),(393,3,'Terrano\r',0,1),(394,3,'Sport concept\r',0,1),(395,3,'Primera\r',0,1),(396,3,'Pivo concept\r',0,1),(397,3,'Pickup\r',0,1),(398,3,'Patrol\r',0,1),(399,3,'Pathfinder eur\r',0,1),(400,3,'Pathfinder\r',0,1),(401,3,'Navara\r',0,1),(402,3,'Murano\r',0,1),(403,3,'Micra c+c\r',0,1),(404,3,'Micra 160sr\r',0,1),(405,3,'Micra\r',0,1),(406,3,'Lafesta\r',0,1),(407,3,'Gt-r proto concept\r',0,1),(408,3,'Frontier\r',0,1),(409,3,'Foria concept\r',0,1),(410,3,'Amenio concept\r',0,1),(411,3,'Altima ser\r',0,1),(412,3,'Altima\r',0,1),(413,3,'Almera tino\r',0,1),(414,3,'Azeal concept\r',0,1),(415,3,'350z roadster eur\r',0,1),(416,3,'350z eur\r',0,1),(417,3,'350z 35th anniversary\r',0,1),(418,3,'X-trail\r',0,1),(419,3,'Tone concept\r',0,1),(420,3,'Titan\r',0,1),(421,3,'Tiida\r',0,1),(422,3,'Sentra se-r\r',0,1),(423,3,'Sentra\r',0,1),(424,3,'Quest\r',0,1),(425,3,'Qashqai concept\r',0,1),(426,3,'Pathfinder armada se\r',0,1),(427,3,'Pathfinder armada\r',0,1),(428,3,'Murano\r',0,1),(429,3,'Maxima\r',0,1),(430,3,'Fuga 350gt\r',0,1),(431,3,'Frontier\r',0,1),(432,3,'Fairlady z roadster\r',0,1),(433,3,'Altima\r',0,1),(434,3,'Actic concept\r',0,1),(435,3,'350z roadster\r',0,1),(436,3,'Xterra\r',0,1),(437,3,'Teana\r',0,1),(438,3,'Skyline\r',0,1),(439,3,'Jikoo concept\r',0,1),(440,3,'Fuga concept\r',0,1),(441,3,'Effis concept\r',0,1),(442,3,'Dunehawk concept\r',0,1),(443,3,'Cube\r',0,1),(444,3,'350z\r',0,1),(445,3,'Yanya concept\r',0,1),(446,3,'Xtrail s\r',0,1),(447,3,'Xtrail gt\r',0,1),(448,3,'Xtrail\r',0,1),(449,3,'Quest concept\r',0,1),(450,3,'Micra c+c concept\r',0,1),(451,3,'Micra\r',0,1),(452,3,'Beeline concept\r',0,1),(453,3,'Gt-r concept\r',0,1),(454,3,'Chappo concept\r',0,1),(455,3,'Skyline gt-r v-spec ii\r',0,1),(456,3,'Fusion concept\r',0,1),(457,4,'Outlander\r',0,1),(458,4,'L200\r',0,1),(459,4,'Xr-phev ii concept\r',0,1),(460,4,'Gc-phev concept\r',0,1),(461,4,'Xr-phev concept\r',0,1),(462,4,'Outlander us-version\r',0,1),(463,4,'Mirage\r',0,1),(464,4,'Xr-phev concept\r',0,1),(465,4,'Outlander sport\r',0,1),(466,4,'Outlander\r',0,1),(467,4,'Gr-hev concept\r',0,1),(468,4,'Gc-phev concept\r',0,1),(469,4,'Ca-miev concept\r',0,1),(470,4,'Ar concept\r',0,1),(471,4,'I-miev us version\r',0,1),(472,4,'I-miev\r',0,1),(473,4,'Rvr\r',0,1),(474,4,'Outlander sport\r',0,1),(475,4,'Lancer evolution mr\r',0,1),(476,4,'Cuv\r',0,1),(477,4,'Asx\r',0,1),(478,4,'Shogun\r',0,1),(479,4,'Outlander gt\r',0,1),(480,4,'Lancer evolution x fq-400\r',0,1),(481,4,'I miev sport air concept\r',0,1),(482,4,'Px-miev concept\r',0,1),(483,4,'Outlander gt concept\r',0,1),(484,4,'Lancer sportback ralliart\r',0,1),(485,4,'Lancer sportback\r',0,1),(486,4,'Lancer ralliart\r',0,1),(487,4,'Galant fortis ralliart\r',0,1),(488,4,'Galant\r',0,1),(489,4,'Eclipse spyder gt\r',0,1),(490,4,'Eclipse gt\r',0,1),(491,4,'Colt 5-door\r',0,1),(492,4,'Colt\r',0,1),(493,4,'Racing lancer\r',0,1),(494,4,'Ra concept\r',0,1),(495,4,'Prototype-s concept\r',0,1),(496,4,'Outlander se\r',0,1),(497,4,'Outlander es\r',0,1),(498,4,'Lancer evolution x\r',0,1),(499,4,'Lancer es\r',0,1),(500,4,'Lancer\r',0,1),(501,4,'Colt czt\r',0,1),(502,4,'Colt cz3\r',0,1),(503,4,'Colt 5-door\r',0,1),(504,4,'I miev concept\r',0,1),(505,4,'Raider ls\r',0,1),(506,4,'Raider durocross\r',0,1),(507,4,'Prototype x concept\r',0,1),(508,4,'Pajero evolution\r',0,1),(509,4,'Pajero european specs\r',0,1),(510,4,'Outlander urban\r',0,1),(511,4,'Outlander\r',0,1),(512,4,'L200 single cab\r',0,1),(513,4,'L200 double cab\r',0,1),(514,4,'L200 club cab\r',0,1),(515,4,'Galant ralliart\r',0,1),(516,4,'Endeavor se\r',0,1),(517,4,'Eclipse spyder\r',0,1),(518,4,'Eclipse gt\r',0,1),(519,4,'Eclipse gs\r',0,1),(520,4,'Concept-cx\r',0,1),(521,4,'Concept-zt\r',0,1),(522,4,'Colt czc turbo\r',0,1),(523,4,'Colt czc\r',0,1),(524,4,'Raider xls v8\r',0,1),(525,4,'Raider xls\r',0,1),(526,4,'Raider durocross v8\r',0,1),(527,4,'Outlander se\r',0,1),(528,4,'Outlander concept\r',0,1),(529,4,'Lancer ralliart\r',0,1),(530,4,'Lancer evolution mr\r',0,1),(531,4,'Lancer evolution ix se\r',0,1),(532,4,'Galant gts\r',0,1),(533,4,'Evolander concept\r',0,1),(534,4,'Endeavor ltd\r',0,1),(535,4,'Eclipse gt v6\r',0,1),(536,4,'Concept-ct\r',0,1),(537,4,'Street raider concept\r',0,1),(538,4,'Montero gls 5door european version\r',0,1),(539,4,'Montero gls 3door european version\r',0,1),(540,4,'Montero\r',0,1),(541,4,'Lancer evolution wagon gt\r',0,1),(542,4,'Lancer evolution viii mr\r',0,1),(543,4,'Lancer evolution ix\r',0,1),(544,4,'Eclipse ralliart concept\r',0,1),(545,4,'Concept-x\r',0,1),(546,4,'Concept-sportback\r',0,1),(547,4,'Colt diesel\r',0,1),(548,4,'Colt czt\r',0,1),(549,4,'Colt cz3\r',0,1),(550,4,'Colt 5-door\r',0,1),(551,4,'Sport truck concept\r',0,1),(552,4,'Outlander turbo european version\r',0,1),(553,4,'Outlander\r',0,1),(554,4,'Montero sport\r',0,1),(555,4,'Montero\r',0,1),(556,4,'Lancer sportback ralliart\r',0,1),(557,4,'Lancer sportback ls\r',0,1),(558,4,'Lancer ralliart\r',0,1),(559,4,'Lancer evolution viii european version\r',0,1),(560,4,'Lancer evolution rs\r',0,1),(561,4,'Grandis european version\r',0,1),(562,4,'Galant ralliart concept\r',0,1),(563,4,'Galant\r',0,1),(564,4,'Endeavor ralliart concept\r',0,1),(565,4,'Endeavor\r',0,1),(566,4,'Eclipse concepte\r',0,1),(567,4,'Diamante\r',0,1),(568,4,'I concept\r',0,1),(569,4,'Outlander european version\r',0,1),(570,4,'Lancer evolution\r',0,1),(571,4,'Eclipse spyder\r',0,1),(572,4,'Eclipse\r',0,1),(573,4,'Canter 2.0t\r',0,1),(574,4,'Canter 3.5\r',0,1),(575,4,'Canter 3.5t\r',0,1),(576,4,'Canter 4\r',0,1),(577,4,'Canter 4.0t\r',0,1),(578,4,'Canter 413\r',0,1),(579,4,'Canter 515\r',0,1),(580,4,'Canter 55\r',0,1),(581,4,'Canter 615\r',0,1),(582,4,'Canter 715\r',0,1),(583,4,'Canter 815\r',0,1),(584,4,'Canter 915\r',0,1),(585,4,'Canter 918\r',0,1),(586,4,'Canter fe\r',0,1),(587,4,'Canter fe84d\r',0,1),(588,4,'Canter fe84p\r',0,1),(589,4,'Canter fg\r',0,1),(590,4,'Canter fg84\r',0,1),(591,4,'Canter fgb71\r',0,1),(592,4,'Fighter 1024\r',0,1),(593,4,'Fighter 1224\r',0,1),(594,4,'Fighter 1424\r',0,1),(595,4,'Fighter 1627\r',0,1),(596,4,'Fighter 2427\r',0,1),(597,4,'Fv500 \r',0,1),(598,4,'Fv51 \r',0,1),(599,4,'Fv54 \r',0,1),(600,4,'Fv54j \r',0,1),(601,4,'Fv54sjr \r',0,1),(602,4,'Mp35 \r',0,1),(603,4,'Mp37 \r',0,1),(604,4,'Pantech \r',0,1),(605,4,'Rosa \r',0,1),(606,4,'Super 515\r',0,1),(607,5,'S63 amg cabriolet new\r',0,1),(608,5,'S-class cabriolet new\r',0,1),(609,5,'C63 amg coupe\r',0,1),(610,5,'C-class coupe\r',0,1),(611,5,'S600 pullman maybach\r',0,1),(612,5,'S-class maybach\r',0,1),(613,5,'Gle coupe\r',0,1),(614,5,'Gle 63 amg\r',0,1),(615,5,'Gle63 amg coupe\r',0,1),(616,5,'Gle450 amg coupe\r',0,1),(617,5,'Gle\r',0,1),(618,5,'Glc\r',0,1),(619,5,'Cla shooting brake\r',0,1),(620,5,'Cla45 amg shooting brake\r',0,1),(621,5,'C450 amg 4matic estate\r',0,1),(622,5,'C450 amg 4matic\r',0,1),(623,5,'C350 plug-in hybrid estate\r',0,1),(624,5,'Amg gt s uk-version\r',0,1),(625,5,'Amg gt\r',0,1),(626,5,'A45 amg 4matic\r',0,1),(627,5,'A-class\r',0,1),(628,5,'Vision e concept\r',0,1),(629,5,'V-class\r',0,1),(630,5,'Sl mille miglia 417 edition\r',0,1),(631,5,'S65 amg coupe\r',0,1),(632,5,'S63 amg coupe\r',0,1),(633,5,'S600 guard\r',0,1),(634,5,'S600\r',0,1),(635,5,'S550 coupe\r',0,1),(636,5,'S500 plug-in hybrid\r',0,1),(637,5,'S-class coupe\r',0,1),(638,5,'Glc coupe concept\r',0,1),(639,5,'Gla uk-version\r',0,1),(640,5,'Gla45 amg\r',0,1),(641,5,'Gla-class\r',0,1),(642,5,'G500 4x4-2 concept\r',0,1),(643,5,'F015 luxury in motion concept\r',0,1),(644,5,'Cls shooting brake\r',0,1),(645,5,'Cls63 amg shooting brake\r',0,1),(646,5,'Cls63 amg\r',0,1),(647,5,'Cls-class\r',0,1),(648,5,'C63 s amg estate f1 medical car\r',0,1),(649,5,'C63 amg estate\r',0,1),(650,5,'C63 amg\r',0,1),(651,5,'C-class us-version\r',0,1),(652,5,'C-class estate\r',0,1),(653,5,'C-class\r',0,1),(654,5,'B-class electric drive\r',0,1),(655,5,'B-class\r',0,1),(656,5,'Amg gt s f1 safety car\r',0,1),(657,5,'Amg gt s dtm safety car\r',0,1),(658,5,'Amg gt3\r',0,1),(659,5,'Vision g-code concept\r',0,1),(660,5,'Sls amg gt final edition\r',0,1),(661,5,'Sls amg coupe electric drive\r',0,1),(662,5,'Sls amg black series\r',0,1),(663,5,'Sl63 amg nico rosberg edition\r',0,1),(664,5,'Sl63 amg lewis hamilton edition\r',0,1),(665,5,'S65 amg\r',0,1),(666,5,'S63 amg\r',0,1),(667,5,'S-class\r',0,1),(668,5,'E63 amg estate\r',0,1),(669,5,'E63 amg\r',0,1),(670,5,'E-class l\r',0,1),(671,5,'E-class estate\r',0,1),(672,5,'E-class coupe\r',0,1),(673,5,'E-class cabriolet\r',0,1),(674,5,'E-class\r',0,1),(675,5,'Coupe suv concept\r',0,1),(676,5,'Cls63 amg s-model\r',0,1),(677,5,'Cla45 amg\r',0,1),(678,5,'Cla250\r',0,1),(679,5,'Cla-class\r',0,1),(680,5,'C63 amg edition 507\r',0,1),(681,5,'A45 amg\r',0,1),(682,5,'Vision gran turismo concept\r',0,1),(683,5,'Sls amg gt roadster\r',0,1),(684,5,'Sls amg gt f1 safety car\r',0,1),(685,5,'Sls amg gt3 45th anniversary\r',0,1),(686,5,'Sls amg gt\r',0,1),(687,5,'Sl65 amg\r',0,1),(688,5,'Sl63 amg\r',0,1),(689,5,'Sl550\r',0,1),(690,5,'Sl500\r',0,1),(691,5,'Sl-class\r',0,1),(692,5,'S-class coupe concept\r',0,1),(693,5,'Glk350 4matic\r',0,1),(694,5,'Glk-class\r',0,1),(695,5,'Gla concept\r',0,1),(696,5,'Gla45 amg concept\r',0,1),(697,5,'Gl63 amg\r',0,1),(698,5,'Gl-class\r',0,1),(699,5,'G63 amg 6x6 concept\r',0,1),(700,5,'G63 amg\r',0,1),(701,5,'G550\r',0,1),(702,5,'G350 bluetec\r',0,1),(703,5,'G-class\r',0,1),(704,5,'E300 bluetec hybrid\r',0,1),(705,5,'Citan\r',0,1),(706,5,'Cls shooting brake\r',0,1),(707,5,'Cls63 amg shooting brake\r',0,1),(708,5,'A-class uk-version\r',0,1),(709,5,'A-class amg sport\r',0,1),(710,5,'A-class\r',0,1),(711,5,'Style coupe concept\r',0,1),(712,5,'Sls amg roadster\r',0,1),(713,5,'Slk55 amg\r',0,1),(714,5,'Slk350\r',0,1),(715,5,'Slk250 uk-version\r',0,1),(716,5,'Slk250 cdi\r',0,1),(717,5,'Slk-class\r',0,1),(718,5,'S350 bluetec 4matic\r',0,1),(719,5,'Ml63 amg\r',0,1),(720,5,'M-class\r',0,1),(721,5,'Ener-g-force concept\r',0,1),(722,5,'E63 amg wagon\r',0,1),(723,5,'E63 amg\r',0,1),(724,5,'Cls63 amg us version\r',0,1),(725,5,'Cls63 amg\r',0,1),(726,5,'Cls550\r',0,1),(727,5,'Cls350 cdi\r',0,1),(728,5,'Cls-class\r',0,1),(729,5,'C63 amg estate\r',0,1),(730,5,'C63 amg coupe black series dtm safety car\r',0,1),(731,5,'C63 amg coupe black series\r',0,1),(732,5,'C63 amg coupe\r',0,1),(733,5,'C63 amg\r',0,1),(734,5,'C-class uk version\r',0,1),(735,5,'C-class estate\r',0,1),(736,5,'C-class coupe\r',0,1),(737,5,'C-class\r',0,1),(738,5,'B-class uk-version\r',0,1),(739,5,'B-class electric drive concept\r',0,1),(740,5,'B-class\r',0,1),(741,5,'Vito e-cell\r',0,1),(742,5,'Vito\r',0,1),(743,5,'Viano\r',0,1),(744,5,'Silver arrow concept\r',0,1),(745,5,'Sls amg us version\r',0,1),(746,5,'Sls amg uk version\r',0,1),(747,5,'Sls amg gt3\r',0,1),(748,5,'Sls amg\r',0,1),(749,5,'Sl550 night edition\r',0,1),(750,5,'S63 amg\r',0,1),(751,5,'S600 pullman guard\r',0,1),(752,5,'R-class\r',0,1),(753,5,'Ml 63 amg\r',0,1),(754,5,'Gl-class grand edition\r',0,1),(755,5,'G-class edition select\r',0,1),(756,5,'G-class ba3 final edition\r',0,1),(757,5,'F125 concept\r',0,1),(758,5,'E550 cabriolet\r',0,1),(759,5,'E350 cabriolet\r',0,1),(760,5,'E350 4matic wagon\r',0,1),(761,5,'E-class l\r',0,1),(762,5,'E-class cabriolet uk version\r',0,1),(763,5,'E-class cabriolet\r',0,1),(764,5,'Cl65 amg\r',0,1),(765,5,'Cl63 amg\r',0,1),(766,5,'Cl500\r',0,1),(767,5,'Cl-class\r',0,1),(768,5,'C63 amg dtm safety car\r',0,1),(769,5,'C-class dr 520\r',0,1),(770,5,'B55 concept\r',0,1),(771,5,'B-class e-cell plus concept\r',0,1),(772,5,'A-class e-cell\r',0,1),(773,5,'A-class concept\r',0,1),(774,5,'Shooting break concept\r',0,1),(775,5,'Sls amg f1 safety car\r',0,1),(776,5,'Sls amg e-cell concept\r',0,1),(777,5,'S65 amg\r',0,1),(778,5,'S63 amg\r',0,1),(779,5,'S400 bluehybrid\r',0,1),(780,5,'S-class uk version\r',0,1),(781,5,'S-class amg sports package\r',0,1),(782,5,'S-class\r',0,1),(783,5,'Ml450 hybrid\r',0,1),(784,5,'Glk 350 4matic\r',0,1),(785,5,'Glk-class\r',0,1),(786,5,'Gl550\r',0,1),(787,5,'G-class uk version\r',0,1),(788,5,'F800 style concept\r',0,1),(789,5,'E63 amg estate\r',0,1),(790,5,'E63 amg\r',0,1),(791,5,'E550 coupe\r',0,1),(792,5,'E550\r',0,1),(793,5,'E350 coupe\r',0,1),(794,5,'E350\r',0,1),(795,5,'E-class estate uk-version\r',0,1),(796,5,'E-class estate amg sports package\r',0,1),(797,5,'E-class estate\r',0,1),(798,5,'E-class coupe uk version\r',0,1),(799,5,'E-class coupe\r',0,1),(800,5,'E-class amg sports package\r',0,1),(801,5,'E-class 4matic\r',0,1),(802,5,'E-class\r',0,1),(803,5,'Cl-class amg sports package\r',0,1),(804,5,'Biome concept\r',0,1),(805,5,'B-class f-cell\r',0,1),(806,5,'Sl 63 amg edition iwc\r',0,1),(807,5,'Slr stirling moss\r',0,1),(808,5,'Slr mclaren roadster 722 s\r',0,1),(809,5,'Slk 2look edition\r',0,1),(810,5,'Sl65 amg black series\r',0,1),(811,5,'Sl65 amg\r',0,1),(812,5,'Sl63 amg f1 safety car\r',0,1),(813,5,'Sl63 amg\r',0,1),(814,5,'Sl-class\r',0,1),(815,5,'S500 plug-in hybrid concept\r',0,1),(816,5,'S320 cdi blueefficiency\r',0,1),(817,5,'Ml 63 amg\r',0,1),(818,5,'Ml63 amg performance studio\r',0,1),(819,5,'Ml63 amg 10th anniversary\r',0,1),(820,5,'M-class\r',0,1),(821,5,'G55 amg\r',0,1),(822,5,'G-class\r',0,1),(823,5,'F-cell roadster concept\r',0,1),(824,5,'Cls grand edition\r',0,1),(825,5,'Cls 63 amg\r',0,1),(826,5,'Cls 280\r',0,1),(827,5,'Clc\r',0,1),(828,5,'C63 amg estate f1 medical car\r',0,1),(829,5,'Bluezero e-cell plus concept\r',0,1),(830,5,'Bluezero concept\r',0,1),(831,5,'B-class\r',0,1),(832,5,'A-class coupe\r',0,1),(833,5,'A-class\r',0,1),(834,5,'Vision glk bluetec hybrid concept\r',0,1),(835,5,'S 600 guard pullman\r',0,1),(836,5,'Sl 63 amg f1 safety car\r',0,1),(837,5,'Slr mclaren roadster\r',0,1),(838,5,'Slk 55 amg\r',0,1),(839,5,'Slk-class\r',0,1),(840,5,'R-class\r',0,1),(841,5,'Glk townside concept\r',0,1),(842,5,'Glk freeside concept\r',0,1),(843,5,'Fascination concept\r',0,1),(844,5,'Clk63 amg black series\r',0,1),(845,5,'Cl65 amg uk version\r',0,1),(846,5,'Cl65 amg\r',0,1),(847,5,'C63 amg estate\r',0,1),(848,5,'C63 amg\r',0,1),(849,5,'C-class estate\r',0,1),(850,5,'C-class\r',0,1),(851,5,'Vision c 220 bluetec concept\r',0,1),(852,5,'S 63 amg\r',0,1),(853,5,'S 600 guard\r',0,1),(854,5,'S 500 4matic\r',0,1),(855,5,'Slr 722 edition\r',0,1),(856,5,'Slk edition 10\r',0,1),(857,5,'Slk 55 amg black series\r',0,1),(858,5,'Sl-class sports package\r',0,1),(859,5,'S65 amg\r',0,1),(860,5,'S550\r',0,1),(861,5,'R 63 amg\r',0,1),(862,5,'Ocean drive concept\r',0,1),(863,5,'G-class\r',0,1),(864,5,'F700 concept\r',0,1),(865,5,'E-class executive\r',0,1),(866,5,'Cl 63 amg\r',0,1),(867,5,'Cl 600\r',0,1),(868,5,'Cl 500\r',0,1),(869,5,'Cls 63 amg\r',0,1),(870,5,'Cls 350 cgi\r',0,1),(871,5,'Cl-class amg styling\r',0,1),(872,5,'C-class dtm amg\r',0,1),(873,5,'Vision r 63 amg\r',0,1),(874,5,'Sl 65 amg\r',0,1),(875,5,'Sl 600\r',0,1),(876,5,'Sl 55 amg\r',0,1),(877,5,'Sl 500\r',0,1),(878,5,'Sl 350\r',0,1),(879,5,'Slk 55 amg ss\r',0,1),(880,5,'Sl-class\r',0,1),(881,5,'S-class\r',0,1),(882,5,'R500\r',0,1),(883,5,'R-class amg styling\r',0,1),(884,5,'Ml 63 amg\r',0,1),(885,5,'Ml500\r',0,1),(886,5,'Ml350\r',0,1),(887,5,'Gl 420 cdi\r',0,1),(888,5,'Gl450\r',0,1),(889,5,'Gl-class\r',0,1),(890,5,'E 63 amg estate\r',0,1),(891,5,'E 63 amg\r',0,1),(892,5,'E-class estate\r',0,1),(893,5,'E-class\r',0,1),(894,5,'Clk dtm amg cabriolet\r',0,1),(895,5,'Clk 63 amg cabriolet\r',0,1),(896,5,'Clk 63 amg\r',0,1),(897,5,'B200 turbo\r',0,1),(898,5,'B200 cdi\r',0,1),(899,5,'B150\r',0,1),(900,5,'Slk55 amg\r',0,1),(901,5,'Slk350\r',0,1),(902,5,'Slk200 kompressor\r',0,1),(903,5,'F 600 hygenius concept\r',0,1),(904,5,'E350 with sports equipment\r',0,1),(905,5,'Direct hybrid concept\r',0,1),(906,5,'Cls500\r',0,1),(907,5,'Clk designo by giorgio armani\r',0,1),(908,5,'Clk350\r',0,1),(909,5,'Clk320 cdi cabriolet avantgarde\r',0,1),(910,5,'Bluetec hybrid concept\r',0,1),(911,5,'Bionic concept car\r',0,1),(912,5,'A 200 turbo\r',0,1),(913,5,'Aclass\r',0,1),(914,5,'A200 elegance 5door\r',0,1),(915,5,'A200 cdi avantgarde 5door\r',0,1),(916,5,'A200 avantgarde 3door\r',0,1),(917,5,'A180 cdi 3door\r',0,1),(918,5,'A170 classic 5door\r',0,1),(919,5,'Vision grand sports tourer concept\r',0,1),(920,5,'Slr mclaren\r',0,1),(921,5,'Slk prototype\r',0,1),(922,5,'Slk55 amg f1 safety car\r',0,1),(923,5,'Sl65 amg\r',0,1),(924,5,'S65 amg\r',0,1),(925,5,'Grand sports tourer vision r concept\r',0,1),(926,5,'G55 amg kompressor\r',0,1),(927,5,'E350 estate\r',0,1),(928,5,'Compact sports tourer vision b concept\r',0,1),(929,5,'Clk dtm amg\r',0,1),(930,5,'Clk cabriolet\r',0,1),(931,5,'Cclass\r',0,1),(932,5,'C55 amg\r',0,1),(933,5,'C320 sport coupe\r',0,1),(934,5,'C220 cdi avantgarde\r',0,1),(935,5,'C200 cgi estate elegance\r',0,1),(936,5,'Vision cls concept\r',0,1),(937,5,'Slk final edition\r',0,1),(938,5,'Sl600\r',0,1),(939,5,'Sl55 amg with performance package\r',0,1),(940,5,'Sl55 amg f1 safety car\r',0,1),(941,5,'Sl55 amg\r',0,1),(942,5,'Sl500\r',0,1),(943,5,'Sl350 mille miglia edition\r',0,1),(944,5,'Sl350\r',0,1),(945,5,'S500 4matic\r',0,1),(946,5,'F 500 concept\r',0,1),(947,5,'F500 mind concept\r',0,1),(948,5,'E320 estate avantgarde\r',0,1),(949,5,'E320 cdi estate elegance\r',0,1),(950,5,'E200 kompressor estate classic\r',0,1),(951,5,'Clk55 cabriolet amg\r',0,1),(952,5,'Clk55 amg f1 safety car\r',0,1),(953,5,'Cl65 amg\r',0,1),(954,5,'Cl600\r',0,1),(955,5,'Cl55 amg\r',0,1),(956,5,'Vision gst concept\r',0,1),(957,5,'Slkclass special edition\r',0,1),(958,5,'Slk32 amg\r',0,1),(959,5,'E320\r',0,1),(960,5,'Clk55 amg\r',0,1),(961,5,'Sl500\r',0,1),(962,5,'S-class pullman limousine w220\r',0,1),(963,5,'F 400 carving concept\r',0,1),(964,5,'C-class\r',0,1),(965,5,'Vision sla concept\r',0,1),(966,5,'Slkclass\r',0,1),(967,5,'Slk320\r',0,1),(968,5,'Slk200 kompressor\r',0,1),(969,5,'S-class\r',0,1),(970,5,'Ml55 amg\r',0,1),(971,5,'E55 amg\r',0,1),(972,5,'Clk430 cabriolet\r',0,1),(973,5,'Cl55 amg f1 safety car\r',0,1),(974,5,'Cl55 amg f1 limited edition\r',0,1),(975,5,'Cl55 amg\r',0,1),(976,5,'Cl500\r',0,1),(977,6,'Mx-5 club\r',0,1),(978,6,'Mx-5\r',0,1),(979,6,'Cx-5\r',0,1),(980,6,'Cx-3\r',0,1),(981,6,'6\r',0,1),(982,6,'Mx-5 accessories design concept\r',0,1),(983,6,'2\r',0,1),(984,6,'Mx-5 25th anniversary\r',0,1),(985,6,'Hazumi concept\r',0,1),(986,6,'3 sedan\r',0,1),(987,6,'3\r',0,1),(988,6,'Mx-5 sport graphite\r',0,1),(989,6,'Mx-5 roadster coupe\r',0,1),(990,6,'Mx-5\r',0,1),(991,6,'Cx-9\r',0,1),(992,6,'Cx-5\r',0,1),(993,6,'6 wagon\r',0,1),(994,6,'6 sedan\r',0,1),(995,6,'5\r',0,1),(996,6,'3 mps\r',0,1),(997,6,'Mx-5 super 25 concept\r',0,1),(998,6,'Mx-5 kuro\r',0,1),(999,6,'Mx-5 gt concept\r',0,1),(1000,6,'Cx-5 urban concept\r',0,1),(1001,6,'Cx-5 dempsey concept\r',0,1),(1002,6,'Cx-5 180 concept\r',0,1),(1003,6,'Bt-50\r',0,1),(1004,6,'3 sedan\r',0,1),(1005,6,'3 mps\r',0,1),(1006,6,'3\r',0,1),(1007,6,'Takeri concept\r',0,1),(1008,6,'Minagi concept\r',0,1),(1009,6,'Mx-5 spyder concept\r',0,1),(1010,6,'Mx-5 miata special edition\r',0,1),(1011,6,'Mx-5 gt race car\r',0,1),(1012,6,'6 wagon\r',0,1),(1013,6,'6\r',0,1),(1014,6,'5\r',0,1),(1015,6,'2\r',0,1),(1016,6,'Shinari concept\r',0,1),(1017,6,'Cx-7\r',0,1),(1018,6,'3 i-stop\r',0,1),(1019,6,'3 sedan\r',0,1),(1020,6,'3 mps\r',0,1),(1021,6,'3\r',0,1),(1022,6,'Rx-8\r',0,1),(1023,6,'Mx-5 superlight concept\r',0,1),(1024,6,'Mx-5\r',0,1),(1025,6,'Cx9\r',0,1),(1026,6,'Bt-50\r',0,1),(1027,6,'6 us-spec\r',0,1),(1028,6,'6 sap wagon\r',0,1),(1029,6,'6 sap\r',0,1),(1030,6,'2 3-door\r',0,1),(1031,6,'Tribute hybrid-electric vehicle\r',0,1),(1032,6,'Premacy\r',0,1),(1033,6,'Mx-5 niseko\r',0,1),(1034,6,'Kiyora concept\r',0,1),(1035,6,'Kazamai concept\r',0,1),(1036,6,'Furai concept\r',0,1),(1037,6,'6 wagon\r',0,1),(1038,6,'6 sedan\r',0,1),(1039,6,'6 hatchback\r',0,1),(1040,6,'5\r',0,1),(1041,6,'2 sedan\r',0,1),(1042,6,'2\r',0,1),(1043,6,'Taiki concept\r',0,1),(1044,6,'Ryuga concept\r',0,1),(1045,6,'Hakaze concept\r',0,1),(1046,6,'Cx-9\r',0,1),(1047,6,'Cx-7\r',0,1),(1048,6,'Nagare concept\r',0,1),(1049,6,'Mx5\r',0,1),(1050,6,'Mx-5 roadster coupe\r',0,1),(1051,6,'Kabura concept\r',0,1),(1052,6,'Bt-50\r',0,1),(1053,6,'6 mps\r',0,1),(1054,6,'3 mps\r',0,1),(1055,6,'3 facelift\r',0,1),(1056,6,'Tribute\r',0,1),(1057,6,'Senku concept\r',0,1),(1058,6,'Sassou concept\r',0,1),(1059,6,'Roadster\r',0,1),(1060,6,'Atenza sport wagon\r',0,1),(1061,6,'Atenza\r',0,1),(1062,6,'6 wagon facelift\r',0,1),(1063,6,'6 facelift\r',0,1),(1064,6,'Mazdaspeed mx5\r',0,1),(1065,6,'Mxmicro sport concept\r',0,1),(1066,6,'Mxflexa concept\r',0,1),(1067,6,'Mxcrossport concept\r',0,1),(1068,6,'Mpv european version\r',0,1),(1069,6,'Mpv es\r',0,1),(1070,6,'B2500\r',0,1),(1071,6,'6 mps\r',0,1),(1072,6,'5 european version\r',0,1),(1073,6,'3 sedan\r',0,1),(1074,6,'3 5door\r',0,1),(1075,6,'Washu concept\r',0,1),(1076,6,'Tribute\r',0,1),(1077,6,'Rx8 xmen\r',0,1),(1078,6,'Rx-8 hydrogen concept\r',0,1),(1079,6,'Rx-8 dingo art\r',0,1),(1080,6,'Rx-8\r',0,1),(1081,6,'Mx sportif concept\r',0,1),(1082,6,'Kusabi concept\r',0,1),(1083,6,'Ibuki concept\r',0,1),(1084,6,'Demio stardust pink limited edition\r',0,1),(1085,6,'2\r',0,1),(1086,6,'Mx sport runabout concept\r',0,1),(1087,6,'B2500\r',0,1),(1088,6,'6 wagon\r',0,1),(1089,6,'6 sport\r',0,1),(1090,6,'6 sedan\r',0,1),(1091,6,'6 mps concept\r',0,1),(1092,6,'6 awd\r',0,1),(1093,6,'Rx-8 concept\r',0,1),(1094,6,'Mx sport tourer concept\r',0,1),(1095,6,'Mx-5 mps concept\r',0,1),(1096,6,'Xedos 9\r',0,1),(1097,6,'Mx5\r',0,1),(1098,6,'Demio\r',0,1),(1099,6,'323f\r',0,1),(1100,6,'323\r',0,1),(1101,7,'Rx 450h',0,1),(1102,7,'Rx 350 f sport',0,1),(1103,7,'Lx 570',0,1),(1104,7,'Is f-sport us-v',0,1),(1105,7,'Gs f',0,1),(1106,7,'Gs 200t',0,1),(1107,7,'Es',0,1),(1108,7,'Rc f sport',0,1),(1109,7,'Rc f',0,1),(1110,7,'Rc',0,1),(1111,7,'Nx',0,1),(1112,7,'Lf-sa concept',0,1),(1113,7,'Rc f gt3 concep',0,1),(1114,7,'Lf-c2 concept',0,1),(1115,7,'Is us-version',0,1),(1116,7,'Is',0,1),(1117,7,'Gx 460',0,1),(1118,7,'Gs 300h',0,1),(1119,7,'Ct 200h',0,1),(1120,7,'Rx 450h f sport',0,1),(1121,7,'Rx 450h',0,1),(1122,7,'Rx 350 f sport',0,1),(1123,7,'Rx 350',0,1),(1124,7,'Lx 570',0,1),(1125,7,'Ls eu-version',0,1),(1126,7,'Ls 600h l',0,1),(1127,7,'Ls 460 f sport',0,1),(1128,7,'Ls 460',0,1),(1129,7,'Lf-nx concept',0,1),(1130,7,'Gs 450h f sport',0,1),(1131,7,'Gs 450h',0,1),(1132,7,'Gs 350 f sport',0,1),(1133,7,'Gs 350',0,1),(1134,7,'Gs 250',0,1),(1135,7,'Es 300h',0,1),(1136,7,'Es350',0,1),(1137,7,'Lfa nurburgring',0,1),(1138,7,'Lf-lc concept',0,1),(1139,7,'Lf-lc blue conc',0,1),(1140,7,'Lf-cc concept',0,1),(1141,7,'Ls 600h l landa',0,1),(1142,7,'Lfa',0,1),(1143,7,'Lf-gh concept',0,1),(1144,7,'Is 350 f sport',0,1),(1145,7,'Is 350',0,1),(1146,7,'Ct 200h',0,1),(1147,7,'Sc 430',0,1),(1148,7,'Rx 450h',0,1),(1149,7,'Rx 350',0,1),(1150,7,'Ls 600h',0,1),(1151,7,'Ls 460 sport',0,1),(1152,7,'Ls 460 l',0,1),(1153,7,'Is convertible',0,1),(1154,7,'Is250c',0,1),(1155,7,'Hs 250h',0,1),(1156,7,'Gx 460',0,1),(1157,7,'Gs 460',0,1),(1158,7,'Gs 450h',0,1),(1159,7,'Gs 350',0,1),(1160,7,'Es 350',0,1),(1161,7,'Sc430 pebble be',0,1),(1162,7,'Ls 600h l',0,1),(1163,7,'Ls600h l pebble',0,1),(1164,7,'Ls460 awd',0,1),(1165,7,'Lf-ch concept',0,1),(1166,7,'Is 350',0,1),(1167,7,'Gx 470',0,1),(1168,7,'Gs 460',0,1),(1169,7,'Gs 450h',0,1),(1170,7,'Gs 350',0,1),(1171,7,'Lx 570',0,1),(1172,7,'Ls 600h l',0,1),(1173,7,'Lf-a roadster c',0,1),(1174,7,'Is-f eu version',0,1),(1175,7,'Is-f',0,1),(1176,7,'Ls 460l',0,1),(1177,7,'Ls 460',0,1),(1178,7,'Lf-xh concept',0,1),(1179,7,'Lf-a concept',0,1),(1180,7,'Es 350',0,1),(1181,7,'Sc 430',0,1),(1182,7,'Is350',0,1),(1183,7,'Gs 450h',0,1),(1184,7,'Gs430',0,1),(1185,7,'Rx400h',0,1),(1186,7,'Rx330 thundercl',0,1),(1187,7,'Lfa concept',0,1),(1188,7,'Is250 european',0,1),(1189,7,'Es330',0,1),(1190,7,'Sc430 pebble be',0,1),(1191,7,'Rx330',0,1),(1192,7,'Ls430 european',0,1),(1193,7,'Ls430',0,1),(1194,7,'Lfc concept',0,1),(1195,7,'Is300 sportdesi',0,1),(1196,7,'Gs430',0,1),(1197,7,'Gs300',0,1),(1198,7,'Es330 sport des',0,1),(1199,7,'Lx470',0,1),(1200,7,'Is430 project',0,1),(1201,7,'Gx470',0,1),(1202,7,'Sc430',0,1),(1203,7,'Minority report',0,1),(1204,7,'Ls430',0,1),(1205,7,'Sc430 pace car',0,1),(1206,7,'Ls430',0,1),(1207,7,'Sport coupe con',0,1),(1208,8,'Range rover sport hst\r',0,1),(1209,8,'Range rover sv autobiography\r',0,1),(1210,8,'Range rover evoque\r',0,1),(1211,8,'Range rover sport svr\r',0,1),(1212,8,'Range rover hybrid\r',0,1),(1213,8,'Range rover evoque autobiography dynamic\r',0,1),(1214,8,'Discovery sport\r',0,1),(1215,8,'Discovery\r',0,1),(1216,8,'Defender 2.000.000\r',0,1),(1217,8,'Range rover sport\r',0,1),(1218,8,'Range rover lwb\r',0,1),(1219,8,'Discovery xxv edition\r',0,1),(1220,8,'Discovery vision concept\r',0,1),(1221,8,'Discovery\r',0,1),(1222,8,'Range rover sport\r',0,1),(1223,8,'Range rover evoque black design\r',0,1),(1224,8,'Range rover\r',0,1),(1225,8,'Freelander 2\r',0,1),(1226,8,'Defender electric concept\r',0,1),(1227,8,'Defender\r',0,1),(1228,8,'Range rover sport\r',0,1),(1229,8,'Range rover evoque victoria beckham\r',0,1),(1230,8,'Range rover evoque convertible concept\r',0,1),(1231,8,'Range rover evoque 5-door\r',0,1),(1232,8,'Range rover autobiography ultimate edition\r',0,1),(1233,8,'Range rover\r',0,1),(1234,8,'Range e concept\r',0,1),(1235,8,'Range rover evoque\r',0,1),(1236,8,'Range rover autobiography black\r',0,1),(1237,8,'Range rover\r',0,1),(1238,8,'Freelander 2\r',0,1),(1239,8,'Discovery 4 armoured\r',0,1),(1240,8,'Defender x-tech\r',0,1),(1241,8,'Dc100 sport concept\r',0,1),(1242,8,'Dc100 concept\r',0,1),(1243,8,'Range rover sport autobiography\r',0,1),(1244,8,'Range rover sport\r',0,1),(1245,8,'Range rover\r',0,1),(1246,8,'Freelander 2 sport\r',0,1),(1247,8,'Discovery 4\r',0,1),(1248,8,'Freelander 2 td4 e\r',0,1),(1249,8,'Discovery 3\r',0,1),(1250,8,'Lrx geneva concept\r',0,1),(1251,8,'Lrx concept\r',0,1),(1252,8,'Lr2 hse\r',0,1),(1253,8,'Defender svx\r',0,1),(1254,8,'Lr2\r',0,1),(1255,8,'Freelander 2\r',0,1),(1256,8,'Supercharged range rover\r',0,1),(1257,8,'Range rover sport diesel\r',0,1),(1258,8,'Range rover sport\r',0,1),(1259,8,'Land e concept\r',0,1),(1260,8,'Lr3\r',0,1),(1261,8,'Discovery 3\r',0,1),(1262,8,'Range stormer concept\r',0,1),(1263,8,'Range rover autobiography\r',0,1),(1264,8,'Freelander td4 5door\r',0,1),(1265,8,'Freelander td4 3door\r',0,1),(1266,8,'Range rover\r',0,1),(1267,8,'Freelander se3\r',0,1),(1268,8,'Freelander\r',0,1),(1269,8,'Range rover\r',0,1),(1270,8,'Freelander callaway\r',0,1),(1271,8,'Freelander\r',0,1),(1272,8,'Range rover\r',0,1),(1273,9,'Sportage new\r',0,1),(1274,9,'Rio sedan\r',0,1),(1275,9,'Rio 5-door\r',0,1),(1276,9,'Optima\r',0,1),(1277,9,'Ceed\r',0,1),(1278,9,'Trailster concept\r',0,1),(1279,9,'Sportspace concept\r',0,1),(1280,9,'Soul ev\r',0,1),(1281,9,'Sorento\r',0,1),(1282,9,'Sedona\r',0,1),(1283,9,'Novo concept\r',0,1),(1284,9,'K900\r',0,1),(1285,9,'Sportage\r',0,1),(1286,9,'Soul eu-version\r',0,1),(1287,9,'Soul\r',0,1),(1288,9,'Sorento\r',0,1),(1289,9,'Pro ceed gt\r',0,1),(1290,9,'Pro ceed\r',0,1),(1291,9,'Optima hybrid\r',0,1),(1292,9,'Optima eu-version\r',0,1),(1293,9,'Optima\r',0,1),(1294,9,'Gt4 stinger concept\r',0,1),(1295,9,'Forte koup\r',0,1),(1296,9,'Forte 5-door\r',0,1),(1297,9,'Forte\r',0,1),(1298,9,'Cerato\r',0,1),(1299,9,'Ceed gt\r',0,1),(1300,9,'Cadenza\r',0,1),(1301,9,'Sorento eu-version\r',0,1),(1302,9,'Sorento\r',0,1),(1303,9,'Provo concept\r',0,1),(1304,9,'Niro concept\r',0,1),(1305,9,'K9\r',0,1),(1306,9,'Cross gt concept\r',0,1),(1307,9,'Ceed sw\r',0,1),(1308,9,'Ceed\r',0,1),(1309,9,'Carens\r',0,1),(1310,9,'Cub concept\r',0,1),(1311,9,'Trackster concept\r',0,1),(1312,9,'Soul\r',0,1),(1313,9,'Rio sedan\r',0,1),(1314,9,'Rio 3-door\r',0,1),(1315,9,'Rio\r',0,1),(1316,9,'Ray ev\r',0,1),(1317,9,'Ray\r',0,1),(1318,9,'Picanto 3-door\r',0,1),(1319,9,'Picanto\r',0,1),(1320,9,'K2\r',0,1),(1321,9,'Grand vq-r\r',0,1),(1322,9,'Sportage sx\r',0,1),(1323,9,'Sportage\r',0,1),(1324,9,'Sorento\r',0,1),(1325,9,'Pro ceed\r',0,1),(1326,9,'Optima hybrid\r',0,1),(1327,9,'Optima\r',0,1),(1328,9,'Naimo concept\r',0,1),(1329,9,'Kv7 concept\r',0,1),(1330,9,'Gt concept\r',0,1),(1331,9,'Forte 5-door\r',0,1),(1332,9,'Cadenza\r',0,1),(1333,9,'Venga ev concept\r',0,1),(1334,9,'Venga\r',0,1),(1335,9,'Soul\r',0,1),(1336,9,'Sorento\r',0,1),(1337,9,'Ray plug-in hybrid concept\r',0,1),(1338,9,'Pop concept\r',0,1),(1339,9,'Forte koup\r',0,1),(1340,9,'Forte\r',0,1),(1341,9,'Ceed sw\r',0,1),(1342,9,'Ceed\r',0,1),(1343,9,'Vg concept\r',0,1),(1344,9,'Soulster concept\r',0,1),(1345,9,'Soul\r',0,1),(1346,9,'Optima\r',0,1),(1347,9,'No3 concept\r',0,1),(1348,9,'Magentis\r',0,1),(1349,9,'Borrego\r',0,1),(1350,9,'Eco ceed concept\r',0,1),(1351,9,'Soul burner concept\r',0,1),(1352,9,'Pro-cee-d\r',0,1),(1353,9,'Picanto\r',0,1),(1354,9,'Koup concept\r',0,1),(1355,9,'Ex cee-d cabrio concept\r',0,1),(1356,9,'Cee-d\r',0,1),(1357,9,'Sports coupe concept\r',0,1),(1358,9,'Rondo sx concept\r',0,1),(1359,9,'Rondo\r',0,1),(1360,9,'Kue concept\r',0,1),(1361,9,'Kee concept\r',0,1),(1362,9,'Knd-4 concept\r',0,1),(1363,9,'Ceed sporty wagon\r',0,1),(1364,9,'Carens\r',0,1),(1365,9,'Sportage\r',0,1),(1366,9,'Spectra5\r',0,1),(1367,9,'Spectra\r',0,1),(1368,9,'Soul concept\r',0,1),(1369,9,'Sedona\r',0,1),(1370,9,'Rio5\r',0,1),(1371,9,'Rio\r',0,1),(1372,9,'Optima\r',0,1),(1373,9,'Multi-s concept\r',0,1),(1374,9,'Amanti\r',0,1),(1375,9,'Sorento\r',0,1),(1376,9,'Opirus\r',0,1),(1377,9,'Kcv4 mojave concept\r',0,1),(1378,9,'Sorento\r',0,1),(1379,9,'Kcd1 slice concept\r',0,1),(1380,10,'Renegade\r',0,1),(1381,10,'Wrangler willys wheeler\r',0,1),(1382,10,'Wrangler sundancer concept\r',0,1),(1383,10,'Wrangler polar\r',0,1),(1384,10,'Renegade zi you xia concept\r',0,1),(1385,10,'Patriot\r',0,1),(1386,10,'Grand cherokee srt\r',0,1),(1387,10,'Grand cherokee eu-version\r',0,1),(1388,10,'Grand cherokee\r',0,1),(1389,10,'Compass\r',0,1),(1390,10,'Cherokee urbane concept\r',0,1),(1391,10,'Cherokee sageland concept\r',0,1),(1392,10,'Cherokee eu-version\r',0,1),(1393,10,'Cherokee\r',0,1),(1394,10,'Wrangler unlimited moab\r',0,1),(1395,10,'Wrangler rubicon 10th anniversary\r',0,1),(1396,10,'Grand cherokee trailhawk\r',0,1),(1397,10,'Wrangler unlimited altitude\r',0,1),(1398,10,'Wrangler freedom edition\r',0,1),(1399,10,'Wrangler dragon concept\r',0,1),(1400,10,'Wrangler call of duty mw3\r',0,1),(1401,10,'Wrangler arctic\r',0,1),(1402,10,'Wrangler\r',0,1),(1403,10,'Liberty arctic\r',0,1),(1404,10,'Grand cherokee srt8\r',0,1),(1405,10,'Grand cherokee concept\r',0,1),(1406,10,'Wrangler mojave\r',0,1),(1407,10,'Wrangler call of duty black ops\r',0,1),(1408,10,'Wrangler\r',0,1),(1409,10,'Patriot\r',0,1),(1410,10,'Grand cherokee uk version\r',0,1),(1411,10,'Grand cherokee\r',0,1),(1412,10,'Compass\r',0,1),(1413,10,'Wrangler unlimited ev\r',0,1),(1414,10,'Patriot ev\r',0,1),(1415,10,'Wrangler unlimited uk version\r',0,1),(1416,10,'Wrangler uk version\r',0,1),(1417,10,'Renegade concept\r',0,1),(1418,10,'Patriot back country concept\r',0,1),(1419,10,'Liberty\r',0,1),(1420,10,'Grand cherokee s-limited uk version\r',0,1),(1421,10,'Grand cherokee overland uk version\r',0,1),(1422,10,'Grand cherokee\r',0,1),(1423,10,'Ev concept\r',0,1),(1424,10,'Cherokee\r',0,1),(1425,10,'Wrangler unlimited\r',0,1),(1426,10,'Wrangler rubicon\r',0,1),(1427,10,'Trailhawk concept\r',0,1),(1428,10,'Patriot uk version\r',0,1),(1429,10,'Patriot\r',0,1),(1430,10,'Grand cherokee uk version\r',0,1),(1431,10,'Grand cherokee srt-8 uk version\r',0,1),(1432,10,'Compass uk version\r',0,1),(1433,10,'Compass\r',0,1),(1434,10,'Commander uk version\r',0,1),(1435,10,'Grand cherokee srt8\r',0,1),(1436,10,'Commander 4x4 limited 5.7 hemi\r',0,1),(1437,10,'Wrangler uk version\r',0,1),(1438,10,'Patriot concept\r',0,1),(1439,10,'Liberty renegade 3.7\r',0,1),(1440,10,'Liberty crd limited\r',0,1),(1441,10,'Hurricane concept\r',0,1),(1442,10,'Grand cherokee 5.7 limited\r',0,1),(1443,10,'Gladiator concept\r',0,1),(1444,10,'Compass concept\r',0,1),(1445,10,'Cherokee uk version\r',0,1),(1446,10,'Wrangler unlimited\r',0,1),(1447,10,'Rescue concept\r',0,1),(1448,10,'Treo concept\r',0,1),(1449,10,'Grand cherokee uk version\r',0,1),(1450,10,'Cherokee uk version\r',0,1),(1451,10,'Cherokee renegade\r',0,1),(1452,10,'Willys2 concept\r',0,1),(1453,10,'Compass concept\r',0,1),(1454,10,'Grand cherokee uk version\r',0,1),(1455,10,'Wrangler\r',0,1),(1456,10,'Cherokee uk version\r',0,1),(1457,10,'Grand cherokee uk version\r',0,1),(1458,10,'Cherokee uk version\r',0,1),(1459,10,'Cherokee uk version\r',0,1),(1460,10,'Wrangler\r',0,1),(1461,10,'Comanche\r',0,1),(1462,10,'Cherokee\r',0,1),(1463,10,'Scrambler cj-8\r',0,1),(1464,10,'Wagoneer limited\r',0,1),(1465,10,'Cj-7 renegade\r',0,1),(1466,10,'Wagoneer\r',0,1),(1467,10,'Cherokee\r',0,1),(1468,10,'Jeepster commando convertible\r',0,1),(1469,10,'Wagoneer\r',0,1),(1470,10,'Gladiator\r',0,1),(1471,10,'Fc-170\r',0,1),(1472,10,'M-38 a1\r',0,1),(1473,10,'Dispatcher\r',0,1),(1474,10,'Cj-5\r',0,1),(1475,10,'4wd 1-ton pickup truck\r',0,1),(1476,10,'Cj-3b\r',0,1),(1477,10,'M-38\r',0,1),(1478,10,'Jeepster\r',0,1),(1479,10,'Pickup truck\r',0,1),(1480,10,'Station wagon\r',0,1),(1481,10,'Panel delivery\r',0,1),(1482,10,'Cj-2a\r',0,1),(1483,10,'Willys mb\r',0,1),(1484,10,'Willys ma\r',0,1),(1485,10,'Willys quad\r',0,1),(1486,11,'Xfr-s sportbrake\r',0,1),(1487,11,'F-type r coupe\r',0,1),(1488,11,'F-type project 7\r',0,1),(1489,11,'F-type coupe\r',0,1),(1490,11,'Xkr-s gt\r',0,1),(1491,11,'Xjr\r',0,1),(1492,11,'Xfr-s\r',0,1),(1493,11,'Lightweight e-type\r',0,1),(1494,11,'F-type v8 s\r',0,1),(1495,11,'F-type v6 s\r',0,1),(1496,11,'F-type v6\r',0,1),(1497,11,'F-type\r',0,1),(1498,11,'Xkr-s convertible\r',0,1),(1499,11,'Xj ultimate\r',0,1),(1500,11,'Xf sportbrake\r',0,1),(1501,11,'Xfr speed\r',0,1),(1502,11,'Project 7 concept\r',0,1),(1503,11,'C-x75 concept\r',0,1),(1504,11,'C-x17 concept\r',0,1),(1505,11,'C-x17 5-seater concept\r',0,1),(1506,11,'Xk artisan se\r',0,1),(1507,11,'Xkr convertible\r',0,1),(1508,11,'Xkr-s\r',0,1),(1509,11,'Xkr\r',0,1),(1510,11,'Xj sport pack\r',0,1),(1511,11,'Xj\r',0,1),(1512,11,'Xfr\r',0,1),(1513,11,'Xf\r',0,1),(1514,11,'Xkr speed\r',0,1),(1515,11,'Xkr convertible\r',0,1),(1516,11,'Xkr 175\r',0,1),(1517,11,'Xkr\r',0,1),(1518,11,'Xj sentinel\r',0,1),(1519,11,'Xf black pack\r',0,1),(1520,11,'E-type speedster\r',0,1),(1521,11,'C-x16 concept\r',0,1),(1522,11,'Xkr 75\r',0,1),(1523,11,'Xkr\r',0,1),(1524,11,'Xj75 platinum concept\r',0,1),(1525,11,'Xj\r',0,1),(1526,11,'Xfr\r',0,1),(1527,11,'Xf\r',0,1),(1528,11,'C-x75 concept\r',0,1),(1529,11,'Xkr-s\r',0,1),(1530,11,'Xf\r',0,1),(1531,11,'Xkr portfolio\r',0,1),(1532,11,'Xj\r',0,1),(1533,11,'X-type estate\r',0,1),(1534,11,'X-type\r',0,1),(1535,11,'S-type\r',0,1),(1536,11,'Xk convertible\r',0,1),(1537,11,'Xkr convertible\r',0,1),(1538,11,'Xkr\r',0,1),(1539,11,'Xk\r',0,1),(1540,11,'Xjr portfolio\r',0,1),(1541,11,'C-xf concept\r',0,1),(1542,11,'Xj 2.7 diesel\r',0,1),(1543,11,'Xj\r',0,1),(1544,11,'Super v8\r',0,1),(1545,11,'Xkr coupe\r',0,1),(1546,11,'Xk8 convertible\r',0,1),(1547,11,'Xj super v8\r',0,1),(1548,11,'Xj8 l\r',0,1),(1549,11,'Stype v8\r',0,1),(1550,11,'Stype r\r',0,1),(1551,11,'Advanced lightweight coupe concept\r',0,1),(1552,11,'Xtype 3.0\r',0,1),(1553,11,'Xtype 2.5\r',0,1),(1554,11,'Xj8 vanden plas\r',0,1),(1555,11,'Stype 2.7d\r',0,1),(1556,11,'Concept eight\r',0,1),(1557,11,'Bonspeed xtype\r',0,1),(1558,11,'Rd6 concept\r',0,1),(1559,11,'R-coupe concept\r',0,1),(1560,11,'F-type concept\r',0,1),(1561,11,'Xk180 concept\r',0,1),(1562,11,'Xjs\r',0,1),(1563,11,'Xj220\r',0,1),(1564,11,'Xjr-9\r',0,1),(1565,11,'Xj220 concept\r',0,1),(1566,11,'Xj-s\r',0,1),(1567,11,'E-type\r',0,1),(1568,11,'Xj6\r',0,1),(1569,11,'Xj13\r',0,1),(1570,11,'Mark 2\r',0,1),(1571,11,'Xk ss\r',0,1),(1572,11,'Xk140\r',0,1),(1573,11,'D-type\r',0,1),(1574,11,'C-type\r',0,1),(1575,11,'Xk120\r',0,1),(1576,11,'Ss 100\r',0,1),(1577,12,'I20 active new\r',0,1),(1578,12,'Veloster\r',0,1),(1579,12,'Tucson\r',0,1),(1580,12,'Sonata plug-in hybrid\r',0,1),(1581,12,'Santa fe new\r',0,1),(1582,12,'Elantra gt\r',0,1),(1583,12,'I30 turbo\r',0,1),(1584,12,'I20 coupe\r',0,1),(1585,12,'I20\r',0,1),(1586,12,'Vision g concept\r',0,1),(1587,12,'Sonata\r',0,1),(1588,12,'Santa cruz crossover truck concept\r',0,1),(1589,12,'Genesis\r',0,1),(1590,12,'Enduro concept\r',0,1),(1591,12,'Ix35\r',0,1),(1592,12,'I10\r',0,1),(1593,12,'Veloster turbo r-spec\r',0,1),(1594,12,'Intrado concept\r',0,1),(1595,12,'Equus\r',0,1),(1596,12,'Elantra sedan\r',0,1),(1597,12,'Elantra gt\r',0,1),(1598,12,'Elantra coupe\r',0,1),(1599,12,'I30 wagon\r',0,1),(1600,12,'I30 3-door\r',0,1),(1601,12,'I30\r',0,1),(1602,12,'I20\r',0,1),(1603,12,'Veloster turbo\r',0,1),(1604,12,'Santa fe sport\r',0,1),(1605,12,'Santa fe eu-version\r',0,1),(1606,12,'Santa fe\r',0,1),(1607,12,'Langdong\r',0,1),(1608,12,'Hnd-9 concept\r',0,1),(1609,12,'Hcd-14 genesis concept\r',0,1),(1610,12,'Hb20x\r',0,1),(1611,12,'Hb20s\r',0,1),(1612,12,'Hb20\r',0,1),(1613,12,'Genesis coupe\r',0,1),(1614,12,'Elantra gt\r',0,1),(1615,12,'Elantra coupe\r',0,1),(1616,12,'I40 wagon\r',0,1),(1617,12,'I40 tourer uk version\r',0,1),(1618,12,'I40\r',0,1),(1619,12,'I-ioniq concept\r',0,1),(1620,12,'Veloster c3 concept\r',0,1),(1621,12,'Veloster\r',0,1),(1622,12,'Hexa space concept\r',0,1),(1623,12,'Genesis\r',0,1),(1624,12,'Azera\r',0,1),(1625,12,'Accent\r',0,1),(1626,12,'Ix35\r',0,1),(1627,12,'Ix20\r',0,1),(1628,12,'I10\r',0,1),(1629,12,'Verna\r',0,1),(1630,12,'Veloster rally car\r',0,1),(1631,12,'Sonata hybrid\r',0,1),(1632,12,'Sonata 2.0t\r',0,1),(1633,12,'Sonata\r',0,1),(1634,12,'Equus\r',0,1),(1635,12,'Elantra\r',0,1),(1636,12,'Curb concept\r',0,1),(1637,12,'Blue2 concept\r',0,1),(1638,12,'Azera\r',0,1),(1639,12,'Avante\r',0,1),(1640,12,'I-flow concept\r',0,1),(1641,12,'Tucson\r',0,1),(1642,12,'Santa fe us-version\r',0,1),(1643,12,'Santa fe\r',0,1),(1644,12,'Rb concept\r',0,1),(1645,12,'Genesis coupe\r',0,1),(1646,12,'Equus limousine\r',0,1),(1647,12,'Elantra blue\r',0,1),(1648,12,'Accent\r',0,1),(1649,12,'Ix55\r',0,1),(1650,12,'Ix-onic concept\r',0,1),(1651,12,'Ix-metro concept\r',0,1),(1652,12,'I20 blue\r',0,1),(1653,12,'I20 3-door\r',0,1),(1654,12,'I20\r',0,1),(1655,12,'Sonata\r',0,1),(1656,12,'Nuvis concept\r',0,1),(1657,12,'Genesis\r',0,1),(1658,12,'Elantra touring\r',0,1),(1659,12,'Blue-will concept\r',0,1),(1660,12,'I800\r',0,1),(1661,12,'I30 estate\r',0,1),(1662,12,'I30\r',0,1),(1663,12,'I10\r',0,1),(1664,12,'Santa fe blue hybrid concept\r',0,1),(1665,12,'Hed-5 i-mode concept\r',0,1),(1666,12,'I-blue concept\r',0,1),(1667,12,'Veracruz\r',0,1),(1668,12,'Veloster concept\r',0,1),(1669,12,'Tiburon coupe\r',0,1),(1670,12,'Santa fe\r',0,1),(1671,12,'Qarmaq concept\r',0,1),(1672,12,'Genesis coupe concept\r',0,1),(1673,12,'Genesis concept\r',0,1),(1674,12,'Entourage\r',0,1),(1675,12,'Elantra\r',0,1),(1676,12,'Coupe\r',0,1),(1677,12,'Sonata v6\r',0,1),(1678,12,'Hcd9 concept\r',0,1),(1679,12,'Hcd10 hellion concept\r',0,1),(1680,12,'Getz\r',0,1),(1681,12,'Arnejs concept\r',0,1),(1682,12,'Accent sr\r',0,1),(1683,12,'Tucson v6\r',0,1),(1684,12,'Tucson\r',0,1),(1685,12,'Trajet\r',0,1),(1686,12,'Terracan\r',0,1),(1687,12,'Sonata\r',0,1),(1688,12,'Santa fe\r',0,1),(1689,12,'Portico concept\r',0,1),(1690,12,'Matrix\r',0,1),(1691,12,'Hed 1 concept\r',0,1),(1692,12,'Grandeur\r',0,1),(1693,12,'Getz\r',0,1),(1694,12,'Coupe\r',0,1),(1695,12,'Hcd8 concept\r',0,1),(1696,12,'Elantra\r',0,1),(1697,12,'E-cubed concept\r',0,1),(1698,12,'Atos prime\r',0,1),(1699,12,'Accent\r',0,1),(1700,12,'Ccs concept\r',0,1),(1701,12,'Hcd 7 concept\r',0,1),(1702,12,'Hcd 6 concept\r',0,1),(1703,12,'Clix concept\r',0,1),(1704,12,'Neos concept\r',0,1),(1705,12,'Equus\r',0,1),(1706,12,'Hcd 3 concept\r',0,1),(1707,13,'H3t alpha\r',0,1),(1708,13,'Hx concept\r',0,1),(1709,13,'H3 wagon concept\r',0,1),(1710,13,'H3 alpha\r',0,1),(1711,13,'H2\r',0,1),(1712,13,'H3 open top\r',0,1),(1713,13,'H3x\r',0,1),(1714,13,'H3r off road concept\r',0,1),(1715,13,'H2 safari concept\r',0,1),(1716,13,'H3\r',0,1),(1717,13,'H2 sut limited edition\r',0,1),(1718,13,'H1 alpha\r',0,1),(1719,13,'H3 street\r',0,1),(1720,13,'H2 sut\r',0,1),(1721,13,'H2 sut concept\r',0,1),(1722,13,'H2h hydrogen concept\r',0,1),(1723,13,'H2\r',0,1),(1724,13,'H1\r',0,1),(1725,13,'Humvee military vehicle\r',0,1),(1726,13,'H3t concept\r',0,1),(1727,13,'H2 with gm accessories\r',0,1),(1728,13,'H2 suv\r',0,1),(1729,13,'H2 sut dirt sport concept\r',0,1),(1730,13,'H1\r',0,1),(1731,13,'Bike\r',0,1),(1732,13,'H2 suv concept\r',0,1),(1733,13,'H1 10th anniversary edition\r',0,1),(1734,13,'H1\r',0,1),(1735,13,'H1 alpha concept\r',0,1),(1736,14,'Pilot\r',0,1),(1737,14,'Jazz\r',0,1),(1738,14,'Hr-v eu-version\r',0,1),(1739,14,'Hr-v\r',0,1),(1740,14,'Accord coupe\r',0,1),(1741,14,'Accord\r',0,1),(1742,14,'S660\r',0,1),(1743,14,'Fit\r',0,1),(1744,14,'D concept\r',0,1),(1745,14,'Civic type r\r',0,1),(1746,14,'Civic sport\r',0,1),(1747,14,'Civic concept\r',0,1),(1748,14,'Cr-v eu-version\r',0,1),(1749,14,'Cr-v\r',0,1),(1750,14,'Vision xs-1 concept\r',0,1),(1751,14,'Odyssey touring elite\r',0,1),(1752,14,'M concept\r',0,1),(1753,14,'Jade\r',0,1),(1754,14,'Fcv concept\r',0,1),(1755,14,'Crider\r',0,1),(1756,14,'Civic type r concept\r',0,1),(1757,14,'Civic tourer\r',0,1),(1758,14,'Civic si coupe\r',0,1),(1759,14,'Civic coupe\r',0,1),(1760,14,'Accord phev\r',0,1),(1761,14,'Urban suv concept\r',0,1),(1762,14,'S660 concept\r',0,1),(1763,14,'Nsx-gt concept\r',0,1),(1764,14,'N-one\r',0,1),(1765,14,'Gear concept\r',0,1),(1766,14,'Fit ev\r',0,1),(1767,14,'Fcev concept\r',0,1),(1768,14,'Crosstour concept\r',0,1),(1769,14,'Crosstour\r',0,1),(1770,14,'Civic tourer concept\r',0,1),(1771,14,'Civic sedan\r',0,1),(1772,14,'Civic natural gas\r',0,1),(1773,14,'Civic hybrid\r',0,1),(1774,14,'Civic coupe\r',0,1),(1775,14,'Cr-z us-version\r',0,1),(1776,14,'Cr-z\r',0,1),(1777,14,'Cr-v\r',0,1),(1778,14,'Accord coupe\r',0,1),(1779,14,'Accord\r',0,1),(1780,14,'S concept\r',0,1),(1781,14,'Ridgeline sport\r',0,1),(1782,14,'Pilot\r',0,1),(1783,14,'Odyssey\r',0,1),(1784,14,'Nsx concept\r',0,1),(1785,14,'Insight\r',0,1),(1786,14,'Fit sport\r',0,1),(1787,14,'Crosstour\r',0,1),(1788,14,'Civic si sedan\r',0,1),(1789,14,'Civic si coupe\r',0,1),(1790,14,'Civic hybrid\r',0,1),(1791,14,'Civic hf\r',0,1),(1792,14,'Civic eu-version\r',0,1),(1793,14,'Civic coupe\r',0,1),(1794,14,'Civic\r',0,1),(1795,14,'C concept\r',0,1),(1796,14,'Cr-z\r',0,1),(1797,14,'Cr-v\r',0,1),(1798,14,'Accord coupe concept\r',0,1),(1799,14,'Odyssey\r',0,1),(1800,14,'Jazz hybrid\r',0,1),(1801,14,'Jazz\r',0,1),(1802,14,'Ev-ster concept\r',0,1),(1803,14,'Civic type r mugen 2.2\r',0,1),(1804,14,'Civic si concept\r',0,1),(1805,14,'Civic concept\r',0,1),(1806,14,'Cr-z mugen rr concept\r',0,1),(1807,14,'Cr-z mugen concept\r',0,1),(1808,14,'Cr-z\r',0,1),(1809,14,'Cr-v concept\r',0,1),(1810,14,'Accord type s\r',0,1),(1811,14,'Accord tourer\r',0,1),(1812,14,'Accord eu version\r',0,1),(1813,14,'Accord coupe\r',0,1),(1814,14,'Accord\r',0,1),(1815,14,'Ac-x concept\r',0,1),(1816,14,'Odyssey concept\r',0,1),(1817,14,'New small concept\r',0,1),(1818,14,'Insight sports modulo concept\r',0,1),(1819,14,'Insight eu version\r',0,1),(1820,14,'Insight\r',0,1),(1821,14,'Hsv-010 gt\r',0,1),(1822,14,'Fit ev concept\r',0,1),(1823,14,'Fcx clarity\r',0,1),(1824,14,'Cr-v us-version\r',0,1),(1825,14,'Cr-v\r',0,1),(1826,14,'Brio concept\r',0,1),(1827,14,'Accord crosstour\r',0,1),(1828,14,'3r-c concept\r',0,1),(1829,14,'Skydeck concept\r',0,1),(1830,14,'S2000 ultimate edition\r',0,1),(1831,14,'Ridgeline\r',0,1),(1832,14,'Pilot prototype\r',0,1),(1833,14,'Pilot\r',0,1),(1834,14,'P-nut concept\r',0,1),(1835,14,'Odyssey\r',0,1),(1836,14,'Legend\r',0,1),(1837,14,'Jazz\r',0,1),(1838,14,'Fit sport\r',0,1),(1839,14,'Fit\r',0,1),(1840,14,'Fcx clarity\r',0,1),(1841,14,'Civic si coupe\r',0,1),(1842,14,'Civic sedan\r',0,1),(1843,14,'Civic hybrid\r',0,1),(1844,14,'City\r',0,1),(1845,14,'Cr-z concept\r',0,1),(1846,14,'Accord tourer\r',0,1),(1847,14,'Accord\r',0,1),(1848,14,'S2000 type s\r',0,1),(1849,14,'S2000 cr\r',0,1),(1850,14,'S2000\r',0,1),(1851,14,'Odyssey\r',0,1),(1852,14,'Osm concept\r',0,1),(1853,14,'Insight concept\r',0,1),(1854,14,'Fit\r',0,1),(1855,14,'Fc sport concept\r',0,1),(1856,14,'Civic mugen si sedan\r',0,1),(1857,14,'Accord lx-p sedan\r',0,1),(1858,14,'Accord ex sedan\r',0,1),(1859,14,'Accord ex-l v6 sedan\r',0,1),(1860,14,'Accord ex-l v6 coupe\r',0,1),(1861,14,'Accord ex-l sedan\r',0,1),(1862,14,'Small hybrid sports concept\r',0,1),(1863,14,'S2000 cr concept\r',0,1),(1864,14,'Pilot ex-l 4wd\r',0,1),(1865,14,'Puyo concept\r',0,1),(1866,14,'Fit sport\r',0,1),(1867,14,'Fit\r',0,1),(1868,14,'Element sc prototype\r',0,1),(1869,14,'Element sc\r',0,1),(1870,14,'Civic type s\r',0,1),(1871,14,'Civic type r sedan\r',0,1),(1872,14,'Civic type r\r',0,1),(1873,14,'Civic si sedan\r',0,1),(1874,14,'Civic mugen si sedan prototype\r',0,1),(1875,14,'Cr-z concept\r',0,1),(1876,14,'Cr-v euro specs\r',0,1),(1877,14,'Cr-v\r',0,1),(1878,14,'Accord tourer concept\r',0,1),(1879,14,'Accord sedan ex-l\r',0,1),(1880,14,'Accord hf-s concept\r',0,1),(1881,14,'Accord coupe ex-l\r',0,1),(1882,14,'Accord coupe concept\r',0,1),(1883,14,'Step bus concept\r',0,1),(1884,14,'Ridgeline rts\r',0,1),(1885,14,'Ridgeline rtl\r',0,1),(1886,14,'Remix concept\r',0,1),(1887,14,'Legend\r',0,1),(1888,14,'Fcx concept\r',0,1),(1889,14,'Element ex-p\r',0,1),(1890,14,'Civic type r concept\r',0,1),(1891,14,'Civic si sedan concept\r',0,1),(1892,14,'Civic si racecar\r',0,1),(1893,14,'Civic si\r',0,1),(1894,14,'Civic sedan\r',0,1),(1895,14,'Civic hybrid\r',0,1),(1896,14,'Civic eur\r',0,1),(1897,14,'Civic coupe\r',0,1),(1898,14,'Civic\r',0,1),(1899,14,'Ridgeline street sport concept\r',0,1),(1900,14,'Ridgeline all-terrain concept\r',0,1),(1901,14,'Pilot ex\r',0,1),(1902,14,'Odyssey touring\r',0,1),(1903,14,'Odyssey ex\r',0,1),(1904,14,'Element\r',0,1),(1905,14,'Civic si sport concept\r',0,1),(1906,14,'Civic si concept\r',0,1),(1907,14,'Civic hybrid\r',0,1),(1908,14,'Crv se\r',0,1),(1909,14,'Crv ex\r',0,1),(1910,14,'Accord hybrid\r',0,1),(1911,14,'Sut concept\r',0,1),(1912,14,'S2000\r',0,1),(1913,14,'Odyssey s type japanese version\r',0,1),(1914,14,'Odyssey m type japanese version\r',0,1),(1915,14,'Odyssey l type japanese version\r',0,1),(1916,14,'Odyssey absolute japanese version\r',0,1),(1917,14,'Frv\r',0,1),(1918,14,'Civic si\r',0,1),(1919,14,'Accord ictdi european version\r',0,1),(1920,14,'Aandl racing s2000\r',0,1),(1921,14,'Pro drag civic si concept\r',0,1),(1922,14,'Pilot lx\r',0,1),(1923,14,'Pilot ex\r',0,1),(1924,14,'Mugen civic si\r',0,1),(1925,14,'Mdx\r',0,1),(1926,14,'Kiwami concept\r',0,1),(1927,14,'Imas concept\r',0,1),(1928,14,'Hsc concept\r',0,1),(1929,14,'Fcx\r',0,1),(1930,14,'Element ex\r',0,1),(1931,14,'Element dx\r',0,1),(1932,14,'Element concept\r',0,1),(1933,14,'Civic si concept\r',0,1),(1934,14,'Civic sedan\r',0,1),(1935,14,'Civic hybrid\r',0,1),(1936,14,'Civic coupe\r',0,1),(1937,14,'Cr-v\r',0,1),(1938,14,'Accord wagon 2.4t sport package european version\r',0,1),(1939,14,'Accord wagon 2.4t exclusive package european versi',0,1),(1940,14,'Accord wagon 2.4t european version\r',0,1),(1941,14,'Accord sedan 2.4 european version\r',0,1),(1942,14,'Accord sedan 2.4t european version\r',0,1),(1943,14,'Accord sedan 2.4tl european version\r',0,1),(1944,14,'Accord sedan 2.4s european version\r',0,1),(1945,14,'Accord sedan 2.4el european version\r',0,1),(1946,14,'Accord sedan 2.0e european version\r',0,1),(1947,14,'Accord sedan\r',0,1),(1948,14,'Accord euror\r',0,1),(1949,14,'Accord coupe\r',0,1),(1950,14,'Accord concept\r',0,1),(1951,14,'Asm concept\r',0,1),(1952,14,'S2000\r',0,1),(1953,14,'Odyssey\r',0,1),(1954,14,'Nsx\r',0,1),(1955,14,'Civic si\r',0,1),(1956,14,'Accord se\r',0,1),(1957,14,'Nsxr concept\r',0,1),(1958,14,'Model x concept\r',0,1),(1959,14,'Civic si concept\r',0,1),(1960,14,'Civic concept\r',0,1),(1961,14,'Cr-v\r',0,1),(1962,14,'Accord sedan\r',0,1),(1963,14,'Accord coupe\r',0,1),(1964,14,'S2000\r',0,1),(1965,14,'Passport\r',0,1),(1966,14,'Insight\r',0,1),(1967,14,'Odyssey\r',0,1),(1968,14,'Nsx\r',0,1),(1969,14,'Accord sedan\r',0,1),(1970,14,'Accord coupe\r',0,1),(1971,14,'Prelude type sh\r',0,1),(1972,14,'Prelude\r',0,1),(1973,14,'Ev plus\r',0,1),(1974,14,'Cr-v\r',0,1),(1975,14,'Accord wagon\r',0,1),(1976,14,'Accord sedan\r',0,1),(1977,14,'Passport\r',0,1),(1978,14,'Odyssey\r',0,1),(1979,14,'Civic sedan\r',0,1),(1980,14,'Civic hatchback\r',0,1),(1981,14,'Civic coupe\r',0,1),(1982,14,'Prelude vtec\r',0,1),(1983,14,'Accord wagon\r',0,1),(1984,14,'Accord sedan\r',0,1),(1985,14,'Accord coupe\r',0,1),(1986,14,'Civic si hatchback\r',0,1),(1987,14,'Civic del sol si\r',0,1),(1988,14,'Civic del sol\r',0,1),(1989,14,'Civic coupe\r',0,1),(1990,14,'Prelude si\r',0,1),(1991,14,'Civic sedan\r',0,1),(1992,14,'Civic hatchback\r',0,1),(1993,14,'Prelude si\r',0,1),(1994,14,'Accord wagon\r',0,1),(1995,14,'Prelude si\r',0,1),(1996,14,'Civic wagon\r',0,1),(1997,14,'Civic si hatchback\r',0,1),(1998,14,'Civic sedan\r',0,1),(1999,14,'Civic crx si\r',0,1),(2000,14,'Accord sedan\r',0,1),(2001,14,'Accord coupe\r',0,1),(2002,14,'Civic wagon\r',0,1),(2003,14,'Civic si hatchback\r',0,1),(2004,14,'Prelude si\r',0,1),(2005,14,'Civic wagon\r',0,1),(2006,14,'Civic sedan\r',0,1),(2007,14,'Civic hatchback\r',0,1),(2008,14,'Civic crx si\r',0,1),(2009,14,'Civic crx\r',0,1),(2010,14,'Accord coupe\r',0,1),(2011,14,'Civic hatchback\r',0,1),(2012,14,'Civic crx si\r',0,1),(2013,14,'Accord hatchback\r',0,1),(2014,14,'Civic wagon\r',0,1),(2015,14,'Civic crx si\r',0,1),(2016,14,'Civic crx\r',0,1),(2017,14,'Accord sedan\r',0,1),(2018,14,'Prelude si\r',0,1),(2019,14,'Civic wagon\r',0,1),(2020,14,'Civic si\r',0,1),(2021,14,'Civic sedan\r',0,1),(2022,14,'Civic hatchback\r',0,1),(2023,14,'Accord sedan\r',0,1),(2024,14,'Accord hb\r',0,1),(2025,14,'Accord\r',0,1),(2026,14,'Prelude\r',0,1),(2027,14,'Accord sedan\r',0,1),(2028,14,'Accord hatchback\r',0,1),(2029,14,'Civic cvcc\r',0,1),(2030,14,'Civic\r',0,1),(2031,14,'Az600\r',0,1),(2032,14,'N600\r',0,1),(2033,15,'Gt\r',0,1),(2034,15,'F-150 raptor\r',0,1),(2035,15,'Taurus cn-version\r',0,1),(2036,15,'Ranger\r',0,1),(2037,15,'Police interceptor utility\r',0,1),(2038,15,'Mustang shelby gt350r new\r',0,1),(2039,15,'Mustang shelby gt350 new\r',0,1),(2040,15,'Mustang\r',0,1),(2041,15,'Mondeo vignale\r',0,1),(2042,15,'Galaxy\r',0,1),(2043,15,'Gt le mans racecar\r',0,1),(2044,15,'Focus rs\r',0,1),(2045,15,'F-150 limited\r',0,1),(2046,15,'Explorer\r',0,1),(2047,15,'Everest\r',0,1),(2048,15,'Super duty\r',0,1),(2049,15,'S-max\r',0,1),(2050,15,'Mustang gt apollo edition\r',0,1),(2051,15,'Mustang gt\r',0,1),(2052,15,'Mustang ecoboost\r',0,1),(2053,15,'Mustang eu-version\r',0,1),(2054,15,'Mustang convertible eu-version\r',0,1),(2055,15,'Mustang convertible\r',0,1),(2056,15,'Mustang 50 year limited edition\r',0,1),(2057,15,'Mondeo wagon\r',0,1),(2058,15,'Mondeo hybrid\r',0,1),(2059,15,'Mondeo\r',0,1),(2060,15,'Focus wagon\r',0,1),(2061,15,'Focus sedan\r',0,1),(2062,15,'Focus st\r',0,1),(2063,15,'Focus\r',0,1),(2064,15,'F-150\r',0,1),(2065,15,'Expedition\r',0,1),(2066,15,'Escort\r',0,1),(2067,15,'Edge\r',0,1),(2068,15,'C-max\r',0,1),(2069,15,'Transit connect wagon\r',0,1),(2070,15,'Transit connect\r',0,1),(2071,15,'S-max vignale concept\r',0,1),(2072,15,'Fiesta sedan\r',0,1),(2073,15,'Fiesta st\r',0,1),(2074,15,'Fiesta\r',0,1),(2075,15,'Falcon xr8\r',0,1),(2076,15,'F-150 tremor\r',0,1),(2077,15,'F-150 svt raptor special edition\r',0,1),(2078,15,'F-150 stx supercrew\r',0,1),(2079,15,'Ecosport eu-version\r',0,1),(2080,15,'C-max solar energi concept\r',0,1),(2081,15,'Transit custom\r',0,1),(2082,15,'Tourneo custom\r',0,1),(2083,15,'Taurus sho\r',0,1),(2084,15,'Taurus\r',0,1),(2085,15,'Super duty\r',0,1),(2086,15,'S-max concept\r',0,1),(2087,15,'Mustang shelby gt500 convertible\r',0,1),(2088,15,'Mustang shelby gt500 cobra\r',0,1),(2089,15,'Mustang shelby gt500\r',0,1),(2090,15,'Mustang gt\r',0,1),(2091,15,'Mustang boss 302\r',0,1),(2092,15,'Mustang\r',0,1),(2093,15,'Mondeo vignale concept\r',0,1),(2094,15,'Kuga\r',0,1),(2095,15,'Ka concept\r',0,1),(2096,15,'Fusion nascar\r',0,1),(2097,15,'Fusion hybrid\r',0,1),(2098,15,'Fusion energi\r',0,1),(2099,15,'Fusion\r',0,1),(2100,15,'Focus st\r',0,1),(2101,15,'Flex\r',0,1),(2102,15,'Fiesta st\r',0,1),(2103,15,'Fiesta\r',0,1),(2104,15,'F-150\r',0,1),(2105,15,'Explorer sport\r',0,1),(2106,15,'Escort concept\r',0,1),(2107,15,'Escape\r',0,1),(2108,15,'Edge concept\r',0,1),(2109,15,'Ecosport\r',0,1),(2110,15,'C-max hybrid\r',0,1),(2111,15,'C-max energi\r',0,1),(2112,15,'B-max\r',0,1),(2113,15,'Atlas concept\r',0,1),(2114,15,'Tourneo custom concept\r',0,1),(2115,15,'Territory\r',0,1),(2116,15,'Ranger wildtrak\r',0,1),(2117,15,'Ranger\r',0,1),(2118,15,'Mustang cobra jet twin-turbo concept\r',0,1),(2119,15,'Mustang boss 302 laguna seca\r',0,1),(2120,15,'Mustang boss 302\r',0,1),(2121,15,'Formula\r',0,1),(2122,15,'Focus zetec s\r',0,1),(2123,15,'Focus st-r\r',0,1),(2124,15,'Focus st\r',0,1),(2125,15,'Focus electric\r',0,1),(2126,15,'C-max\r',0,1),(2127,15,'Vertrek concept\r',0,1),(2128,15,'Transit connect taxi\r',0,1),(2129,15,'Transit connect electric\r',0,1),(2130,15,'Super duty\r',0,1),(2131,15,'S-max\r',0,1),(2132,15,'Police interceptor utility vehicle\r',0,1),(2133,15,'Mustang v6\r',0,1),(2134,15,'Mustang shelby gt500 convertible\r',0,1),(2135,15,'Mustang shelby gt500\r',0,1),(2136,15,'Mustang gt\r',0,1),(2137,15,'Mustang dub edition\r',0,1),(2138,15,'Mustang boss 302r\r',0,1),(2139,15,'Mondeo wagon\r',0,1),(2140,15,'Mondeo 5-door\r',0,1),(2141,15,'Mondeo\r',0,1),(2142,15,'Mad max concept\r',0,1),(2143,15,'Grand c-max\r',0,1),(2144,15,'Galaxy\r',0,1),(2145,15,'Focus touring car\r',0,1),(2146,15,'Focus sedan\r',0,1),(2147,15,'Focus rs500\r',0,1),(2148,15,'Focus estate\r',0,1),(2149,15,'Focus\r',0,1),(2150,15,'Fiesta st concept\r',0,1),(2151,15,'Fiesta rs wrc\r',0,1),(2152,15,'Fiesta\r',0,1),(2153,15,'F-150 svt raptor supercrew\r',0,1),(2154,15,'F-150 harley-davidson\r',0,1),(2155,15,'Explorer\r',0,1),(2156,15,'Evos concept\r',0,1),(2157,15,'Edge sport\r',0,1),(2158,15,'Edge\r',0,1),(2159,15,'C-max\r',0,1),(2160,15,'B-max concept\r',0,1),(2161,15,'Taurus sho\r',0,1),(2162,15,'Taurus\r',0,1),(2163,15,'Stealth police interceptor concept\r',0,1),(2164,15,'Start concept\r',0,1),(2165,15,'Ranger\r',0,1),(2166,15,'Police interceptor concept\r',0,1),(2167,15,'Mustang shelby gt500 convertible\r',0,1),(2168,15,'Mustang shelby gt500\r',0,1),(2169,15,'Mustang convertible\r',0,1),(2170,15,'Mustang cobra jet\r',0,1),(2171,15,'Mustang av-x10\r',0,1),(2172,15,'Mustang\r',0,1),(2173,15,'Fusion hybrid\r',0,1),(2174,15,'Fusion\r',0,1),(2175,15,'Focus race car concept\r',0,1),(2176,15,'Focus econetic\r',0,1),(2177,15,'Fiesta sedan\r',0,1),(2178,15,'F-150 svt raptor r\r',0,1),(2179,15,'F-150 harley-davidson\r',0,1),(2180,15,'Escape\r',0,1),(2181,15,'Iosis max concept\r',0,1),(2182,15,'Mustang warriors in pink\r',0,1),(2183,15,'Mustang glass roof\r',0,1),(2184,15,'Ka\r',0,1),(2185,15,'Focus x road\r',0,1),(2186,15,'Focus sedan\r',0,1),(2187,15,'Focus rs\r',0,1),(2188,15,'Flex\r',0,1),(2189,15,'Fiesta s\r',0,1),(2190,15,'Fiesta econetic\r',0,1),(2191,15,'Fiesta 5-door\r',0,1),(2192,15,'F-series cabelas fx4\r',0,1),(2193,15,'F-450 harley-davidson\r',0,1),(2194,15,'F-150 sfe\r',0,1),(2195,15,'F-150 platinum\r',0,1),(2196,15,'F-150 fx4\r',0,1),(2197,15,'Edge sport\r',0,1),(2198,15,'Verve sedan concept\r',0,1),(2199,15,'Transit connect\r',0,1),(2200,15,'Taurus x\r',0,1),(2201,15,'Taurus\r',0,1),(2202,15,'Ranger max concept\r',0,1),(2203,15,'Mustang shelby gt convertible\r',0,1),(2204,15,'Mustang shelby gt500kr kitt\r',0,1),(2205,15,'Mustang shelby gt500kr\r',0,1),(2206,15,'Mustang shelby gt-h convertible\r',0,1),(2207,15,'Mustang fr500cj cobra jet\r',0,1),(2208,15,'Mustang bullitt\r',0,1),(2209,15,'Kuga uk version\r',0,1),(2210,15,'Kuga\r',0,1),(2211,15,'Focus st500\r',0,1),(2212,15,'Focus st\r',0,1),(2213,15,'Focus european version\r',0,1),(2214,15,'Focus estate\r',0,1),(2215,15,'Focus coupe-cabriolet\r',0,1),(2216,15,'Focus\r',0,1),(2217,15,'Five hundred\r',0,1),(2218,15,'Fiesta\r',0,1),(2219,15,'Fg falcon xt\r',0,1),(2220,15,'Fg falcon xr8\r',0,1),(2221,15,'Fg falcon xr6 turbo\r',0,1),(2222,15,'Fg falcon xr6\r',0,1),(2223,15,'Fg falcon ute xr8\r',0,1),(2224,15,'Fg falcon ute xr6 turbo\r',0,1),(2225,15,'Fg falcon ute xr6\r',0,1),(2226,15,'Fg falcon ute r6\r',0,1),(2227,15,'Fg falcon ute\r',0,1),(2228,15,'Fg falcon g6e turbo\r',0,1),(2229,15,'Fg falcon g6e\r',0,1),(2230,15,'Fg falcon g6\r',0,1),(2231,15,'F-450 super duty\r',0,1),(2232,15,'F-350 super duty\r',0,1),(2233,15,'F-250 super duty\r',0,1),(2234,15,'F-150 foose edition\r',0,1),(2235,15,'Explorer america concept\r',0,1),(2236,15,'Escape hybrid\r',0,1),(2237,15,'Escape\r',0,1),(2238,15,'E-series\r',0,1),(2239,15,'Verve concept\r',0,1),(2240,15,'Verve 5-door concept\r',0,1),(2241,15,'Mustang shelby gt500 red stripe\r',0,1),(2242,15,'Mustang shelby gt500 convertible\r',0,1),(2243,15,'Mustang shelby gt500\r',0,1),(2244,15,'Mustang shelby gt\r',0,1),(2245,15,'Mustang gt california special\r',0,1),(2246,15,'Mondeo wagon concept\r',0,1),(2247,15,'Mondeo wagon\r',0,1),(2248,15,'Mondeo concept\r',0,1),(2249,15,'Mondeo\r',0,1),(2250,15,'Interceptor concept\r',0,1),(2251,15,'F-150 harley davidson\r',0,1),(2252,15,'Explorer sport trac\r',0,1),(2253,15,'Expedition\r',0,1),(2254,15,'Edge\r',0,1),(2255,15,'C-max\r',0,1),(2256,15,'Airstream concept\r',0,1),(2257,15,'Iosis x concept\r',0,1),(2258,15,'Iosis concept\r',0,1),(2259,15,'Svt explorer sport trac adrenalin\r',0,1),(2260,15,'S-max\r',0,1),(2261,15,'Reflex concept\r',0,1),(2262,15,'Ranger\r',0,1),(2263,15,'Mustang v6 pony\r',0,1),(2264,15,'Mustang shelby gt-h\r',0,1),(2265,15,'Mustang giugiaro concept\r',0,1),(2266,15,'Galaxy\r',0,1),(2267,15,'Gt heritage limited-edition\r',0,1),(2268,15,'Gt\r',0,1),(2269,15,'Fusion ses v6\r',0,1),(2270,15,'Fusion eur\r',0,1),(2271,15,'Fusion\r',0,1),(2272,15,'Freestar\r',0,1),(2273,15,'Focus st\r',0,1),(2274,15,'Focus coupe-cabriolet\r',0,1),(2275,15,'Focus\r',0,1),(2276,15,'Five hundred\r',0,1),(2277,15,'Fiesta\r',0,1),(2278,15,'F150 harley davidson\r',0,1),(2279,15,'F-350\r',0,1),(2280,15,'F-250 super chief concept\r',0,1),(2281,15,'F-150\r',0,1),(2282,15,'Explorer\r',0,1),(2283,15,'Expedition\r',0,1),(2284,15,'Escape\r',0,1),(2285,15,'Crown victoria\r',0,1),(2286,15,'Bf mkii falcon xr8\r',0,1),(2287,15,'4-trac concept\r',0,1),(2288,15,'Shelby svt cobra gt500 mustang show car\r',0,1),(2289,15,'Shelby gr1 concept\r',0,1),(2290,15,'Synus concept\r',0,1),(2291,15,'Mustang at sema 2004\r',0,1),(2292,15,'Mustang racecar prototype\r',0,1),(2293,15,'Mustang gt convertible\r',0,1),(2294,15,'Mustang gt\r',0,1),(2295,15,'Mustang fr500c\r',0,1),(2296,15,'Mustang convertible\r',0,1),(2297,15,'Mustang\r',0,1),(2298,15,'Mondeo st tdci\r',0,1),(2299,15,'Mondeo st220 estate\r',0,1),(2300,15,'Mondeo estate\r',0,1),(2301,15,'Mondeo\r',0,1),(2302,15,'King ranch f150 supercrew\r',0,1),(2303,15,'Gtx1 roadster\r',0,1),(2304,15,'Gt\r',0,1),(2305,15,'Freestyle limited\r',0,1),(2306,15,'Freestyle\r',0,1),(2307,15,'Five hundred limited\r',0,1),(2308,15,'Fiesta st\r',0,1),(2309,15,'Fairlane concept\r',0,1),(2310,15,'Escape limited\r',0,1),(2311,15,'Escape hybrid\r',0,1),(2312,15,'Escape\r',0,1),(2313,15,'Equator concept\r',0,1),(2314,15,'Bf falcon xr8 ute\r',0,1),(2315,15,'Ba fairlane ghia mkii\r',0,1),(2316,15,'Ba fairlane g220 mkii\r',0,1),(2317,15,'Thunderbird fab 1 concept\r',0,1),(2318,15,'Shelby gr1 concept\r',0,1),(2319,15,'Shelby cobra concept\r',0,1),(2320,15,'Svt mustang cobra mystichrome\r',0,1),(2321,15,'Mustang svt cobra convertible\r',0,1),(2322,15,'Mustang svt cobra\r',0,1),(2323,15,'Mustang gtr 40th anniversary concept\r',0,1),(2324,15,'Mustang 40th anniversary\r',0,1),(2325,15,'Mondeo titanium v6\r',0,1),(2326,15,'Mondeo titanium tdci\r',0,1),(2327,15,'Focus vignale concept\r',0,1),(2328,15,'Focus tdci 5door european version\r',0,1),(2329,15,'Focus 4door concept\r',0,1),(2330,15,'Focus 3door european version\r',0,1),(2331,15,'F-150 svt lightning\r',0,1),(2332,15,'Explorer sport trac concept\r',0,1),(2333,15,'Bronco concept\r',0,1),(2334,15,'Ba mkii falcon xr8\r',0,1),(2335,15,'Ba mkii falcon ute\r',0,1),(2336,15,'Windstar\r',0,1),(2337,15,'Visos concept\r',0,1),(2338,15,'Taurus\r',0,1),(2339,15,'Steetka uk winter edition with hard top\r',0,1),(2340,15,'Mustang svt cobra convertible\r',0,1),(2341,15,'Mustang svt cobra 10th anniversary\r',0,1),(2342,15,'Mustang svt cobra\r',0,1),(2343,15,'Mustang pony\r',0,1),(2344,15,'Mustang mach 1\r',0,1),(2345,15,'Mustang gt coupe concept\r',0,1),(2346,15,'Mustang gt convertible concept\r',0,1),(2347,15,'Mustang gt centennial edition\r',0,1),(2348,15,'Mustang\r',0,1),(2349,15,'Ka\r',0,1),(2350,15,'Focus rs8 with cammer engine\r',0,1),(2351,15,'Focus cmax\r',0,1),(2352,15,'Focus\r',0,1),(2353,15,'Fr100 panel truck with cammer engine\r',0,1),(2354,15,'F-150 harley-davidson\r',0,1),(2355,15,'F-150\r',0,1),(2356,15,'Explorer sport trac\r',0,1),(2357,15,'Explorer\r',0,1),(2358,15,'Expedition\r',0,1),(2359,15,'Excursion\r',0,1),(2360,15,'Escort zx2\r',0,1),(2361,15,'Escape\r',0,1),(2362,15,'Ba falcon rtv ute\r',0,1),(2363,15,'Thunderbird neiman marcus\r',0,1),(2364,15,'Thunderbird\r',0,1),(2365,15,'Svt focus\r',0,1),(2366,15,'R7 concept\r',0,1),(2367,15,'Mustang gt convertible\r',0,1),(2368,15,'Mustang\r',0,1),(2369,15,'Mondeo st220\r',0,1),(2370,15,'Gt40 concept\r',0,1),(2371,15,'Focus rs\r',0,1),(2372,15,'Focus cmax concept\r',0,1),(2373,15,'Falcon havoc\r',0,1),(2374,15,'Crown victoria\r',0,1),(2375,15,'Ba falcon xr8\r',0,1),(2376,15,'Ba falcon xr6 turbo\r',0,1),(2377,15,'R5 concept\r',0,1),(2378,15,'Mustang svt cobra\r',0,1),(2379,15,'Mustang nhra\r',0,1),(2380,15,'Mustang gt convertible\r',0,1),(2381,15,'Mustang cobra racecar\r',0,1),(2382,15,'Mustang bullitt gt\r',0,1),(2383,15,'Mustang\r',0,1),(2384,15,'Focus fr200\r',0,1),(2385,15,'Falcon xr8\r',0,1),(2386,15,'F-150 svt lightning\r',0,1),(2387,15,'Crown victoria\r',0,1),(2388,15,'Svt contour\r',0,1),(2389,15,'Mustang svt cobra r\r',0,1),(2390,15,'Mustang gt\r',0,1),(2391,15,'Mustang fr500\r',0,1),(2392,15,'Mustang convertible\r',0,1),(2393,15,'Mustang bullitt concept\r',0,1),(2394,15,'Crown victoria lx\r',0,1),(2395,15,'Cougar\r',0,1),(2396,15,'Contour\r',0,1),(2397,16,'Aegea\r',0,1),(2398,16,'500\r',0,1),(2399,16,'Panda cross\r',0,1),(2400,16,'Freemont cross\r',0,1),(2401,16,'Doblo cargo\r',0,1),(2402,16,'Doblo\r',0,1),(2403,16,'695 abarth biposto\r',0,1),(2404,16,'500 vintage 57\r',0,1),(2405,16,'500x\r',0,1),(2406,16,'Fcc4 concept\r',0,1),(2407,16,'595 abarth 50th anniversary\r',0,1),(2408,16,'500e\r',0,1),(2409,16,'500 cult\r',0,1),(2410,16,'500l us-version\r',0,1),(2411,16,'500l trekking\r',0,1),(2412,16,'500l living\r',0,1),(2413,16,'500l beats edition\r',0,1),(2414,16,'Viaggio\r',0,1),(2415,16,'Strada\r',0,1),(2416,16,'Panda uk version\r',0,1),(2417,16,'Panda trekking\r',0,1),(2418,16,'Panda 4x4\r',0,1),(2419,16,'Panda\r',0,1),(2420,16,'500s\r',0,1),(2421,16,'500l\r',0,1),(2422,16,'500c abarth\r',0,1),(2423,16,'Punto\r',0,1),(2424,16,'Palio\r',0,1),(2425,16,'Freemont awd\r',0,1),(2426,16,'Freemont\r',0,1),(2427,16,'695 abarth maserati edition\r',0,1),(2428,16,'500 abarth\r',0,1),(2429,16,'Uno\r',0,1),(2430,16,'Punto evo abarth esseesse\r',0,1),(2431,16,'Punto evo abarth\r',0,1),(2432,16,'Idea\r',0,1),(2433,16,'Bravo\r',0,1),(2434,16,'500 sport\r',0,1),(2435,16,'500 coupe zagato concept\r',0,1),(2436,16,'500c abarth esseesse\r',0,1),(2437,16,'500c abarth\r',0,1),(2438,16,'Uno cabrio concept\r',0,1),(2439,16,'Sedici\r',0,1),(2440,16,'Punto evo\r',0,1),(2441,16,'Doblo cargo\r',0,1),(2442,16,'Doblo\r',0,1),(2443,16,'500 abarth r3t\r',0,1),(2444,16,'500c\r',0,1),(2445,16,'Grande punto natural power\r',0,1),(2446,16,'Fiorino qubo\r',0,1),(2447,16,'695 abarth tributo ferrari\r',0,1),(2448,16,'500 barbie concept\r',0,1),(2449,16,'500 abarth esseesse\r',0,1),(2450,16,'500 abarth assetto corse\r',0,1),(2451,16,'500 abarth\r',0,1),(2452,16,'Portofino concept\r',0,1),(2453,16,'Panda cross\r',0,1),(2454,16,'Grande punto abarth\r',0,1),(2455,16,'Grande punto\r',0,1),(2456,16,'Fiorino\r',0,1),(2457,16,'Croma\r',0,1),(2458,16,'Bravo 1.6 multijet 16v\r',0,1),(2459,16,'500\r',0,1),(2460,16,'Panda 100hp\r',0,1),(2461,16,'Linea\r',0,1),(2462,16,'Grande punto abarth s2000\r',0,1),(2463,16,'Grande punto abarth preview\r',0,1),(2464,16,'Bravo\r',0,1),(2465,16,'Ulysse\r',0,1),(2466,16,'Sedici\r',0,1),(2467,16,'Panda multi eco concept\r',0,1),(2468,16,'Panda cross\r',0,1),(2469,16,'Panda alessi\r',0,1),(2470,16,'Panda 4x4 1.3 multijet\r',0,1),(2471,16,'Oltre concept\r',0,1),(2472,16,'Idea\r',0,1),(2473,16,'Grande punto\r',0,1),(2474,16,'Doblo cargo\r',0,1),(2475,16,'Doblo\r',0,1),(2476,16,'Croma\r',0,1),(2477,16,'600 50th\r',0,1),(2478,16,'Trepiuno concept\r',0,1),(2479,16,'Strada malibu\r',0,1),(2480,16,'Stilo m.y. 1.9 multijet 5door\r',0,1),(2481,16,'Seicento\r',0,1),(2482,16,'Punto rally\r',0,1),(2483,16,'Panda 4x4\r',0,1),(2484,16,'Multipla\r',0,1),(2485,16,'Idea 5terre concept\r',0,1),(2486,16,'Strada\r',0,1),(2487,16,'Punto sporting\r',0,1),(2488,16,'Punto rally\r',0,1),(2489,16,'Punto natural power\r',0,1),(2490,16,'Punto dynamic\r',0,1),(2491,16,'Punto active\r',0,1),(2492,16,'Panda emotion\r',0,1),(2493,16,'Panda dynamic\r',0,1),(2494,16,'Panda actual\r',0,1),(2495,16,'Panda\r',0,1),(2496,16,'Marrakech concept\r',0,1),(2497,16,'Idea 1.9 multijet dynamic\r',0,1),(2498,16,'Idea 1.4 16v emotion\r',0,1),(2499,16,'Idea\r',0,1),(2500,16,'Barchetta first class of alviero martini\r',0,1),(2501,16,'Barchetta\r',0,1),(2502,16,'Ulysse emotion 2.0 16v\r',0,1),(2503,16,'Ulysse 2.0 jtd\r',0,1),(2504,16,'Ulysse\r',0,1),(2505,16,'Stilo multi wagon dynamic\r',0,1),(2506,16,'Stilo multi wagon actual\r',0,1),(2507,16,'Stilo multi wagon\r',0,1),(2508,16,'Stilo dynamic\r',0,1),(2509,16,'Stilo active\r',0,1),(2510,16,'Stilo abarth\r',0,1),(2511,16,'Stilo\r',0,1),(2512,16,'Simba concept\r',0,1),(2513,16,'Palio weekend\r',0,1),(2514,16,'Palio\r',0,1),(2515,16,'Multipla\r',0,1),(2516,16,'Albea\r',0,1),(2517,16,'Doblo\r',0,1),(2518,17,'488 spider\r',0,1),(2519,17,'488 gtb\r',0,1),(2520,17,'Sergio\r',0,1),(2521,17,'Fxx k\r',0,1),(2522,17,'F60america\r',0,1),(2523,17,'F12 berlinetta lusso by touring\r',0,1),(2524,17,'California t\r',0,1),(2525,17,'458 speciale a\r',0,1),(2526,17,'Laferrari\r',0,1),(2527,17,'F12 trs\r',0,1),(2528,17,'458 speciale\r',0,1),(2529,17,'Sergio concept\r',0,1),(2530,17,'F12berlinetta\r',0,1),(2531,17,'458 spider\r',0,1),(2532,17,'Sp12 ec\r',0,1),(2533,17,'Ff silver\r',0,1),(2534,17,'Ff blue\r',0,1),(2535,17,'Ff\r',0,1),(2536,17,'458 italia grand am\r',0,1),(2537,17,'458 italia china 20th anniversary\r',0,1),(2538,17,'599 sa aperta\r',0,1),(2539,17,'599 gto\r',0,1),(2540,17,'458 italia\r',0,1),(2541,17,'458 challenge\r',0,1),(2542,17,'P540 superfast aperta\r',0,1),(2543,17,'599 gtb hy-kers concept\r',0,1),(2544,17,'599 gtb fiorano hgte\r',0,1),(2545,17,'599xx\r',0,1),(2546,17,'Scuderia spider 16m\r',0,1),(2547,17,'California\r',0,1),(2548,17,'599 gtb fiorano one-to-one\r',0,1),(2549,17,'599 gtb fiorano china\r',0,1),(2550,17,'Fxx evolution\r',0,1),(2551,17,'612 scaglietti one-to-one\r',0,1),(2552,17,'430 scuderia\r',0,1),(2553,17,'F430 challenge\r',0,1),(2554,17,'612 scaglietti wallpaper\r',0,1),(2555,17,'612 scaglietti\r',0,1),(2556,17,'599 gtb fiorano\r',0,1),(2557,17,'575 gtz zagato\r',0,1),(2558,17,'Fxx\r',0,1),(2559,17,'F430 spider\r',0,1),(2560,17,'F430\r',0,1),(2561,17,'F2005\r',0,1),(2562,17,'Design competition\r',0,1),(2563,17,'575 gtc evoluzione\r',0,1),(2564,17,'575m superamerica\r',0,1),(2565,17,'612 scaglietti\r',0,1),(2566,17,'575gtc\r',0,1),(2567,17,'575gtc\r',0,1),(2568,17,'360 challenge stradale\r',0,1),(2569,17,'360gtc fiorano\r',0,1),(2570,17,'Enzo\r',0,1),(2571,17,'575m maranello\r',0,1),(2572,17,'456m gt scaglietti\r',0,1),(2573,17,'550 maranello\r',0,1),(2574,17,'550 barchetta pininfarina\r',0,1),(2575,17,'456m gt\r',0,1),(2576,17,'360 spider\r',0,1),(2577,17,'360 modena challenge\r',0,1),(2578,17,'360 modena\r',0,1),(2579,18,'Pico concept\r',0,1),(2580,18,'Terios kiri\r',0,1),(2581,18,'Materia\r',0,1),(2582,18,'Terios\r',0,1),(2583,18,'Sirion\r',0,1),(2584,18,'Copen\r',0,1),(2585,18,'Charade\r',0,1),(2586,18,'Extol compact van\r',0,1),(2587,18,'Yrv turbo 130\r',0,1),(2588,18,'Yrv\r',0,1),(2589,18,'Ufe2 concept\r',0,1),(2590,18,'Cuore\r',0,1),(2591,18,'Ai concept\r',0,1),(2592,18,'Terios sport\r',0,1),(2593,18,'Max concept\r',0,1),(2594,18,'Terios\r',0,1),(2595,19,'Ds5\r',0,1),(2596,19,'Ds 6wr\r',0,1),(2597,19,'Ds3 cabrio\r',0,1),(2598,19,'Ds3\r',0,1),(2599,19,'Cactus m concept new\r',0,1),(2600,19,'C4 cactus\r',0,1),(2601,19,'C3-xr\r',0,1),(2602,19,'C1\r',0,1),(2603,19,'Aircross concept\r',0,1),(2604,19,'Grand c4 picasso\r',0,1),(2605,19,'Divine ds concept\r',0,1),(2606,19,'Ds 5ls r concept\r',0,1),(2607,19,'Ds3 cabrio\r',0,1),(2608,19,'C5 crosstourer\r',0,1),(2609,19,'C4 picasso\r',0,1),(2610,19,'C4 cactus airflow 2l concept\r',0,1),(2611,19,'C3\r',0,1),(2612,19,'C-xr concept\r',0,1),(2613,19,'Technospace concept\r',0,1),(2614,19,'Ds wild rubis concept\r',0,1),(2615,19,'Ds3 cabrio racing concept\r',0,1),(2616,19,'Cactus concept\r',0,1),(2617,19,'C4 l\r',0,1),(2618,19,'C4 aircross\r',0,1),(2619,19,'C3 picasso\r',0,1),(2620,19,'C1\r',0,1),(2621,19,'C-elysee\r',0,1),(2622,19,'Numero 9 concept\r',0,1),(2623,19,'Ds5\r',0,1),(2624,19,'Ds4 racing concept\r',0,1),(2625,19,'Ds4\r',0,1),(2626,19,'Tubik concept\r',0,1),(2627,19,'Ds3 racing\r',0,1),(2628,19,'Ds3 r3\r',0,1),(2629,19,'Ds3\r',0,1),(2630,19,'C5\r',0,1),(2631,19,'C4\r',0,1),(2632,19,'C-zero\r',0,1),(2633,19,'Survolt concept\r',0,1),(2634,19,'Metropolis concept\r',0,1),(2635,19,'Lacoste concept\r',0,1),(2636,19,'Gq concept\r',0,1),(2637,19,'Ds high rider concept\r',0,1),(2638,19,'C3\r',0,1),(2639,19,'Revolte concept\r',0,1),(2640,19,'Ds inside concept\r',0,1),(2641,19,'C4 coupe\r',0,1),(2642,19,'C4\r',0,1),(2643,19,'C3 pluriel charleston\r',0,1),(2644,19,'C3 picasso\r',0,1),(2645,19,'C2\r',0,1),(2646,19,'C1\r',0,1),(2647,19,'Berlingo multispace\r',0,1),(2648,19,'Hypnos concept\r',0,1),(2649,19,'Gt concept\r',0,1),(2650,19,'C5 estate\r',0,1),(2651,19,'C5\r',0,1),(2652,19,'C4 notchback\r',0,1),(2653,19,'C4 wrc hymotion4 concept\r',0,1),(2654,19,'C4 sedan\r',0,1),(2655,19,'Grand c4 picasso\r',0,1),(2656,19,'Cruise crosser concept\r',0,1),(2657,19,'C5 airscape concept\r',0,1),(2658,19,'C4 picasso\r',0,1),(2659,19,'C-crosser\r',0,1),(2660,19,'C-cactus concept\r',0,1),(2661,19,'C6\r',0,1),(2662,19,'C3 x-tr\r',0,1),(2663,19,'C3 vtr\r',0,1),(2664,19,'C3 pluriel\r',0,1),(2665,19,'C3\r',0,1),(2666,19,'C1 5door\r',0,1),(2667,19,'C1 3door\r',0,1),(2668,19,'C-metisse concept\r',0,1),(2669,19,'C-buggy concept\r',0,1),(2670,19,'C5 break\r',0,1),(2671,19,'C5\r',0,1),(2672,19,'C4 coupe with panoramic sunroof\r',0,1),(2673,19,'C4 coupe enterprise\r',0,1),(2674,19,'C4 coupe\r',0,1),(2675,19,'C4\r',0,1),(2676,19,'C-sportlounge concept car\r',0,1),(2677,19,'C-airplay concept\r',0,1),(2678,19,'Xsara picasso\r',0,1),(2679,19,'C4 sport concept\r',0,1),(2680,19,'C3 pluriel hdi 70\r',0,1),(2681,19,'C2\r',0,1),(2682,19,'Cairlounge concept\r',0,1),(2683,19,'C8 exclusive\r',0,1),(2684,19,'C-airdream concept\r',0,1),(2685,19,'Xsara picasso\r',0,1),(2686,19,'C-crosser concept\r',0,1),(2687,19,'Xsara picasso\r',0,1),(2688,19,'2cv 6 charleston\r',0,1),(2689,19,'2cv spcial\r',0,1),(2690,19,'2cv spot\r',0,1),(2691,19,'Ds 23 break\r',0,1),(2692,19,'Ds 23 ie\r',0,1),(2693,19,'Sm presidential\r',0,1),(2694,19,'Sm\r',0,1),(2695,19,'Ds 21\r',0,1),(2696,19,'Sm automat\r',0,1),(2697,19,'Ds 21 berline\r',0,1),(2698,19,'Ds 21 cabrio\r',0,1),(2699,19,'Ds 19 cabrio\r',0,1),(2700,19,'2cv berline\r',0,1),(2701,19,'Ds 19\r',0,1),(2702,19,'Ds 19\r',0,1),(2703,19,'Traction avant 11b cabrio\r',0,1),(2704,20,'Matiz creative\r',0,1),(2705,20,'L4x\r',0,1),(2706,20,'Nubira station\r',0,1),(2707,20,'Lacetti sx\r',0,1),(2708,20,'Lacetti cdx\r',0,1),(2709,21,'300\r',0,1),(2710,21,'200\r',0,1),(2711,21,'Town and country s\r',0,1),(2712,21,'300 motown edition\r',0,1),(2713,21,'300 glacier\r',0,1),(2714,21,'Ypsilon\r',0,1),(2715,21,'Delta\r',0,1),(2716,21,'300 srt8\r',0,1),(2717,21,'300 luxury series\r',0,1),(2718,21,'300c\r',0,1),(2719,21,'Town and country\r',0,1),(2720,21,'300\r',0,1),(2721,21,'200 s\r',0,1),(2722,21,'200 convertible\r',0,1),(2723,21,'200\r',0,1),(2724,21,'Gem peapod\r',0,1),(2725,21,'200c ev concept\r',0,1),(2726,21,'Ecovoyager concept\r',0,1),(2727,21,'Town and country\r',0,1),(2728,21,'Sebring convertible\r',0,1),(2729,21,'Ev concept\r',0,1),(2730,21,'300c uk version\r',0,1),(2731,21,'300c touring uk version\r',0,1),(2732,21,'300c touring srt uk version\r',0,1),(2733,21,'300c srt uk version\r',0,1),(2734,21,'Sebring uk version\r',0,1),(2735,21,'Sebring\r',0,1),(2736,21,'Pacifica\r',0,1),(2737,21,'Pt street cruiser pacific coast highway\r',0,1),(2738,21,'Nassau concept\r',0,1),(2739,21,'Crossfire uk version\r',0,1),(2740,21,'Crossfire roadster uk version\r',0,1),(2741,21,'Aspen\r',0,1),(2742,21,'Imperial concept\r',0,1),(2743,21,'300c srt8 touring\r',0,1),(2744,21,'300c heritage edition\r',0,1),(2745,21,'Town and country\r',0,1),(2746,21,'Pt cruiser convertible\r',0,1),(2747,21,'Firepower concept\r',0,1),(2748,21,'Crossfire srt6 roadster\r',0,1),(2749,21,'Crossfire srt6\r',0,1),(2750,21,'Crossfire roadster\r',0,1),(2751,21,'Akino concept\r',0,1),(2752,21,'300c touring\r',0,1),(2753,21,'300c srt8\r',0,1),(2754,21,'300c\r',0,1),(2755,21,'300\r',0,1),(2756,21,'Pacifica\r',0,1),(2757,21,'Me fourtwelve concept\r',0,1),(2758,21,'Crossfire\r',0,1),(2759,21,'Airflite concept\r',0,1),(2760,21,'300m\r',0,1),(2761,21,'300c touring concept\r',0,1),(2762,21,'300c concept\r',0,1),(2763,21,'Pacifica concept\r',0,1),(2764,21,'California cruiser concept\r',0,1),(2765,21,'Pt cruiser\r',0,1),(2766,21,'Crossfire concept\r',0,1),(2767,21,'Panel cruiser concept\r',0,1),(2768,21,'Java concept\r',0,1),(2769,21,'Gt cruiser concept\r',0,1),(2770,21,'Chronos concept\r',0,1),(2771,21,'300 hemi c convertible concept\r',0,1),(2772,21,'Pronto cruizer concept\r',0,1),(2773,21,'Citadel concept\r',0,1),(2774,21,'300m\r',0,1),(2775,21,'Atlantic concept\r',0,1),(2776,21,'Thunderbolt concept\r',0,1),(2777,22,'Volt\r',0,1),(2778,22,'Spark\r',0,1),(2779,22,'Silverado\r',0,1),(2780,22,'Malibu\r',0,1),(2781,22,'Equinox\r',0,1),(2782,22,'Cruze\r',0,1),(2783,22,'Corvette z06 c7.r edition\r',0,1),(2784,22,'Camaro convertible\r',0,1),(2785,22,'Camaro\r',0,1),(2786,22,'Tahoe z71\r',0,1),(2787,22,'Tahoe ppv\r',0,1),(2788,22,'Tahoe\r',0,1),(2789,22,'Suburban\r',0,1),(2790,22,'Silverado midnight edition\r',0,1),(2791,22,'Silverado high country hd\r',0,1),(2792,22,'Silverado hd\r',0,1),(2793,22,'Fnr concept\r',0,1),(2794,22,'Cruze\r',0,1),(2795,22,'Corvette z06 convertible\r',0,1),(2796,22,'Corvette z06\r',0,1),(2797,22,'Corvette c7.r\r',0,1),(2798,22,'Colorado\r',0,1),(2799,22,'Camaro copo\r',0,1),(2800,22,'Bolt ev concept\r',0,1),(2801,22,'Trax\r',0,1),(2802,22,'Spark ev\r',0,1),(2803,22,'Silverado high country\r',0,1),(2804,22,'Silverado\r',0,1),(2805,22,'Ss\r',0,1),(2806,22,'Malibu\r',0,1),(2807,22,'Impala\r',0,1),(2808,22,'Corvette stingray indy 500 pace car\r',0,1),(2809,22,'Corvette stingray eu-version\r',0,1),(2810,22,'Corvette stingray convertible eu-version\r',0,1),(2811,22,'Corvette c7 stingray convertible\r',0,1),(2812,22,'Corvette c7 stingray\r',0,1),(2813,22,'Chaparral 2x vgt concept\r',0,1),(2814,22,'Camaro z28\r',0,1),(2815,22,'Camaro ss\r',0,1),(2816,22,'Camaro convertible\r',0,1),(2817,22,'Camaro copo\r',0,1),(2818,22,'Camaro 1le\r',0,1),(2819,22,'Camaro\r',0,1),(2820,22,'Traverse\r',0,1),(2821,22,'Trailblazer\r',0,1),(2822,22,'Spark\r',0,1),(2823,22,'Sonic rs\r',0,1),(2824,22,'Onix\r',0,1),(2825,22,'Malibu eco\r',0,1),(2826,22,'Malibu\r',0,1),(2827,22,'Cruze station wagon\r',0,1),(2828,22,'Corvette 427 convertible\r',0,1),(2829,22,'Camaro zl1 convertible\r',0,1),(2830,22,'Camaro hot wheels edition\r',0,1),(2831,22,'Camaro 1le\r',0,1),(2832,22,'Tru 140s concept\r',0,1),(2833,22,'Sonic sedan\r',0,1),(2834,22,'Sonic\r',0,1),(2835,22,'Silverado\r',0,1),(2836,22,'Orlando\r',0,1),(2837,22,'Cruze hatchback\r',0,1),(2838,22,'Corvette z06 centennial edition\r',0,1),(2839,22,'Corvette daytona racecar\r',0,1),(2840,22,'Colorado\r',0,1),(2841,22,'Code 130r concept\r',0,1),(2842,22,'Captiva\r',0,1),(2843,22,'Camaro zl1\r',0,1),(2844,22,'Camaro eu version\r',0,1),(2845,22,'Camaro convertible eu version\r',0,1),(2846,22,'Camaro copo convertible\r',0,1),(2847,22,'Camaro copo\r',0,1),(2848,22,'Camaro 67 hot wheels concept\r',0,1),(2849,22,'Camaro 45th anniversary edition\r',0,1),(2850,22,'Aveo sedan\r',0,1),(2851,22,'Volt\r',0,1),(2852,22,'Trailblazer concept\r',0,1),(2853,22,'Silverado hd\r',0,1),(2854,22,'Sail\r',0,1),(2855,22,'Miray concept\r',0,1),(2856,22,'Cruze\r',0,1),(2857,22,'Corvette z06 carbon limited edition\r',0,1),(2858,22,'Colorado rally concept\r',0,1),(2859,22,'Colorado concept\r',0,1),(2860,22,'Caprice police patrol vehicle\r',0,1),(2861,22,'Camaro ss convertible indy 500 pace car\r',0,1),(2862,22,'Camaro convertible neiman marcus\r',0,1),(2863,22,'Camaro convertible\r',0,1),(2864,22,'Aveo\r',0,1),(2865,22,'Volt mpv5 concept\r',0,1),(2866,22,'Spark\r',0,1),(2867,22,'Equinox\r',0,1),(2868,22,'Corvette z06x concept\r',0,1),(2869,22,'Corvette grand sport\r',0,1),(2870,22,'Camaro transformers\r',0,1),(2871,22,'Camaro ss indy 500 pace car\r',0,1),(2872,22,'Camaro ssx concept\r',0,1),(2873,22,'Camaro ss\r',0,1),(2874,22,'Camaro red flash concept\r',0,1),(2875,22,'Camaro\r',0,1),(2876,22,'Aveo rs concept\r',0,1),(2877,22,'Agile\r',0,1),(2878,22,'Traverse\r',0,1),(2879,22,'Stingray concept\r',0,1),(2880,22,'Cruze wtcc\r',0,1),(2881,22,'Cruze\r',0,1),(2882,22,'Corvette zr1\r',0,1),(2883,22,'Corvette gt1\r',0,1),(2884,22,'Aveo5\r',0,1),(2885,22,'Orlando concept\r',0,1),(2886,22,'Matiz\r',0,1),(2887,22,'Malibu ltz\r',0,1),(2888,22,'Malibu lt\r',0,1),(2889,22,'Lumina ss\r',0,1),(2890,22,'Hhr ss\r',0,1),(2891,22,'Gpix concept\r',0,1),(2892,22,'Equinox sport\r',0,1),(2893,22,'Corvette\r',0,1),(2894,22,'Captiva sport\r',0,1),(2895,22,'Camaro ls7 concept\r',0,1),(2896,22,'Camaro gs racecar concept\r',0,1),(2897,22,'Camaro black concept\r',0,1),(2898,22,'Aveo\r',0,1),(2899,22,'Volt concept\r',0,1),(2900,22,'Trax concept\r',0,1),(2901,22,'Tahoe\r',0,1),(2902,22,'Suburban ltz\r',0,1),(2903,22,'Silverado regular cab\r',0,1),(2904,22,'Silverado extended cab\r',0,1),(2905,22,'Silverado crew cab\r',0,1),(2906,22,'Silverado 3500 hd ltz crew cab\r',0,1),(2907,22,'Silverado 2500 hd ltz extended cab\r',0,1),(2908,22,'Jay lenos corvette c6rs e85\r',0,1),(2909,22,'Hhr panel\r',0,1),(2910,22,'Groove concept\r',0,1),(2911,22,'Camaro convertible concept\r',0,1),(2912,22,'Beat concept\r',0,1),(2913,22,'Avalanche ltz\r',0,1),(2914,22,'34 coupe e85 concept\r',0,1),(2915,22,'Wtcc ultra concept\r',0,1),(2916,22,'Trailblazer ss\r',0,1),(2917,22,'Silverado z71 extended cab\r',0,1),(2918,22,'Silverado intimidator ss\r',0,1),(2919,22,'Silverado hydrogen military vehicle\r',0,1),(2920,22,'Sequel concept\r',0,1),(2921,22,'Nubira station wagon wtcc r\r',0,1),(2922,22,'Monte carlo ss\r',0,1),(2923,22,'Malibu ss\r',0,1),(2924,22,'Malibu maxx ss\r',0,1),(2925,22,'Kodiak c4500\r',0,1),(2926,22,'Impala ss\r',0,1),(2927,22,'Impala\r',0,1),(2928,22,'Hhr lt\r',0,1),(2929,22,'Epica\r',0,1),(2930,22,'Corvette z06 daytona 500 pace car\r',0,1),(2931,22,'Corvette z06\r',0,1),(2932,22,'Cobalt ss\r',0,1),(2933,22,'Cobalt lt\r',0,1),(2934,22,'Celta\r',0,1),(2935,23,'X6 m\r',0,1),(2936,23,'X5 xdrive40e\r',0,1),(2937,23,'X5 m\r',0,1),(2938,23,'X1\r',0,1),(2939,23,'M3 sedan\r',0,1),(2940,23,'M135i\r',0,1),(2941,23,'750li xdrive new\r',0,1),(2942,23,'730d new\r',0,1),(2943,23,'7-series\r',0,1),(2944,23,'435i zhp coupe\r',0,1),(2945,23,'3-series touring\r',0,1),(2946,23,'3-series\r',0,1),(2947,23,'2-series gran tourer\r',0,1),(2948,23,'1-series urban line\r',0,1),(2949,23,'1-series 3-door\r',0,1),(2950,23,'1-series\r',0,1),(2951,23,'I8\r',0,1),(2952,23,'X6 m performance parts\r',0,1),(2953,23,'X6\r',0,1),(2954,23,'X4\r',0,1),(2955,23,'X3\r',0,1),(2956,23,'M6 coupe\r',0,1),(2957,23,'M4 iconic lights concept\r',0,1),(2958,23,'M4 gts concept\r',0,1),(2959,23,'M4 coupe motogp safety car\r',0,1),(2960,23,'M4 coupe\r',0,1),(2961,23,'M4 convertible\r',0,1),(2962,23,'M3 sedan\r',0,1),(2963,23,'M235i convertible\r',0,1),(2964,23,'6-series gran coupe\r',0,1),(2965,23,'6-series coupe\r',0,1),(2966,23,'6-series convertible\r',0,1),(2967,23,'520d touring\r',0,1),(2968,23,'518d\r',0,1),(2969,23,'428i gran coupe m sport\r',0,1),(2970,23,'4-series gran coupe\r',0,1),(2971,23,'3.0 csl hommage r concept\r',0,1),(2972,23,'3.0 csl hommage concept\r',0,1),(2973,23,'2-series convertible m performance parts\r',0,1),(2974,23,'2-series convertible\r',0,1),(2975,23,'2-series active tourer\r',0,1),(2976,23,'I3\r',0,1),(2977,23,'Z4 roadster\r',0,1),(2978,23,'X6 m design edition\r',0,1),(2979,23,'X5 with m performance parts\r',0,1),(2980,23,'X5 m50d\r',0,1),(2981,23,'X5\r',0,1),(2982,23,'Vision future luxury concept\r',0,1),(2983,23,'M6 gran coupe\r',0,1),(2984,23,'M6 coupe competition package\r',0,1),(2985,23,'M5 30 jahre m5\r',0,1),(2986,23,'M5\r',0,1),(2987,23,'M4 coupe motogp safety car\r',0,1),(2988,23,'M4 coupe dtm safety car\r',0,1),(2989,23,'M235i coupe\r',0,1),(2990,23,'5 activehybrid\r',0,1),(2991,23,'5-series touring\r',0,1),(2992,23,'5-series gran turismo\r',0,1),(2993,23,'5-series\r',0,1),(2994,23,'435i coupe\r',0,1),(2995,23,'4-series coupe m performance parts\r',0,1),(2996,23,'4-series coupe\r',0,1),(2997,23,'4-series convertible\r',0,1),(2998,23,'3-series gran turismo\r',0,1),(2999,23,'2-series coupe with m performance parts\r',0,1),(3000,23,'2-series coupe\r',0,1),(3001,23,'X6 m50d\r',0,1),(3002,23,'X6\r',0,1),(3003,23,'X5 edrive concept\r',0,1),(3004,23,'X5 security plus concept\r',0,1),(3005,23,'X5 m50d\r',0,1),(3006,23,'X4 concept\r',0,1),(3007,23,'X1\r',0,1),(3008,23,'Pininfarina gran lusso coupe\r',0,1),(3009,23,'M6 coupe us-version\r',0,1),(3010,23,'M6 coupe\r',0,1),(3011,23,'M6 convertible\r',0,1),(3012,23,'M5 us-version\r',0,1),(3013,23,'M550d xdrive touring\r',0,1),(3014,23,'M550d xdrive\r',0,1),(3015,23,'M4 coupe concept\r',0,1),(3016,23,'M135i\r',0,1),(3017,23,'Active tourer outdoor concept\r',0,1),(3018,23,'7 activehybrid\r',0,1),(3019,23,'750li\r',0,1),(3020,23,'7-series\r',0,1),(3021,23,'640i gran coupe\r',0,1),(3022,23,'640d xdrive coupe\r',0,1),(3023,23,'6-series gran coupe uk version\r',0,1),(3024,23,'6-series gran coupe\r',0,1),(3025,23,'5 activehybrid\r',0,1),(3026,23,'4-series coupe concept\r',0,1),(3027,23,'3 activehybrid\r',0,1),(3028,23,'3-series touring\r',0,1),(3029,23,'3-series long wheelbase\r',0,1),(3030,23,'1-series 3-door\r',0,1),(3031,23,'I8 spyder concept\r',0,1),(3032,23,'I3 coupe concept\r',0,1),(3033,23,'Zagato roadster concept\r',0,1),(3034,23,'Zagato coupe concept\r',0,1),(3035,23,'M5 uk version\r',0,1),(3036,23,'M5\r',0,1),(3037,23,'M3 dtm champion edition\r',0,1),(3038,23,'M3 crt\r',0,1),(3039,23,'M135i concept\r',0,1),(3040,23,'Active tourer concept\r',0,1),(3041,23,'650i convertible\r',0,1),(3042,23,'640d coupe\r',0,1),(3043,23,'6-series coupe\r',0,1),(3044,23,'6-series convertible\r',0,1),(3045,23,'3-series\r',0,1),(3046,23,'1-series urban line\r',0,1),(3047,23,'1-series sport line\r',0,1),(3048,23,'1-series coupe\r',0,1),(3049,23,'1-series convertible\r',0,1),(3050,23,'1-series\r',0,1),(3051,23,'I8 concept\r',0,1),(3052,23,'I3 concept\r',0,1),(3053,23,'Z4\r',0,1),(3054,23,'X5\r',0,1),(3055,23,'X3 xdrive35i\r',0,1),(3056,23,'X3 xdrive20d\r',0,1),(3057,23,'X3\r',0,1),(3058,23,'X1 xdrive28i\r',0,1),(3059,23,'M5 concept\r',0,1),(3060,23,'M3 pickup concept\r',0,1),(3061,23,'M3 gts\r',0,1),(3062,23,'M3 frozen gray\r',0,1),(3063,23,'Connecteddrive concept\r',0,1),(3064,23,'Activee concept\r',0,1),(3065,23,'750li\r',0,1),(3066,23,'5-series touring\r',0,1),(3067,23,'5-series long-wheelbase\r',0,1),(3068,23,'5-series\r',0,1),(3069,23,'335is coupe\r',0,1),(3070,23,'328 hommage concept\r',0,1),(3071,23,'3-series coupe\r',0,1),(3072,23,'3-series convertible\r',0,1),(3073,23,'1-series m coupe us version\r',0,1),(3074,23,'1-series m coupe uk version\r',0,1),(3075,23,'1-series m coupe motogp safety car\r',0,1),(3076,23,'1-series m coupe\r',0,1),(3077,23,'Z4 uk version\r',0,1),(3078,23,'Z4 gt3\r',0,1),(3079,23,'Z4\r',0,1),(3080,23,'X6 m\r',0,1),(3081,23,'X6 activehybrid\r',0,1),(3082,23,'X5 m\r',0,1),(3083,23,'X1\r',0,1),(3084,23,'Scooter c concept\r',0,1),(3085,23,'M3\r',0,1),(3086,23,'Gran coupe concept\r',0,1),(3087,23,'Activee concept\r',0,1),(3088,23,'7 activehybrid\r',0,1),(3089,23,'760li\r',0,1),(3090,23,'7-series high security\r',0,1),(3091,23,'6-series coupe concept\r',0,1),(3092,23,'5-series gran turismo\r',0,1),(3093,23,'5-series activehybrid concept\r',0,1),(3094,23,'320d efficientdynamics\r',0,1),(3095,23,'135i coupe\r',0,1),(3096,23,'135i convertible\r',0,1),(3097,23,'X6 uk version\r',0,1),(3098,23,'X6\r',0,1),(3099,23,'X5 xdrive35d blueperformance\r',0,1),(3100,23,'X5 security plus\r',0,1),(3101,23,'X5 security\r',0,1),(3102,23,'X3 limited sport edition\r',0,1),(3103,23,'M3 saloon uk version\r',0,1),(3104,23,'M3 race version\r',0,1),(3105,23,'M3 convertible uk version\r',0,1),(3106,23,'M3 convertible\r',0,1),(3107,23,'Efficientdynamics concept\r',0,1),(3108,23,'750li\r',0,1),(3109,23,'730d\r',0,1),(3110,23,'7-series uk version\r',0,1),(3111,23,'7-series\r',0,1),(3112,23,'5-series gran turismo concept\r',0,1),(3113,23,'335d blueperformance\r',0,1),(3114,23,'3-series uk version\r',0,1),(3115,23,'3-series touring uk version\r',0,1),(3116,23,'3-series touring\r',0,1),(3117,23,'3-series\r',0,1),(3118,23,'1-series convertible uk version\r',0,1),(3119,23,'X5 m-package\r',0,1),(3120,23,'X1 concept\r',0,1),(3121,23,'M5 touring\r',0,1),(3122,23,'M3 sedan us-version\r',0,1),(3123,23,'M3 sedan\r',0,1),(3124,23,'M3 coupe us-version\r',0,1),(3125,23,'M3 coupe uk version\r',0,1),(3126,23,'M3 coupe\r',0,1),(3127,23,'M1 concept\r',0,1),(3128,23,'M-zero concept\r',0,1),(3129,23,'Gina light visionary model concept\r',0,1),(3130,23,'Efficientdynamics concept\r',0,1),(3131,23,'Coupe range\r',0,1),(3132,23,'7-series activehybrid concept\r',0,1),(3133,23,'650i convertible\r',0,1),(3134,23,'635d coupe\r',0,1),(3135,23,'530i\r',0,1),(3136,23,'5-series touring\r',0,1),(3137,23,'5-series security\r',0,1),(3138,23,'5-series\r',0,1),(3139,23,'135i coupe\r',0,1),(3140,23,'128i convertible\r',0,1),(3141,23,'1-series range\r',0,1),(3142,23,'1-series coupe\r',0,1),(3143,23,'1-series cabrio\r',0,1),(3144,23,'1-series 5-door\r',0,1),(3145,23,'1-series 3-door\r',0,1),(3146,23,'X6 concept\r',0,1),(3147,23,'X6 activehybrid concept\r',0,1),(3148,23,'X5 4.8i\r',0,1),(3149,23,'X5 3.0d\r',0,1),(3150,23,'X3\r',0,1),(3151,23,'M6 convertible neiman marcus\r',0,1),(3152,23,'M6 cabrio\r',0,1),(3153,23,'M5\r',0,1),(3154,23,'M3 concept\r',0,1),(3155,23,'Hydrogen 7\r',0,1),(3156,23,'Concept cs\r',0,1),(3157,23,'530li\r',0,1),(3158,23,'335i coupe\r',0,1),(3159,23,'335i convertible\r',0,1),(3160,23,'1-series tii concept\r',0,1),(3161,23,'Z4 roadster\r',0,1),(3162,23,'Z4 m roadster\r',0,1),(3163,23,'Z4 m coupe uk version\r',0,1),(3164,23,'Z4 m coupe\r',0,1),(3165,23,'Z4 coupe\r',0,1),(3166,23,'Mille miglia coupe concept\r',0,1),(3167,23,'Art car collection\r',0,1),(3168,23,'7 series high security\r',0,1),(3169,23,'760li\r',0,1),(3170,23,'750i\r',0,1),(3171,23,'750li with shadow line\r',0,1),(3172,23,'750li\r',0,1),(3173,23,'330i\r',0,1),(3174,23,'325i touring\r',0,1),(3175,23,'320si e90 wtcc\r',0,1),(3176,23,'320si\r',0,1),(3177,23,'320d touring\r',0,1),(3178,23,'320d\r',0,1),(3179,23,'Z4 coupe concept\r',0,1),(3180,23,'X5\r',0,1),(3181,23,'X3 efficientdynamics concept\r',0,1),(3182,23,'X3\r',0,1),(3183,23,'M6\r',0,1),(3184,23,'M5\r',0,1),(3185,23,'H2r\r',0,1),(3186,23,'630i\r',0,1),(3187,23,'545i touring\r',0,1),(3188,23,'530xi touring\r',0,1),(3189,23,'530xi\r',0,1),(3190,23,'530d touring\r',0,1),(3191,23,'330i m-package\r',0,1),(3192,23,'320d touring\r',0,1),(3193,23,'130i m-package\r',0,1),(3194,23,'130i\r',0,1),(3195,23,'120i uk version\r',0,1),(3196,23,'120i\r',0,1),(3197,23,'120d\r',0,1),(3198,23,'X5 4.8is\r',0,1),(3199,23,'X5 4.4i\r',0,1),(3200,23,'X3 3.0i\r',0,1),(3201,23,'X3 2.0d\r',0,1),(3202,23,'H2r hydrogen racecar\r',0,1),(3203,23,'Concept m5\r',0,1),(3204,23,'645ci convertible\r',0,1),(3205,23,'645ci\r',0,1),(3206,23,'5 series\r',0,1),(3207,23,'530i\r',0,1),(3208,23,'530d\r',0,1),(3209,23,'330ci coupe\r',0,1),(3210,23,'330ci convertible\r',0,1),(3211,23,'330cd coupe\r',0,1),(3212,23,'325ci coupe\r',0,1),(3213,23,'320cd convertible\r',0,1),(3214,23,'318ci convertible\r',0,1),(3215,23,'Z4 2.5i\r',0,1),(3216,23,'Z4\r',0,1),(3217,23,'M3 csl\r',0,1),(3218,23,'760li e66\r',0,1),(3219,23,'325ti compact\r',0,1),(3220,23,'3-series compact\r',0,1),(3221,23,'Xactivity concept\r',0,1),(3222,23,'X5 4.6is\r',0,1),(3223,23,'Cs1 concept\r',0,1),(3224,23,'7 series\r',0,1),(3225,23,'760i\r',0,1),(3226,23,'760li yachtline concept\r',0,1),(3227,23,'740d\r',0,1),(3228,23,'730d\r',0,1),(3229,23,'3-series touring\r',0,1),(3230,23,'3-series\r',0,1),(3231,23,'Z8\r',0,1),(3232,23,'Z18 concept\r',0,1),(3233,23,'X coupe concept\r',0,1),(3234,23,'M5\r',0,1),(3235,23,'M3 convertible\r',0,1),(3236,23,'M3\r',0,1),(3237,23,'L7\r',0,1),(3238,23,'740il\r',0,1),(3239,23,'740i\r',0,1),(3240,23,'5 series\r',0,1),(3241,23,'540i protection\r',0,1),(3242,23,'540i m sportpaket\r',0,1),(3243,23,'530i\r',0,1),(3244,23,'530d\r',0,1),(3245,23,'525i\r',0,1),(3246,23,'Z9 convertible concept\r',0,1),(3247,23,'7 series protection\r',0,1),(3248,23,'750il\r',0,1),(3249,23,'740i\r',0,1),(3250,23,'Z9 gran turismo concept\r',0,1),(3251,23,'X5\r',0,1),(3252,23,'M roadster\r',0,1),(3253,23,'M coupe\r',0,1),(3254,23,'740i\r',0,1),(3255,23,'Z07 concept\r',0,1),(3256,23,'Z3\r',0,1),(3257,23,'3 series coupe\r',0,1),(3258,23,'328i\r',0,1),(3259,23,'M5\r',0,1),(3260,23,'M3 sedan\r',0,1),(3261,23,'Just 4-2 concept\r',0,1),(3262,23,'Z13 concept\r',0,1),(3263,23,'M3 gt\r',0,1),(3264,23,'M3 cabriolet\r',0,1),(3265,23,'3 series\r',0,1),(3266,23,'M3 coupe\r',0,1),(3267,23,'325i\r',0,1),(3268,24,'Q7 e-tron 3.0 tdi quattro\r',0,1),(3269,24,'Q7 e-tron 2.0 tfsi quattro\r',0,1),(3270,24,'A6l e-tron\r',0,1),(3271,24,'S8 plus\r',0,1),(3272,24,'Rs3 sportback\r',0,1),(3273,24,'R8 e-tron\r',0,1),(3274,24,'R8 v10 plus\r',0,1),(3275,24,'R8 v10\r',0,1),(3276,24,'Q7\r',0,1),(3277,24,'A4 avant\r',0,1),(3278,24,'A4 new\r',0,1),(3279,24,'Tt roadster\r',0,1),(3280,24,'Tt coupe\r',0,1),(3281,24,'Tt clubsport turbo concept\r',0,1),(3282,24,'Tts roadster\r',0,1),(3283,24,'Tts coupe\r',0,1),(3284,24,'S7 sportback\r',0,1),(3285,24,'S6 avant\r',0,1),(3286,24,'S6\r',0,1),(3287,24,'S3 sedan\r',0,1),(3288,24,'S3 cabriolet\r',0,1),(3289,24,'S1 sportback\r',0,1),(3290,24,'S1\r',0,1),(3291,24,'Rs q3\r',0,1),(3292,24,'Rs7 sportback\r',0,1),(3293,24,'Rs6 avant\r',0,1),(3294,24,'Rs5 coupe sport edition\r',0,1),(3295,24,'R8 competition\r',0,1),(3296,24,'R8 lmx\r',0,1),(3297,24,'R8 lms\r',0,1),(3298,24,'R18 e-tron quattro racecar\r',0,1),(3299,24,'Q3\r',0,1),(3300,24,'Prologue piloted driving concept\r',0,1),(3301,24,'Prologue avant concept\r',0,1),(3302,24,'Prologue allroad concept\r',0,1),(3303,24,'A8 l security\r',0,1),(3304,24,'A7 sportback 3.0 tdi competition\r',0,1),(3305,24,'A7 sportback\r',0,1),(3306,24,'A6 allroad quattro\r',0,1),(3307,24,'A6 avant\r',0,1),(3308,24,'A6\r',0,1),(3309,24,'A1 sportback\r',0,1),(3310,24,'A1\r',0,1),(3311,24,'Tt quattro sport concept\r',0,1),(3312,24,'Tt sportback concept\r',0,1),(3313,24,'Tt offroad concept\r',0,1),(3314,24,'Sport quattro laserlight concept\r',0,1),(3315,24,'Sq5 3.0 tfsi\r',0,1),(3316,24,'S8\r',0,1),(3317,24,'S3 sportback\r',0,1),(3318,24,'S3\r',0,1),(3319,24,'Rs q3\r',0,1),(3320,24,'Rs7 sportback\r',0,1),(3321,24,'Rs6 avant\r',0,1),(3322,24,'Rs5 tdi concept\r',0,1),(3323,24,'Rs5 cabriolet\r',0,1),(3324,24,'Rs4 avant nogaro selection\r',0,1),(3325,24,'R18 e-tron quattro lmp1 racecar\r',0,1),(3326,24,'Prologue concept\r',0,1),(3327,24,'Allroad shooting brake concept\r',0,1),(3328,24,'A8l\r',0,1),(3329,24,'A8\r',0,1),(3330,24,'A7 sportback h-tron quattro concept\r',0,1),(3331,24,'A3 sportback g-tron\r',0,1),(3332,24,'A3 sportback s-line\r',0,1),(3333,24,'A3 sedan\r',0,1),(3334,24,'A3 clubsport quattro concept\r',0,1),(3335,24,'A3 cabriolet\r',0,1),(3336,24,'Tt ultra quattro concept\r',0,1),(3337,24,'Tt rs plus\r',0,1),(3338,24,'Tts roadster competition\r',0,1),(3339,24,'Tts coupe competition\r',0,1),(3340,24,'Sport quattro concept\r',0,1),(3341,24,'Sq5 tdi\r',0,1),(3342,24,'S8\r',0,1),(3343,24,'S7 sportback\r',0,1),(3344,24,'S6 avant\r',0,1),(3345,24,'S6\r',0,1),(3346,24,'S4 avant\r',0,1),(3347,24,'S4\r',0,1),(3348,24,'Rs5 dtm\r',0,1),(3349,24,'Rs4 avant\r',0,1),(3350,24,'R8 e-tron concept\r',0,1),(3351,24,'R8 v10 plus\r',0,1),(3352,24,'R8 v10 spyder\r',0,1),(3353,24,'R8 v10\r',0,1),(3354,24,'R8\r',0,1),(3355,24,'Q5\r',0,1),(3356,24,'Nanuk quattro concept\r',0,1),(3357,24,'A8 l hybrid\r',0,1),(3358,24,'A8 hybrid\r',0,1),(3359,24,'A6 allroad quattro\r',0,1),(3360,24,'A6 black edition\r',0,1),(3361,24,'A4 allroad quattro\r',0,1),(3362,24,'A4 avant\r',0,1),(3363,24,'A4\r',0,1),(3364,24,'A3 e-tron concept\r',0,1),(3365,24,'A3\r',0,1),(3366,24,'A1 quattro\r',0,1),(3367,24,'E-bike worthersee concept\r',0,1),(3368,24,'S5 sportback\r',0,1),(3369,24,'S5 cabriolet\r',0,1),(3370,24,'S5\r',0,1),(3371,24,'Rs q3 concept\r',0,1),(3372,24,'Rs5\r',0,1),(3373,24,'Rs3 sportback\r',0,1),(3374,24,'R8 gt spyder\r',0,1),(3375,24,'R8 exclusive selection\r',0,1),(3376,24,'Q5 hybrid quattro\r',0,1),(3377,24,'Q3 vail concept\r',0,1),(3378,24,'Q3 jinlong yufeng concept\r',0,1),(3379,24,'Q3\r',0,1),(3380,24,'Crosslane coupe concept\r',0,1),(3381,24,'A8 l security\r',0,1),(3382,24,'A6 l e-tron concept\r',0,1),(3383,24,'A6 hybrid\r',0,1),(3384,24,'A6 avant\r',0,1),(3385,24,'A6\r',0,1),(3386,24,'A5 sportback\r',0,1),(3387,24,'A5 dtm\r',0,1),(3388,24,'A5 coupe\r',0,1),(3389,24,'A5 cabriolet\r',0,1),(3390,24,'A1 amplified\r',0,1),(3391,24,'A1 sportback\r',0,1),(3392,24,'Urban spyder concept\r',0,1),(3393,24,'Urban concept\r',0,1),(3394,24,'Tt roadster\r',0,1),(3395,24,'Tt coupe\r',0,1),(3396,24,'Tts roadster\r',0,1),(3397,24,'Tts coupe\r',0,1),(3398,24,'S5 sportback\r',0,1),(3399,24,'Rs5\r',0,1),(3400,24,'R8 spyder 5.2 fsi quattro\r',0,1),(3401,24,'R8 spyder 4.2 fsi quattro\r',0,1),(3402,24,'R8 gt\r',0,1),(3403,24,'R18\r',0,1),(3404,24,'Q7\r',0,1),(3405,24,'A8 l\r',0,1),(3406,24,'A8\r',0,1),(3407,24,'A7 sportback\r',0,1),(3408,24,'A3 e-tron concept\r',0,1),(3409,24,'A3 sportback\r',0,1),(3410,24,'A3 concept\r',0,1),(3411,24,'A3 cabriolet\r',0,1),(3412,24,'A3\r',0,1),(3413,24,'A2 concept\r',0,1),(3414,24,'A1 clubsport quattro concept\r',0,1),(3415,24,'A1\r',0,1),(3416,24,'Quattro concept\r',0,1),(3417,24,'E-tron spyder concept\r',0,1),(3418,24,'E-tron concept\r',0,1),(3419,24,'Tt rs roadster\r',0,1),(3420,24,'Tt rs\r',0,1),(3421,24,'Tt gt4 concept\r',0,1),(3422,24,'S5 cabriolet\r',0,1),(3423,24,'R8 v10 5.2 fsi quattro\r',0,1),(3424,24,'Q7\r',0,1),(3425,24,'A8 hybrid concept\r',0,1),(3426,24,'A5 sportback\r',0,1),(3427,24,'A5 cabriolet\r',0,1),(3428,24,'A4 allroad quattro\r',0,1),(3429,24,'A1 e-tron concept\r',0,1),(3430,24,'E-tron concept\r',0,1),(3431,24,'Tts roadster\r',0,1),(3432,24,'Tts coupe\r',0,1),(3433,24,'Sportback concept\r',0,1),(3434,24,'S6 avant\r',0,1),(3435,24,'S6\r',0,1),(3436,24,'S4 avant\r',0,1),(3437,24,'S4\r',0,1),(3438,24,'S3 sportback\r',0,1),(3439,24,'S3\r',0,1),(3440,24,'Rs6\r',0,1),(3441,24,'R8 gt3\r',0,1),(3442,24,'Q7 v12 tdi\r',0,1),(3443,24,'Q5 custom concept\r',0,1),(3444,24,'Q5\r',0,1),(3445,24,'A6 allroad quattro\r',0,1),(3446,24,'A6 avant\r',0,1),(3447,24,'A6\r',0,1),(3448,24,'A4 avant\r',0,1),(3449,24,'A4\r',0,1),(3450,24,'A3 sportback\r',0,1),(3451,24,'A3\r',0,1),(3452,24,'Tt clubsport quattro concept\r',0,1),(3453,24,'Tt roadster 3.2 quattro\r',0,1),(3454,24,'Tt coupe\r',0,1),(3455,24,'S8\r',0,1),(3456,24,'S6\r',0,1),(3457,24,'S5\r',0,1),(3458,24,'S4 cabriolet\r',0,1),(3459,24,'Rs6 avant uk version\r',0,1),(3460,24,'Rs6 avant\r',0,1),(3461,24,'Rs4 cabriolet\r',0,1),(3462,24,'Rs4\r',0,1),(3463,24,'R8 v12 tdi concept\r',0,1),(3464,24,'R8 tdi le mans concept\r',0,1),(3465,24,'R8\r',0,1),(3466,24,'Q7\r',0,1),(3467,24,'A8 l\r',0,1),(3468,24,'A8 4.2 tdi quattro\r',0,1),(3469,24,'A8l w12 quattro\r',0,1),(3470,24,'A8\r',0,1),(3471,24,'A6 avant\r',0,1),(3472,24,'A6\r',0,1),(3473,24,'A5 3.0 tdi quattro\r',0,1),(3474,24,'A5\r',0,1),(3475,24,'A4 us version\r',0,1),(3476,24,'A4 tdi concept e\r',0,1),(3477,24,'A4 cabriolet\r',0,1),(3478,24,'A4\r',0,1),(3479,24,'A3 us version\r',0,1),(3480,24,'A3 tdi clubsport quattro concept\r',0,1),(3481,24,'A3 cabriolet\r',0,1),(3482,24,'A1 sportback concept\r',0,1),(3483,24,'Metroproject quattro concept\r',0,1),(3484,24,'Tt clubsport quattro concept\r',0,1),(3485,24,'Tt roadster 2.0 tfsi\r',0,1),(3486,24,'Tt roadster\r',0,1),(3487,24,'Tt coupe s-line\r',0,1),(3488,24,'Tt coupe\r',0,1),(3489,24,'S3\r',0,1),(3490,24,'R8\r',0,1),(3491,24,'Q7 v12 tdi concept\r',0,1),(3492,24,'Q7 v12 tdi\r',0,1),(3493,24,'Cross coupe quattro concept\r',0,1),(3494,24,'Cross cabriolet quattro concept\r',0,1),(3495,24,'S8\r',0,1),(3496,24,'S6 avant\r',0,1),(3497,24,'S6\r',0,1),(3498,24,'S4 cabriolet\r',0,1),(3499,24,'Roadjet concept\r',0,1),(3500,24,'Rs 4 cabriolet\r',0,1),(3501,24,'Rs 4 avant\r',0,1),(3502,24,'Rs4\r',0,1),(3503,24,'Q7\r',0,1),(3504,24,'A8 security\r',0,1),(3505,24,'A6 allroad quattro\r',0,1),(3506,24,'A4 cabriolet\r',0,1),(3507,24,'A3 2.0t\r',0,1),(3508,24,'Allroad quattro v8 4.2\r',0,1),(3509,24,'Allroad quattro v6 2.7t\r',0,1),(3510,24,'Tt quattro sport\r',0,1),(3511,24,'Tt roadster 3.2\r',0,1),(3512,24,'Tt roadster 1.8t\r',0,1),(3513,24,'Tt coupe 3.2\r',0,1),(3514,24,'Tt coupe 1.8t\r',0,1),(3515,24,'Shooting brake concept\r',0,1),(3516,24,'S4 cabriolet\r',0,1),(3517,24,'S4 avant\r',0,1),(3518,24,'S4\r',0,1),(3519,24,'Rs4\r',0,1),(3520,24,'Q7 hybrid concept\r',0,1),(3521,24,'Allroad quattro concept\r',0,1),(3522,24,'A8 l w12\r',0,1),(3523,24,'A8 l 4.2\r',0,1),(3524,24,'A8 4.2 tdi quattro\r',0,1),(3525,24,'A8 4.2\r',0,1),(3526,24,'A8 3.2 fsi quattro\r',0,1),(3527,24,'A8l 4.2 tdi quattro\r',0,1),(3528,24,'A6 avant\r',0,1),(3529,24,'A6 4.2 quattro sline\r',0,1),(3530,24,'A6 3.2\r',0,1),(3531,24,'A6 3.0 tdi quattro\r',0,1),(3532,24,'A6l\r',0,1),(3533,24,'A4 dtm edition\r',0,1),(3534,24,'A4 cabriolet\r',0,1),(3535,24,'A4 avant 3.2 quattro\r',0,1),(3536,24,'A4 3.2 quattro\r',0,1),(3537,24,'A4 3.0 tdi quattro\r',0,1),(3538,24,'A4 2.0t\r',0,1),(3539,24,'A3 2.0 tdi 3-door\r',0,1),(3540,24,'S4 cabriolet\r',0,1),(3541,24,'Rsq concept\r',0,1),(3542,24,'Rs6 plus\r',0,1),(3543,24,'A8 l 6.0 w12 quattro\r',0,1),(3544,24,'A8 l 3.0 quattro\r',0,1),(3545,24,'A8 4.2 quattro\r',0,1),(3546,24,'A8 3.7 quattro\r',0,1),(3547,24,'A8 3.0 tdi quattro\r',0,1),(3548,24,'A8\r',0,1),(3549,24,'A3 sportback quattro\r',0,1),(3550,24,'A3 sportback s-line\r',0,1),(3551,24,'A3 sportback\r',0,1),(3552,24,'A3 3-door\r',0,1),(3553,24,'Allroad quattro\r',0,1),(3554,24,'Tt roadster 3.2 quattro\r',0,1),(3555,24,'Tt 3.2 dsg quattro\r',0,1),(3556,24,'Pikes peake quattro concept\r',0,1),(3557,24,'Nuvolari quattro concept\r',0,1),(3558,24,'Le mans quattro concept\r',0,1),(3559,24,'A8 l 4.2 quattro\r',0,1),(3560,24,'A8 4.0 tdi quattro\r',0,1),(3561,24,'A4\r',0,1),(3562,24,'A3 3.2 v6 3-door\r',0,1),(3563,24,'A3 3-door\r',0,1),(3564,24,'A2\r',0,1),(3565,24,'Allroad quattro 4.2\r',0,1),(3566,24,'Allroad quattro\r',0,1),(3567,24,'Tt roadster\r',0,1),(3568,24,'S6 avant\r',0,1),(3569,24,'S6\r',0,1),(3570,24,'S4 avant\r',0,1),(3571,24,'S4\r',0,1),(3572,24,'S3\r',0,1),(3573,24,'Rs6 sedan\r',0,1),(3574,24,'Rs6 avant\r',0,1),(3575,24,'Rs6\r',0,1),(3576,24,'A6\r',0,1),(3577,24,'A4 cabriolet 3.0\r',0,1),(3578,24,'A4 cabriolet 2.4\r',0,1),(3579,24,'A4 cabriolet 1.8 t\r',0,1),(3580,24,'A4 cabriolet\r',0,1),(3581,24,'A4 avant\r',0,1),(3582,24,'A4\r',0,1),(3583,24,'A3 3-door\r',0,1),(3584,24,'A2\r',0,1),(3585,24,'Tt coupe\r',0,1),(3586,24,'Avantissimo concept\r',0,1),(3587,24,'A8 l 6.0 quattro\r',0,1),(3588,24,'A6 avant\r',0,1),(3589,24,'A6\r',0,1),(3590,24,'A4 avant\r',0,1),(3591,24,'A4\r',0,1),(3592,24,'A2\r',0,1),(3593,24,'Allroad quattro 2.7t\r',0,1),(3594,24,'Allroad quattro 2.5 tdi\r',0,1),(3595,24,'Allroad quattro\r',0,1),(3596,24,'Tt roadster hardtop\r',0,1),(3597,24,'Tt roadster\r',0,1),(3598,24,'Steppenwolf concept\r',0,1),(3599,24,'S3\r',0,1),(3600,24,'Rosemeyer concept\r',0,1),(3601,24,'Rs4\r',0,1),(3602,24,'A8 l 6.0 quattro\r',0,1),(3603,24,'A4\r',0,1),(3604,24,'A3 5-door\r',0,1),(3605,24,'A3 3-door\r',0,1),(3606,24,'A2\r',0,1),(3607,24,'Tt coupe\r',0,1),(3608,24,'S8\r',0,1),(3609,24,'S6 avant\r',0,1),(3610,24,'S6\r',0,1),(3611,24,'S4 avant\r',0,1),(3612,24,'S3\r',0,1),(3613,24,'Rs4\r',0,1),(3614,24,'R8r\r',0,1),(3615,24,'A8 l 4.2 quattro\r',0,1),(3616,24,'A8 3.3 tdi quattro\r',0,1),(3617,24,'A6 4.2 quattro\r',0,1),(3618,24,'A6\r',0,1),(3619,24,'A4 cabriolet 1.9 tdi\r',0,1),(3620,24,'A4 cabriolet\r',0,1),(3621,24,'A4 avant\r',0,1),(3622,24,'A4\r',0,1),(3623,24,'A3 5-door\r',0,1),(3624,24,'A2\r',0,1),(3625,24,'S8\r',0,1),(3626,24,'S4 avant\r',0,1),(3627,24,'S4\r',0,1),(3628,24,'A8\r',0,1),(3629,24,'A6 avant\r',0,1),(3630,24,'A6\r',0,1),(3631,24,'A4 cabriolet\r',0,1),(3632,24,'A4 avant\r',0,1),(3633,24,'A4\r',0,1),(3634,24,'A3 3-door\r',0,1),(3635,24,'200\r',0,1),(3636,24,'S6 avant\r',0,1),(3637,24,'Tt coupe concept\r',0,1),(3638,24,'Tts concept\r',0,1),(3639,24,'S6\r',0,1),(3640,24,'Rs2 avant\r',0,1),(3641,24,'Cabriolet\r',0,1),(3642,24,'Quattro spyder concept\r',0,1),(3643,24,'Avus quattro concept\r',0,1),(3644,24,'80 avant\r',0,1),(3645,24,'100 avant\r',0,1),(3646,24,'100\r',0,1),(3647,24,'V8l quattro\r',0,1),(3648,24,'90 quattro\r',0,1),(3649,24,'200 avant\r',0,1),(3650,24,'200\r',0,1),(3651,24,'Quattro\r',0,1),(3652,24,'V8\r',0,1),(3653,24,'Coupe\r',0,1),(3654,24,'90\r',0,1),(3655,24,'Sport quattro s1\r',0,1),(3656,24,'Coupe gt\r',0,1),(3657,24,'Sport quattro\r',0,1),(3658,24,'100 avant quattro\r',0,1),(3659,24,'Quattro\r',0,1),(3660,24,'100\r',0,1),(3661,24,'100\r',0,1),(3662,24,'Union type c\r',0,1),(3663,24,'Imperator\r',0,1),(3664,25,'Im-4 concept\r',0,1),(3665,25,'Ik-2 concept\r',0,1),(3666,25,'Vitara\r',0,1),(3667,25,'Sx4\r',0,1),(3668,25,'Iv-4 concept\r',0,1),(3669,25,'Swift sport 5-door\r',0,1),(3670,25,'Jimny\r',0,1),(3671,25,'Grand vitara\r',0,1),(3672,25,'Swift sport\r',0,1),(3673,25,'Splash\r',0,1),(3674,25,'S-cross concept\r',0,1),(3675,25,'G70 concept\r',0,1),(3676,25,'Swift s concept\r',0,1),(3677,25,'Swift\r',0,1),(3678,25,'Kizashi sport\r',0,1),(3679,25,'Kizashi ecocharge concept\r',0,1),(3680,25,'Kizashi apex concept\r',0,1),(3681,25,'Sx4\r',0,1),(3682,25,'Kizashi\r',0,1),(3683,25,'Grand vitara 3-door\r',0,1),(3684,25,'Grand vitara\r',0,1),(3685,25,'Alto\r',0,1),(3686,25,'Splash\r',0,1),(3687,25,'Sxforce concept\r',0,1),(3688,25,'Sx4 sedan\r',0,1),(3689,25,'Kizashi 3 concept\r',0,1),(3690,25,'Equator rmz-4 concept\r',0,1),(3691,25,'Equator quay concept\r',0,1),(3692,25,'Equator quad concept\r',0,1),(3693,25,'A-star concept\r',0,1),(3694,25,'Xl7\r',0,1),(3695,25,'Swift sport\r',0,1),(3696,25,'Sx4\r',0,1),(3697,25,'Kizashi concept\r',0,1),(3698,25,'Kizashi 2 concept\r',0,1),(3699,25,'Grand vitara v6\r',0,1),(3700,25,'Swift vvt\r',0,1),(3701,25,'Swift rally car\r',0,1),(3702,25,'Swift\r',0,1),(3703,26,'Tacoma trd off-road\r',0,1),(3704,26,'Tacoma\r',0,1),(3705,26,'Rav4 hybrid\r',0,1),(3706,26,'Mirai\r',0,1),(3707,26,'Land cruiser\r',0,1),(3708,26,'Hilux\r',0,1),(3709,26,'Fortuner\r',0,1),(3710,26,'Avensis\r',0,1),(3711,26,'Avalon\r',0,1),(3712,26,'Auris\r',0,1),(3713,26,'Yaris\r',0,1),(3714,26,'Verso-s\r',0,1),(3715,26,'Tundra trd pro series\r',0,1),(3716,26,'Tacoma trd pro series\r',0,1),(3717,26,'Prius v\r',0,1),(3718,26,'Prius c\r',0,1),(3719,26,'Gt86 blanco\r',0,1),(3720,26,'Camry\r',0,1),(3721,26,'Aygo\r',0,1),(3722,26,'86 style cb\r',0,1),(3723,26,'4runner trd pro series\r',0,1),(3724,26,'Verso\r',0,1),(3725,26,'Tundra\r',0,1),(3726,26,'Land cruiser\r',0,1),(3727,26,'Hilux invincible\r',0,1),(3728,26,'Highlander\r',0,1),(3729,26,'Gt86 trd\r',0,1),(3730,26,'Ft-1 graphite concept\r',0,1),(3731,26,'Ft-1 concept\r',0,1),(3732,26,'Corolla eu-version\r',0,1),(3733,26,'Corolla\r',0,1),(3734,26,'C-hr concept\r',0,1),(3735,26,'4runner\r',0,1),(3736,26,'Iq ev\r',0,1),(3737,26,'I-road concept\r',0,1),(3738,26,'Yaris trend\r',0,1),(3739,26,'Yaris hybrid-r concept\r',0,1),(3740,26,'Yaris hybrid\r',0,1),(3741,26,'Verso\r',0,1),(3742,26,'Venza\r',0,1),(3743,26,'Rav4 premium concept\r',0,1),(3744,26,'Rav4 ev\r',0,1),(3745,26,'Rav4 eu-version\r',0,1),(3746,26,'Rav4 adventure concept\r',0,1),(3747,26,'Rav4\r',0,1),(3748,26,'Prius plus\r',0,1),(3749,26,'Prius plug-in hybrid\r',0,1),(3750,26,'Me.we concept\r',0,1),(3751,26,'Land cruiser\r',0,1),(3752,26,'Jpn taxi concept\r',0,1),(3753,26,'Gt 86\r',0,1),(3754,26,'Gt86 cs-v3 racecar\r',0,1),(3755,26,'Ft-86 open concept\r',0,1),(3756,26,'Fcv concept\r',0,1),(3757,26,'Corolla furia concept\r',0,1),(3758,26,'Aygo\r',0,1),(3759,26,'Avalon\r',0,1),(3760,26,'Auris touring sports\r',0,1),(3761,26,'Auris ts black concept\r',0,1),(3762,26,'Auris\r',0,1),(3763,26,'Yundong shuangqing concept\r',0,1),(3764,26,'Yaris\r',0,1),(3765,26,'Verso-s\r',0,1),(3766,26,'Tacoma\r',0,1),(3767,26,'Prius v\r',0,1),(3768,26,'Prius c\r',0,1),(3769,26,'Prius\r',0,1),(3770,26,'Ns4 advanced plug-in hybrid concept\r',0,1),(3771,26,'Hilux\r',0,1),(3772,26,'Ft-bh concept\r',0,1),(3773,26,'Fcv-r concept\r',0,1),(3774,26,'Camry hybrid\r',0,1),(3775,26,'Camry daytona 500 pace car\r',0,1),(3776,26,'Camry au version\r',0,1),(3777,26,'Camry\r',0,1),(3778,26,'Avensis\r',0,1),(3779,26,'Aurion\r',0,1),(3780,26,'86 gts\r',0,1),(3781,26,'Yaris hsd concept\r',0,1),(3782,26,'Tacoma\r',0,1),(3783,26,'Sienna\r',0,1),(3784,26,'Sequoia\r',0,1),(3785,26,'Rav4\r',0,1),(3786,26,'Prius c concept\r',0,1),(3787,26,'Matrix\r',0,1),(3788,26,'Highlander hybrid\r',0,1),(3789,26,'Highlander\r',0,1),(3790,26,'Fun vii concept\r',0,1),(3791,26,'Ft-86 ii concept\r',0,1),(3792,26,'Corolla\r',0,1),(3793,26,'Avalon\r',0,1),(3794,26,'Auris hsd\r',0,1),(3795,26,'Iq3\r',0,1),(3796,26,'Yaris\r',0,1),(3797,26,'Verso\r',0,1),(3798,26,'Tundra regular cab\r',0,1),(3799,26,'Tundra crewmax\r',0,1),(3800,26,'Tundra\r',0,1),(3801,26,'Rav4 ev concept\r',0,1),(3802,26,'Prius\r',0,1),(3803,26,'Land cruiser v8\r',0,1),(3804,26,'Land cruiser\r',0,1),(3805,26,'Ft-ev ii concept\r',0,1),(3806,26,'Ft-ch concept\r',0,1),(3807,26,'Ft-86g sports concept\r',0,1),(3808,26,'Corolla\r',0,1),(3809,26,'Camry\r',0,1),(3810,26,'Auris\r',0,1),(3811,26,'4runner\r',0,1),(3812,26,'Iq\r',0,1),(3813,26,'Yaris sedan\r',0,1),(3814,26,'Yaris 5-door\r',0,1),(3815,26,'Yaris 3-door\r',0,1),(3816,26,'Yaris\r',0,1),(3817,26,'Venza\r',0,1),(3818,26,'Urban cruiser\r',0,1),(3819,26,'Rav4 eu version\r',0,1),(3820,26,'Rav4\r',0,1),(3821,26,'Prius plug-in hybrid concept\r',0,1),(3822,26,'Matrix\r',0,1),(3823,26,'Hilux high power\r',0,1),(3824,26,'Hilux\r',0,1),(3825,26,'Ft-ev concept\r',0,1),(3826,26,'Ft-86 concept\r',0,1),(3827,26,'Corolla sedan\r',0,1),(3828,26,'Aygo\r',0,1),(3829,26,'Avensis tourer\r',0,1),(3830,26,'Avensis\r',0,1),(3831,26,'Auris hsd full hybrid concept\r',0,1),(3832,26,'Aurion\r',0,1),(3833,26,'4runner\r',0,1),(3834,26,'Sequoia\r',0,1),(3835,26,'Land cruiser v8\r',0,1),(3836,26,'Land cruiser\r',0,1),(3837,26,'Highlander hybrid\r',0,1),(3838,26,'Highlander\r',0,1),(3839,26,'Camry cng hybrid concept\r',0,1),(3840,26,'Aygo crazy concept\r',0,1),(3841,26,'A-bat concept\r',0,1),(3842,26,'Iq concept\r',0,1),(3843,26,'I-real concept\r',0,1),(3844,26,'Yaris ts\r',0,1),(3845,26,'Yaris\r',0,1),(3846,26,'Tundra crewmax\r',0,1),(3847,26,'Tundra\r',0,1),(3848,26,'Trd aurion\r',0,1),(3849,26,'Rin concept\r',0,1),(3850,26,'Hybrid x concept\r',0,1),(3851,26,'Hi-ct concept\r',0,1),(3852,26,'Ft-mv concept\r',0,1),(3853,26,'Ft-hs concept\r',0,1),(3854,26,'Fj cruiser\r',0,1),(3855,26,'Crown hybrid concept\r',0,1),(3856,26,'Corolla\r',0,1),(3857,26,'Camry xle\r',0,1),(3858,26,'Camry se\r',0,1),(3859,26,'Avensis wagon\r',0,1),(3860,26,'Avensis\r',0,1),(3861,26,'Auris\r',0,1),(3862,26,'1x concept\r',0,1),(3863,26,'Yaris ts concept\r',0,1),(3864,26,'Yaris\r',0,1),(3865,26,'Rav4 x\r',0,1),(3866,26,'Rav4 sports concept\r',0,1),(3867,26,'Rav4\r',0,1),(3868,26,'Fine-t fuel cell hybrid concept\r',0,1),(3869,26,'F3r concept\r',0,1),(3870,26,'Aygo for sport concept\r',0,1),(3871,26,'Avalon xls\r',0,1),(3872,26,'Avalon touring\r',0,1),(3873,26,'Avalon limited\r',0,1),(3874,26,'Auris space concept\r',0,1),(3875,26,'Aurion\r',0,1),(3876,26,'Tacoma xrunner\r',0,1),(3877,26,'Highlander hybrid\r',0,1),(3878,26,'Endo concept\r',0,1),(3879,26,'Corolla sedan\r',0,1),(3880,26,'Tundra nascar craftsman series truck\r',0,1),(3881,26,'Prius\r',0,1),(3882,26,'Motor triathlon race car concept\r',0,1),(3883,26,'Ftx concept\r',0,1),(3884,26,'Corolla verso vvti\r',0,1),(3885,26,'Corolla verso d4d\r',0,1),(3886,26,'Corolla\r',0,1),(3887,26,'Camry solara coupe\r',0,1),(3888,26,'Camry solara convertible v6 se\r',0,1),(3889,26,'Alessandro volta concept italdesign\r',0,1),(3890,26,'Yaris\r',0,1),(3891,26,'Rav4 d4d\r',0,1),(3892,26,'Rav4 3door\r',0,1),(3893,26,'Rav4\r',0,1),(3894,26,'Land cruiser amazon\r',0,1),(3895,26,'Land cruiser 5d\r',0,1),(3896,26,'Land cruiser 3d\r',0,1),(3897,26,'Land cruiser\r',0,1),(3898,26,'Fj cruiser concept\r',0,1),(3899,26,'Fines fuelcell concept\r',0,1),(3900,26,'Celica t sport\r',0,1),(3901,26,'Celica gts\r',0,1),(3902,26,'Celica\r',0,1),(3903,26,'Csands concept\r',0,1),(3904,26,'Avensis sedan\r',0,1),(3905,26,'Avensis liftback\r',0,1),(3906,26,'Avensis estate\r',0,1),(3907,26,'Avensis\r',0,1),(3908,26,'Ist concept\r',0,1),(3909,26,'Yaris t sport\r',0,1),(3910,26,'Yaris verso\r',0,1),(3911,26,'Yaris cabrio concept\r',0,1),(3912,26,'Mr2\r',0,1),(3913,26,'Yaris\r',0,1),(3914,26,'Supra\r',0,1),(3915,26,'Rav4\r',0,1),(3916,26,'Celica gt4\r',0,1);

/*Table structure for table `tbl_car_physical_damages` */

DROP TABLE IF EXISTS `tbl_car_physical_damages`;

CREATE TABLE `tbl_car_physical_damages` (
  `id` int(10) NOT NULL AUTO_INCREMENT,
  `car_id` int(10) NOT NULL,
  `company_id` int(10) NOT NULL,
  `photo` varchar(50) NOT NULL,
  `description` text NOT NULL,
  `created_at` timestamp NOT NULL DEFAULT CURRENT_TIMESTAMP ON UPDATE CURRENT_TIMESTAMP,
  `deleted_status` int(10) NOT NULL DEFAULT '0',
  `status` int(10) NOT NULL DEFAULT '1',
  PRIMARY KEY (`id`),
  KEY `car_id` (`car_id`),
  KEY `tbl_car_physical_damages_ibfk_2` (`company_id`),
  CONSTRAINT `tbl_car_physical_damages_ibfk_1` FOREIGN KEY (`car_id`) REFERENCES `tbl_cars` (`id`) ON DELETE CASCADE ON UPDATE CASCADE,
  CONSTRAINT `tbl_car_physical_damages_ibfk_2` FOREIGN KEY (`company_id`) REFERENCES `tbl_companies` (`id`) ON DELETE CASCADE ON UPDATE CASCADE
) ENGINE=InnoDB AUTO_INCREMENT=9 DEFAULT CHARSET=latin1;

/*Data for the table `tbl_car_physical_damages` */

insert  into `tbl_car_physical_damages`(`id`,`car_id`,`company_id`,`photo`,`description`,`created_at`,`deleted_status`,`status`) values (2,12,5,'8610-one.jpeg','This is Mitsubishi Outlander (KCA 257U) Physical Damage 2','2016-06-17 11:24:38',0,1),(3,12,5,'3598-four.jpeg','This is Mitsubishi Outlander (KCA 257U) Physical Damage 3','2016-06-17 11:25:04',0,1),(4,12,5,'7729-one.jpeg','This is Mitsubishi Outlander (KCA 257U) Physical Damage 4','2016-06-17 11:35:17',0,0),(5,10,5,'8815-five.jpeg','This is Volkswagen Touran (KBJ 254P) Physical Damage 1','2016-06-17 11:37:29',0,1),(6,10,5,'9246-two.jpeg','This is Volkswagen Touran (KBJ 254P) Physical Damage 2','2016-06-17 11:37:56',0,1),(7,10,5,'8698-three.jpeg','This is Volkswagen Touran (KBJ 254P) Physical Damage 3','2016-06-17 11:38:16',0,1),(8,10,5,'6229-five.jpeg','This is Volkswagen Touran (KBJ 254P) Physical Damage 3','2016-06-17 11:38:43',0,1);

/*Table structure for table `tbl_car_years` */

DROP TABLE IF EXISTS `tbl_car_years`;

CREATE TABLE `tbl_car_years` (
  `id` int(10) NOT NULL AUTO_INCREMENT,
  `title` varchar(100) NOT NULL,
  `status` int(10) NOT NULL DEFAULT '1',
  PRIMARY KEY (`id`)
) ENGINE=InnoDB AUTO_INCREMENT=73 DEFAULT CHARSET=utf8;

/*Data for the table `tbl_car_years` */

insert  into `tbl_car_years`(`id`,`title`,`status`) values (1,'2016',1),(2,'2015',1),(3,'2014',1),(4,'2013',1),(5,'2012',1),(6,'2011',1),(7,'2010',1),(8,'2009',1),(9,'2008',1),(10,'2007',1),(11,'2006',1),(12,'2005',1),(13,'2004',1),(14,'2003',1),(15,'2001',1),(16,'2000',1),(17,'1999',1),(18,'1996',1),(19,'1992',1),(20,'2017',1),(21,'2002',1),(22,'1998',1),(23,'1995',1),(24,'1993',1),(25,'1991',1),(26,'1989',1),(27,'1988',1),(28,'1987',1),(29,'1985',1),(30,'1984',1),(31,'1980',1),(32,'1979',1),(33,'1969',1),(34,'1936',1),(35,'1929',1),(36,'1997',1),(37,'1994',1),(38,'1983',1),(39,'1976',1),(40,'1974',1),(41,'1973',1),(42,'1972',1),(43,'1971',1),(44,'1970',1),(45,'1964',1),(46,'1963',1),(47,'1960',1),(48,'1956',1),(49,'1938',1),(50,'1990',1),(51,'1986',1),(52,'1982',1),(53,'1975',1),(54,'1967',1),(55,'1968',1),(56,'1966',1),(57,'1959',1),(58,'1957',1),(59,'1955',1),(60,'1954',1),(61,'1951',1),(62,'1948',1),(63,'1978',1),(64,'1977',1),(65,'1953',1),(66,'1950',1),(67,'1947',1),(68,'1946',1),(69,'1945',1),(70,'1943',1),(71,'1941',1),(72,'1940',1);

/*Table structure for table `tbl_cars` */

DROP TABLE IF EXISTS `tbl_cars`;

CREATE TABLE `tbl_cars` (
  `id` int(10) NOT NULL AUTO_INCREMENT,
  `company_id` int(10) NOT NULL,
  `make_id` int(10) NOT NULL,
  `model_id` int(10) NOT NULL,
  `body_type_id` int(10) NOT NULL,
  `number_plate` varchar(50) NOT NULL,
  `photo` varchar(50) NOT NULL,
  `service_millage` int(10) NOT NULL,
  `year_id` int(10) NOT NULL,
  `consumption` int(10) NOT NULL,
  `fuel_type` varchar(50) NOT NULL,
  `chasis_number` varchar(50) NOT NULL,
  `engine_id` int(10) NOT NULL,
  `millage` varchar(50) NOT NULL,
  `country` varchar(50) NOT NULL,
  `tyre_id` int(10) NOT NULL,
  `last_service_date` date DEFAULT NULL,
  `last_service_millage` varchar(50) DEFAULT NULL,
  `insurance_exp_date` date DEFAULT NULL,
  `spare_tire` int(10) NOT NULL,
  `fire_extinguisher` int(10) NOT NULL,
  `jerk` int(10) NOT NULL,
  `wheel_spanner` int(10) NOT NULL,
  `physical_damages` text,
  `no_physical_damages` int(10) NOT NULL DEFAULT '0',
  `mechanical_issues` text,
  `no_mechanical_issues` int(10) NOT NULL DEFAULT '0',
  `is_assigned` int(10) NOT NULL DEFAULT '0',
  `status` int(10) NOT NULL DEFAULT '1',
  `car_taken_status` int(10) NOT NULL DEFAULT '0',
  `is_default` int(10) NOT NULL DEFAULT '0',
  `created_at` timestamp NOT NULL DEFAULT CURRENT_TIMESTAMP ON UPDATE CURRENT_TIMESTAMP,
  PRIMARY KEY (`id`),
  KEY `make_id` (`make_id`),
  KEY `model_id` (`model_id`),
  KEY `tbl_cars_ibfk_3` (`company_id`),
  KEY `body_type_id` (`body_type_id`),
  KEY `engine_id` (`engine_id`),
  KEY `year_id` (`year_id`),
  KEY `tyre_id` (`tyre_id`),
  CONSTRAINT `tbl_cars_ibfk_3` FOREIGN KEY (`company_id`) REFERENCES `tbl_companies` (`id`) ON DELETE CASCADE ON UPDATE CASCADE,
  CONSTRAINT `tbl_cars_ibfk_4` FOREIGN KEY (`body_type_id`) REFERENCES `tbl_body_type` (`id`) ON DELETE CASCADE ON UPDATE CASCADE,
  CONSTRAINT `tbl_cars_ibfk_5` FOREIGN KEY (`make_id`) REFERENCES `tbl_car_make` (`id`) ON DELETE CASCADE ON UPDATE CASCADE,
  CONSTRAINT `tbl_cars_ibfk_6` FOREIGN KEY (`model_id`) REFERENCES `tbl_car_models` (`id`) ON DELETE CASCADE ON UPDATE CASCADE,
  CONSTRAINT `tbl_cars_ibfk_7` FOREIGN KEY (`engine_id`) REFERENCES `tbl_engines` (`id`) ON DELETE CASCADE ON UPDATE CASCADE,
  CONSTRAINT `tbl_cars_ibfk_8` FOREIGN KEY (`year_id`) REFERENCES `tbl_car_years` (`id`) ON DELETE CASCADE ON UPDATE CASCADE,
  CONSTRAINT `tbl_cars_ibfk_9` FOREIGN KEY (`tyre_id`) REFERENCES `tbl_tyres` (`id`) ON DELETE CASCADE ON UPDATE CASCADE
) ENGINE=InnoDB AUTO_INCREMENT=16 DEFAULT CHARSET=latin1;

/*Data for the table `tbl_cars` */

insert  into `tbl_cars`(`id`,`company_id`,`make_id`,`model_id`,`body_type_id`,`number_plate`,`photo`,`service_millage`,`year_id`,`consumption`,`fuel_type`,`chasis_number`,`engine_id`,`millage`,`country`,`tyre_id`,`last_service_date`,`last_service_millage`,`insurance_exp_date`,`spare_tire`,`fire_extinguisher`,`jerk`,`wheel_spanner`,`physical_damages`,`no_physical_damages`,`mechanical_issues`,`no_mechanical_issues`,`is_assigned`,`status`,`car_taken_status`,`is_default`,`created_at`) values (1,1,1,1,2,'--No Car--','',0,1,0,'','',1,'','',1,NULL,NULL,NULL,0,0,0,0,NULL,0,NULL,0,0,1,0,1,'2016-05-29 15:49:27'),(10,5,2,3,1,'KBJ 254P','39-five.jpeg',35455,3,20,'Diesel','546545',1,'900','Kenya',2,'2016-05-25','465465','2016-06-02',1,0,1,1,'This are the physical damages over here.',0,'This are the mechanical issues',0,1,1,0,0,'2016-06-07 02:17:10'),(11,5,3,253,1,'KBT 257P','2989-one.jpeg',789,10,22,'Petrol','1344',8,'1200','SouthAfrica',11,'2016-05-24','257','2016-05-25',1,1,1,0,'This are the physical damages',0,'This are the mechanical issues',0,1,1,0,0,'2016-05-30 11:46:42'),(12,5,4,457,2,'KCA 257U','3998-six.jpeg',479,3,25,'Diesel','542212',8,'520','Kenya',2,'2016-05-10','2578','2016-05-19',1,1,0,1,'This are the Physical Damages',0,'This are the Mechanical Issues ',0,1,1,0,0,'2016-06-08 01:52:09'),(13,7,5,611,1,'KMB 0247l','1846-five.jpeg',4800,7,25,'Diesel','255',10,'2500','Japan',7,'2016-06-14','2500','2016-06-23',1,1,1,1,NULL,1,NULL,1,0,1,0,0,'2016-06-16 10:13:25'),(14,7,4,457,2,'KBJ 257P','112-one.jpeg',2600,11,254,'Petrol','2577',8,'5800','Kenya',11,'2016-06-20','25400','2016-07-08',1,1,1,1,'This are the physical damages over here',0,'This are the mechanical issues over here',0,0,1,0,0,'2016-06-16 10:15:58'),(15,7,3,252,2,'KBT 277P','875-five.jpeg',258,3,25,'Diesel','9088',6,'5600','Kenya',9,'2016-06-13','258','2016-06-22',1,1,1,0,NULL,1,NULL,1,0,1,0,0,'2016-06-16 11:31:07');

/*Table structure for table `tbl_companies` */

DROP TABLE IF EXISTS `tbl_companies`;

CREATE TABLE `tbl_companies` (
  `id` int(10) NOT NULL AUTO_INCREMENT,
  `industry_id` int(10) NOT NULL,
  `title` varchar(50) NOT NULL,
  `photo` varchar(50) NOT NULL,
  `contact_person` varchar(50) NOT NULL,
  `email` varchar(50) NOT NULL,
  `phone_number` varchar(50) NOT NULL,
  `location` mediumtext NOT NULL,
  `no_employees` int(10) NOT NULL,
  `no_vehicles` int(10) NOT NULL,
  `raw_password` varchar(50) NOT NULL,
  `password` varchar(50) NOT NULL,
  `changed_initial_password` int(10) NOT NULL DEFAULT '0',
  `password_reset_token` varchar(100) DEFAULT NULL,
  `is_default` int(10) NOT NULL DEFAULT '0',
  `status` int(10) NOT NULL DEFAULT '1',
  PRIMARY KEY (`id`),
  KEY `tbl_companies_ibfk_1` (`industry_id`),
  CONSTRAINT `tbl_companies_ibfk_1` FOREIGN KEY (`industry_id`) REFERENCES `tbl_industries` (`id`) ON DELETE NO ACTION ON UPDATE NO ACTION
) ENGINE=InnoDB AUTO_INCREMENT=8 DEFAULT CHARSET=utf8;

/*Data for the table `tbl_companies` */

insert  into `tbl_companies`(`id`,`industry_id`,`title`,`photo`,`contact_person`,`email`,`phone_number`,`location`,`no_employees`,`no_vehicles`,`raw_password`,`password`,`changed_initial_password`,`password_reset_token`,`is_default`,`status`) values (1,1,'Def','','','','','',0,0,'','',0,NULL,1,1),(5,2,'Company A','1992-five.jpeg','George Waweru','george.k.waweru@gmail.com','0726987423','Karen',25,78,'RR','cb95449a94688af33f6e9bb090cf2936',1,NULL,0,1),(6,3,'Company B','442-five.jpeg','Michael Omondi','momondi@gmail.com','07236987412','Kisumu',11,25,'UHpPBx8416','5be6032119931ac2fba5a92b9f877653',0,NULL,0,1),(7,5,'Company C','5036-one.jpeg','Janice Mwangi','jmwangi@gmail.com','02781548548','Mombasa',14,58,'RR','cb95449a94688af33f6e9bb090cf2936',1,NULL,0,1);

/*Table structure for table `tbl_company_suppliers` */

DROP TABLE IF EXISTS `tbl_company_suppliers`;

CREATE TABLE `tbl_company_suppliers` (
  `id` int(10) NOT NULL AUTO_INCREMENT,
  `supplier_id` int(10) NOT NULL,
  `company_id` int(10) NOT NULL,
  `created_at` timestamp NOT NULL DEFAULT CURRENT_TIMESTAMP ON UPDATE CURRENT_TIMESTAMP,
  `status` int(10) NOT NULL,
  PRIMARY KEY (`id`),
  KEY `supplier_id` (`supplier_id`),
  KEY `company_id` (`company_id`),
  CONSTRAINT `tbl_company_suppliers_ibfk_1` FOREIGN KEY (`supplier_id`) REFERENCES `tbl_suppliers` (`id`) ON DELETE CASCADE ON UPDATE CASCADE,
  CONSTRAINT `tbl_company_suppliers_ibfk_2` FOREIGN KEY (`company_id`) REFERENCES `tbl_companies` (`id`) ON DELETE CASCADE ON UPDATE CASCADE
) ENGINE=InnoDB AUTO_INCREMENT=21 DEFAULT CHARSET=utf8;

/*Data for the table `tbl_company_suppliers` */

insert  into `tbl_company_suppliers`(`id`,`supplier_id`,`company_id`,`created_at`,`status`) values (16,6,5,'2016-06-12 12:55:12',0),(19,8,7,'2016-06-16 11:19:51',0),(20,9,5,'2016-06-19 12:03:30',0);

/*Table structure for table `tbl_engines` */

DROP TABLE IF EXISTS `tbl_engines`;

CREATE TABLE `tbl_engines` (
  `id` int(10) NOT NULL AUTO_INCREMENT,
  `title` varchar(100) NOT NULL,
  `status` int(10) NOT NULL DEFAULT '1',
  PRIMARY KEY (`id`)
) ENGINE=InnoDB AUTO_INCREMENT=1307 DEFAULT CHARSET=utf8;

/*Data for the table `tbl_engines` */

insert  into `tbl_engines`(`id`,`title`,`status`) values (1,' 1ZZFE',1),(2,' 2CT',1),(3,' 3L',1),(4,' 4SFE',1),(5,' A12',1),(6,' D21 2X4',1),(7,' JS',1),(8,' L200 ',1),(9,' SF',1),(10,' SS',1),(11,'10PC1',1),(12,'10PD1',1),(13,'11B',1),(14,'11B-',1),(15,'11B-2',1),(16,'11Z',1),(17,'120Y',1),(18,'12B',1),(19,'12H',1),(20,'12H.T',1),(21,'12HT',1),(22,'12PD1',1),(23,'12R',1),(24,'12T',1),(25,'13B',1),(26,'13BT',1),(27,'13DE',1),(28,'13T',1),(29,'14B',1),(30,'14B-',1),(31,'14BT',1),(32,'14B-T',1),(33,'14DE',1),(34,'15B',1),(35,'15BFT',1),(36,'15BFTE',1),(37,'16A',1),(38,'16R',1),(39,'17A',1),(40,'18A',1),(41,'18R',1),(42,'18S',1),(43,'1A 2A 3A',1),(44,'1AZ',1),(45,'1AZ ',1),(46,'1AZ-D4',1),(47,'1AZFE',1),(48,'1AZ-FE',1),(49,'1B',1),(50,'1C',1),(51,'1CA',1),(52,'1CT',1),(53,'1DZ',1),(54,'1E',1),(55,'1FZ',1),(56,'1FZFE',1),(57,'1FZ-FE',1),(58,'1G',1),(59,'1GE',1),(60,'1GEU',1),(61,'1GFE',1),(62,'1GFEN',1),(63,'1GG',1),(64,'1GGEU',1),(65,'1GG-T',1),(66,'1GR',1),(67,'1GRFE',1),(68,'1GX',1),(69,'1HD',1),(70,'1HDFT',1),(71,'1HD-FT',1),(72,'1HD-FTE',1),(73,'1HDT',1),(74,'1HZ',1),(75,'1JZ',1),(76,'1JZGTE',1),(77,'1JZJE',1),(78,'1KD',1),(79,'1KDFT',1),(80,'1KZ',1),(81,'1KZTE',1),(82,'1MZ',1),(83,'1MZFE',1),(84,'1MZ-FE',1),(85,'1MZFE2',1),(86,'1N',1),(87,'1N-T',1),(88,'1NZ',1),(89,'1NZFE',1),(90,'1NZ-FE',1),(91,'1PZ',1),(92,'1RZ',1),(93,'1RZFE',1),(94,'1S',1),(95,'1SL',1),(96,'1SU',1),(97,'1SZ',1),(98,'1SZFE',1),(99,'1TRFE',1),(100,'1UZFE',1),(101,'1VZ',1),(102,'1VZFE',1),(103,'1W',1),(104,'1Y',1),(105,'1Z',1),(106,'1ZZ',1),(107,'1ZZFE',1),(108,'1ZZ-FE',1),(109,'2.3CT',1),(110,'20A',1),(111,'20R',1),(112,'20S',1),(113,'21R',1),(114,'21RC',1),(115,'21RE',1),(116,'21R-U',1),(117,'22R',1),(118,'22RE',1),(119,'27T',1),(120,'2A',1),(121,'2AZ',1),(122,'2AZFE',1),(123,'2AZ-FE',1),(124,'2B',1),(125,'2C',1),(126,'2C2',1),(127,'2C-2',1),(128,'2CA',1),(129,'2CII',1),(130,'2CT',1),(131,'2C-T',1),(132,'2CTE',1),(133,'2CV40',1),(134,'2D',1),(135,'2D ',1),(136,'2D-II',1),(137,'2D-N',1),(138,'2E',1),(139,'2F',1),(140,'2GR',1),(141,'2J',1),(142,'2JZ',1),(143,'2JZGE',1),(144,'2JZGTE',1),(145,'2K',1),(146,'2KD',1),(147,'2KDFTV',1),(148,'2L',1),(149,'2L-',1),(150,'2L II',1),(151,'2L II T',1),(152,'2LII',1),(153,'2L-II',1),(154,'2LII ',1),(155,'2LT',1),(156,'2LT ',1),(157,'2L-TE',1),(158,'2L-THE',1),(159,'2LT-N',1),(160,'2MZ',1),(161,'2MZFE',1),(162,'2NZ',1),(163,'2NZFE',1),(164,'2RZ',1),(165,'2RZE',1),(166,'2RZFE',1),(167,'2RZ-FE',1),(168,'2S',1),(169,'2SZ',1),(170,'2SZFE',1),(171,'2T',1),(172,'2TC',1),(173,'2TR',1),(174,'2TRFE',1),(175,'2TR-FE',1),(176,'2TZ',1),(177,'2TZFE',1),(178,'2TZ-FE',1),(179,'2TZ-FE  FLH',1),(180,'2UZ',1),(181,'2UZFE',1),(182,'2VZ',1),(183,'2WD',1),(184,'2X4',1),(185,'2Y',1),(186,'2Z',1),(187,'2ZRFE',1),(188,'2ZZ',1),(189,'2ZZGE',1),(190,'31T',1),(191,'32T',1),(192,'330#',1),(193,'331#',1),(194,'332#',1),(195,'33E',1),(196,'3A',1),(197,'3AU',1),(198,'3B',1),(199,'3B-',1),(200,'3C',1),(201,'3CT',1),(202,'3CTE',1),(203,'3E',1),(204,'3F',1),(205,'3F-',1),(206,'3FE',1),(207,'3F-E',1),(208,'3G81',1),(209,'3G82',1),(210,'3G83',1),(211,'3GR-D4',1),(212,'3K',1),(213,'3L',1),(214,'3L - BUS',1),(215,'3L P',1),(216,'3MZFE',1),(217,'3RZ',1),(218,'3RZFE',1),(219,'3S',1),(220,'3SFE',1),(221,'3S-FE',1),(222,'3SFSE',1),(223,'3SG',1),(224,'3SGE',1),(225,'3S-GE',1),(226,'3SZ-VE',1),(227,'3T',1),(228,'3UZ',1),(229,'3VZ',1),(230,'3VZE',1),(231,'3VZFE',1),(232,'3Y',1),(233,'3YEU',1),(234,'3ZZFE',1),(235,'4A',1),(236,'4A31',1),(237,'4A-C',1),(238,'4AF',1),(239,'4AFE',1),(240,'4AFE-MTM',1),(241,'4AG',1),(242,'4AGE',1),(243,'4AGEU',1),(244,'4AL',1),(245,'4AT',1),(246,'4BA1',1),(247,'4BB1',1),(248,'4BC1',1),(249,'4BC2',1),(250,'4BD1',1),(251,'4BD1T',1),(252,'4BE1',1),(253,'4BE2',1),(254,'4BG1',1),(255,'4D30',1),(256,'4D30T',1),(257,'4D31',1),(258,'4D31 ',1),(259,'4D31T',1),(260,'4D31-T',1),(261,'4D32',1),(262,'4D32 LATE',1),(263,'4D32-N',1),(264,'4D33',1),(265,'4D34',1),(266,'4D34T',1),(267,'4D35',1),(268,'4D36',1),(269,'4D55',1),(270,'4D55-NA',1),(271,'4D55T',1),(272,'4D55-T',1),(273,'4D55-TC',1),(274,'4D56',1),(275,'4D56S',1),(276,'4D56T',1),(277,'4D65',1),(278,'4D65T',1),(279,'4D68',1),(280,'4D68-NA',1),(281,'4DR5',1),(282,'4DR7',1),(283,'4DR70',1),(284,'4E',1),(285,'4EC1',1),(286,'4EE1',1),(287,'4EE2',1),(288,'4EFE',1),(289,'4E-FE',1),(290,'4FC1',1),(291,'4FD1',1),(292,'4FG1',1),(293,'4G11',1),(294,'4G11-G',1),(295,'4G12',1),(296,'4G13',1),(297,'4G13-',1),(298,'4G13N',1),(299,'4G13-N',1),(300,'4G15',1),(301,'4G15-',1),(302,'4G15 ',1),(303,'4G15-N',1),(304,'4G15-S3',1),(305,'4G18-2',1),(306,'4G32',1),(307,'4G32-2',1),(308,'4G32B',1),(309,'4G32-T',1),(310,'4G33',1),(311,'4G33-C',1),(312,'4G35',1),(313,'4G36',1),(314,'4G36-EC',1),(315,'4G37',1),(316,'4G52',1),(317,'4G54',1),(318,'4G61',1),(319,'4G62',1),(320,'4G63',1),(321,'4G63-',1),(322,'4G63 N',1),(323,'4G63B',1),(324,'4G63BK',1),(325,'4G63K',1),(326,'4G63K-N',1),(327,'4G63-N',1),(328,'4G63-TC',1),(329,'4G64',1),(330,'4G64B',1),(331,'4G64BK',1),(332,'4G64K',1),(333,'4G64N',1),(334,'4G64S',1),(335,'4G64-S',1),(336,'4G67',1),(337,'4G82',1),(338,'4G91',1),(339,'4G92',1),(340,'4G93',1),(341,'4G94',1),(342,'4G94-S4',1),(343,'4HE1',1),(344,'4HF1',1),(345,'4HG1',1),(346,'4JA1',1),(347,'4JB',1),(348,'4JB1',1),(349,'4JB1T',1),(350,'4JG1',1),(351,'4JG2',1),(352,'4JG2T',1),(353,'4JG2-T',1),(354,'4K',1),(355,'4KE',1),(356,'4KU',1),(357,'4M',1),(358,'4M40',1),(359,'4M41',1),(360,'4M41 ',1),(361,'4M41T',1),(362,'4M42',1),(363,'4M51',1),(364,'4P',1),(365,'4RNR',1),(366,'4S',1),(367,'4S ',1),(368,'4SFE',1),(369,'4VZFE',1),(370,'4WD',1),(371,'4X4',1),(372,'4XC1',1),(373,'4XE1',1),(374,'4XE1T',1),(375,'4Y',1),(376,'4ZA1',1),(377,'4ZB1',1),(378,'4ZC1',1),(379,'4ZD1',1),(380,'4ZE1',1),(381,'4ZZ',1),(382,'504D',1),(383,'5A',1),(384,'5AF',1),(385,'5AFE',1),(386,'5E',1),(387,'5EFE',1),(388,'5E-FE',1),(389,'5K',1),(390,'5L',1),(391,'5L -VIGO',1),(392,'5M',1),(393,'5MG',1),(394,'5M-G',1),(395,'5R',1),(396,'5R-',1),(397,'5S',1),(398,'5SFE',1),(399,'5S-FE',1),(400,'5SFE2',1),(401,'5SFE2-2',1),(402,'5SFE3',1),(403,'5VZ',1),(404,'5VZFE',1),(405,'63B',1),(406,'6A11',1),(407,'6A12',1),(408,'6BB1',1),(409,'6BD1',1),(410,'6BD1T',1),(411,'6BF1',1),(412,'6BG1',1),(413,'6D14',1),(414,'6D14T',1),(415,'6D15',1),(416,'6D15T',1),(417,'6D16',1),(418,'6D162AT',1),(419,'6D16T',1),(420,'6D17',1),(421,'6D17T',1),(422,'6D20',1),(423,'6D21',1),(424,'6D22',1),(425,'6D22T',1),(426,'6D31T',1),(427,'6D34T',1),(428,'6DS1',1),(429,'6DS7',1),(430,'6G71',1),(431,'6G72',1),(432,'6G72-C',1),(433,'6G73',1),(434,'6G74',1),(435,'6HE1',1),(436,'6HE1-T',1),(437,'6HH1',1),(438,'6HK1TC',1),(439,'6HK1-TC',1),(440,'6M60',1),(441,'6M60T',1),(442,'6QA1',1),(443,'6SA1',1),(444,'6SD1',1),(445,'6VD1',1),(446,'6VD1-',1),(447,'6VD1-2',1),(448,'6VE1',1),(449,'71V',1),(450,'7A',1),(451,'7AF',1),(452,'7AFE',1),(453,'7A-FE',1),(454,'7K',1),(455,'7M',1),(456,'7M-',1),(457,'7MG',1),(458,'7MGE',1),(459,'8DC1',1),(460,'8DC10',1),(461,'8DC9',1),(462,'8DC9-9T',1),(463,'8DC9T',1),(464,'9T',1),(465,'A1',1),(466,'A112',1),(467,'A12',1),(468,'A12S',1),(469,'A13',1),(470,'A14',1),(471,'A14N',1),(472,'A14S',1),(473,'A15',1),(474,'A182A',1),(475,'A18A',1),(476,'A20A',1),(477,'A31',1),(478,'A32',1),(479,'ACA2#',1),(480,'ACC-94',1),(481,'ACCENT',1),(482,'ACU2',1),(483,'ACU2#',1),(484,'ACU20',1),(485,'ACV3#',1),(486,'AD2',1),(487,'AE10#',1),(488,'AE100',1),(489,'AE110',1),(490,'AE70',1),(491,'AE80',1),(492,'AE85',1),(493,'AE90',1),(494,'AL50',1),(495,'AT140',1),(496,'AT16#',1),(497,'AT170',1),(498,'AT19#',1),(499,'AT190',1),(500,'ATOS',1),(501,'ATOZ',1),(502,'AW10',1),(503,'AW11',1),(504,'B',1),(505,'B-',1),(506,'B ',1),(507,'B1',1),(508,'B11',1),(509,'B12',1),(510,'B13',1),(511,'B14',1),(512,'B15',1),(513,'B16',1),(514,'B1600',1),(515,'B16A',1),(516,'B18A',1),(517,'B18B',1),(518,'B20',1),(519,'B2000',1),(520,'B20A',1),(521,'B20A-3',1),(522,'B20B',1),(523,'B2200',1),(524,'B2500',1),(525,'B2600',1),(526,'B3',1),(527,'B310# ',1),(528,'B3-16V',1),(529,'B5',1),(530,'B6',1),(531,'B626',1),(532,'B62A',1),(533,'B6ES',1),(534,'B7HS',1),(535,'BB100',1),(536,'BB4#',1),(537,'BCP5ES',1),(538,'BCP6ES',1),(539,'BCPR6E',1),(540,'BD30',1),(541,'BE',1),(542,'BETA',1),(543,'BIG',1),(544,'BJ4#',1),(545,'BJ60',1),(546,'BJ70',1),(547,'BJ75',1),(548,'BK5E',1),(549,'BK6E',1),(550,'BKR5E-11',1),(551,'BKR5EGP',1),(552,'BKR6E',1),(553,'BKR6EK',1),(554,'BKR6EP-11',1),(555,'BKR6ES',1),(556,'BKR6EYA',1),(557,'BKR7E',1),(558,'BKUR5ET',1),(559,'BL',1),(560,'BONGO',1),(561,'BP',1),(562,'BP5ES',1),(563,'BP5EY',1),(564,'BP6ES',1),(565,'BU35',1),(566,'BU40',1),(567,'BU60',1),(568,'BU85',1),(569,'C',1),(570,'C 100',1),(571,'C 400',1),(572,'C120',1),(573,'C190',1),(574,'C20',1),(575,'C22#',1),(576,'C221',1),(577,'C223',1),(578,'C223-2',1),(579,'C223T',1),(580,'C240',1),(581,'C25A',1),(582,'C27A',1),(583,'C32A',1),(584,'CA16',1),(585,'CA16D',1),(586,'CA16DE',1),(587,'CA16S',1),(588,'CA18',1),(589,'CA18D',1),(590,'CA18DE',1),(591,'CA18ET',1),(592,'CA18S',1),(593,'CA18T',1),(594,'CA20',1),(595,'CA20 ',1),(596,'CA20S',1),(597,'CA20T',1),(598,'CA20-T',1),(599,'CAMRY',1),(600,'CARINA E   ',1),(601,'CARINA II',1),(602,'CB',1),(603,'CB10',1),(604,'CB20',1),(605,'CB50',1),(606,'CD',1),(607,'CD17',1),(608,'CD20',1),(609,'CD20T',1),(610,'CD7',1),(611,'CD800',1),(612,'CE121',1),(613,'CG10',1),(614,'CG10DE',1),(615,'CG10DE-STRONG',1),(616,'CG13',1),(617,'CG13DE',1),(618,'CIVIC',1),(619,'CM20',1),(620,'COASTER',1),(621,'COROLLA',1),(622,'CORONA',1),(623,'CR',1),(624,'CR12',1),(625,'CR12DE',1),(626,'CR14DE',1),(627,'CRV',1),(628,'CV40',1),(629,'CXR2',1),(630,'D070',1),(631,'D1146',1),(632,'D13B',1),(633,'D15A',1),(634,'D15B',1),(635,'D16',1),(636,'D16A',1),(637,'D16T',1),(638,'D17A',1),(639,'D17A1',1),(640,'D21',1),(641,'D21  4X4',1),(642,'D21 2X4',1),(643,'D21 4WD',1),(644,'D21 4X4',1),(645,'D21#',1),(646,'D22',1),(647,'D22  2X4',1),(648,'D22  4X4',1),(649,'D22 2X4',1),(650,'D22 4X4',1),(651,'D224WD',1),(652,'D4AE',1),(653,'D4BA',1),(654,'D4BF',1),(655,'DA116',1),(656,'DA120',1),(657,'DA640',1),(658,'DCPR7E',1),(659,'DL',1),(660,'DL-T',1),(661,'DYNA',1),(662,'E12U',1),(663,'E13',1),(664,'E13S',1),(665,'E15',1),(666,'E15A',1),(667,'E15S',1),(668,'E16',1),(669,'E20',1),(670,'E21',1),(671,'E23',1),(672,'E24',1),(673,'E3',1),(674,'E31A',1),(675,'E32A',1),(676,'E5',1),(677,'E5-2',1),(678,'E720',1),(679,'EA62',1),(680,'ECHO',1),(681,'ED',1),(682,'ED-',1),(683,'ED2',1),(684,'ED30',1),(685,'ED33',1),(686,'ED35',1),(687,'ED6',1),(688,'EE100',1),(689,'EE110',1),(690,'EE80',1),(691,'EE90',1),(692,'EE98',1),(693,'EF',1),(694,'EF10',1),(695,'EF12',1),(696,'EFDE',1),(697,'EG4',1),(698,'EH700',1),(699,'EJ',1),(700,'EJ18',1),(701,'EJ20',1),(702,'EJ22',1),(703,'EK',1),(704,'EK100',1),(705,'EK200',1),(706,'EL',1),(707,'EL3#',1),(708,'ELF 63-64',1),(709,'EN',1),(710,'EP',1),(711,'EP70',1),(712,'EP8#',1),(713,'EP80',1),(714,'EP82',1),(715,'EP91',1),(716,'ER',1),(717,'ES',1),(718,'ET-2',1),(719,'EU1',1),(720,'EV',1),(721,'EW',1),(722,'EY',1),(723,'EZ30',1),(724,'F10',1),(725,'F10A',1),(726,'F18',1),(727,'F18A',1),(728,'F2',1),(729,'F20A',1),(730,'F20B',1),(731,'F22',1),(732,'F22#',1),(733,'F22A',1),(734,'F23',1),(735,'F23A',1),(736,'F30#',1),(737,'F5',1),(738,'F5A',1),(739,'F5B',1),(740,'F6',1),(741,'F6A',1),(742,'F8',1),(743,'F8A',1),(744,'FAO',1),(745,'FB#',1),(746,'FD33',1),(747,'FD33T',1),(748,'FD35',1),(749,'FD35T',1),(750,'FD42',1),(751,'FD46',1),(752,'FD46T',1),(753,'FD6',1),(754,'FD6T',1),(755,'FE',1),(756,'FE119',1),(757,'FE449',1),(758,'FE5',1),(759,'FE6',1),(760,'FE6T',1),(761,'FE6TA',1),(762,'FJ4#',1),(763,'FJ40',1),(764,'FJ75',1),(765,'FJ80',1),(766,'FK102',1),(767,'FP',1),(768,'FRR',1),(769,'FS',1),(770,'FS-K8',1),(771,'FUSO',1),(772,'FZJ75',1),(773,'G10',1),(774,'G10A',1),(775,'G11B',1),(776,'G13',1),(777,'G13A',1),(778,'G13AN',1),(779,'G13B',1),(780,'G13B-',1),(781,'G13BA',1),(782,'G15',1),(783,'G15A',1),(784,'G15B',1),(785,'G16',1),(786,'G161',1),(787,'G161Z',1),(788,'G16A',1),(789,'G16B',1),(790,'G16KV',1),(791,'G16U',1),(792,'G200Z',1),(793,'G20A',1),(794,'G37B',1),(795,'G4CN',1),(796,'G4CP',1),(797,'G4CR',1),(798,'G4DR',1),(799,'G4E',1),(800,'G4EK',1),(801,'G4HA',1),(802,'G4HC',1),(803,'G4J',1),(804,'G4JP',1),(805,'G4K',1),(806,'G4N',1),(807,'G4R',1),(808,'G52B',1),(809,'G54B',1),(810,'G6',1),(811,'G62B',1),(812,'G63B',1),(813,'G63B-',1),(814,'G64B',1),(815,'G64K',1),(816,'GA13',1),(817,'GA13DS',1),(818,'GA14',1),(819,'GA14DS',1),(820,'GA14S',1),(821,'GA15',1),(822,'GA15DE',1),(823,'GA15DS',1),(824,'GA16',1),(825,'GA16 BIG',1),(826,'GA16 SMALL',1),(827,'GA16D',1),(828,'GA16DE',1),(829,'GA16DS',1),(830,'GA16SI',1),(831,'GA16-STRONG',1),(832,'GALANT',1),(833,'GE15',1),(834,'GX81',1),(835,'GX90',1),(836,'GY',1),(837,'H07D',1),(838,'H100',1),(839,'H20',1),(840,'H20A',1),(841,'H22A',1),(842,'H22A3',1),(843,'H23A',1),(844,'H25',1),(845,'H25A',1),(846,'HA',1),(847,'HC',1),(848,'HCEJ',1),(849,'HD',1),(850,'HDJ101',1),(851,'HE',1),(852,'HIACE   ',1),(853,'HIACE YH50',1),(854,'HIGHLANDER',1),(855,'HILUX',1),(856,'HILUX YN55',1),(857,'HINO',1),(858,'HO6C',1),(859,'HO7C',1),(860,'HO7D',1),(861,'HONDA',1),(862,'HONDA CIVIC',1),(863,'HZJ105',1),(864,'HZJ70',1),(865,'HZJ79',1),(866,'HZJ80',1),(867,'IFR6D10',1),(868,'ISUZU 2X4',1),(869,'IZFR5D',1),(870,'J15',1),(871,'J18',1),(872,'J18A',1),(873,'J2',1),(874,'J20',1),(875,'J20A',1),(876,'J20A BIG',1),(877,'J20A SMALL',1),(878,'J3',1),(879,'J32',1),(880,'J35A1',1),(881,'J36',1),(882,'J5ZE',1),(883,'J80',1),(884,'JADE',1),(885,'JE',1),(886,'JE-E',1),(887,'JEZE',1),(888,'JE-ZE',1),(889,'JF',1),(890,'JIMNY',1),(891,'JS',1),(892,'JS2700',1),(893,'JT',1),(894,'JZX110',1),(895,'JZX93',1),(896,'K',1),(897,'K10',1),(898,'K11',1),(899,'K2400',1),(900,'K2400 ',1),(901,'K24E',1),(902,'K2700',1),(903,'K2700 ',1),(904,'K3',1),(905,'K3600',1),(906,'K3600 ',1),(907,'K4',1),(908,'K8',1),(909,'KA24',1),(910,'KA24DE',1),(911,'KA24-DE',1),(912,'KA24DE BIG',1),(913,'KA24DE SMALL',1),(914,'KA24DE-N',1),(915,'KA24DE-STRONG',1),(916,'KA24E',1),(917,'KA24E-STRONG',1),(918,'KB20',1),(919,'KB21',1),(920,'KB40',1),(921,'KDH200',1),(922,'KDJ12#',1),(923,'KDN165',1),(924,'KE70',1),(925,'KF',1),(926,'KF50',1),(927,'KIA',1),(928,'KL',1),(929,'KUN15',1),(930,'KUN51',1),(931,'KZJ9#',1),(932,'KZJ95',1),(933,'KZN85',1),(934,'L',1),(935,'L-',1),(936,'L 100',1),(937,'L 400',1),(938,'L041G',1),(939,'L049',1),(940,'L100',1),(941,'L106',1),(942,'L11',1),(943,'L16',1),(944,'L18',1),(945,'L20',1),(946,'L200',1),(947,'L200 ',1),(948,'L200 2X4',1),(949,'L200 PUP 2X4',1),(950,'L200-2006',1),(951,'L24',1),(952,'L24E',1),(953,'L24E-2',1),(954,'L28',1),(955,'L28E',1),(956,'L28S',1),(957,'L30',1),(958,'L300',1),(959,'L300  4X4',1),(960,'LANCER',1),(961,'LANDCRUISER',1),(962,'LD16',1),(963,'LD20',1),(964,'LD20II',1),(965,'LD20T',1),(966,'LD23',1),(967,'LD28',1),(968,'LE80',1),(969,'LE90',1),(970,'LH',1),(971,'LH10#',1),(972,'LH100',1),(973,'LH102',1),(974,'LH103',1),(975,'LH110',1),(976,'LH113',1),(977,'LH117',1),(978,'LH24',1),(979,'LH8#',1),(980,'LH80',1),(981,'LJ7#',1),(982,'LJ70',1),(983,'LJ80',1),(984,'LN',1),(985,'LN105',1),(986,'LN106',1),(987,'LN106 4X4',1),(988,'LN108',1),(989,'LN130',1),(990,'LN145',1),(991,'LN145',1),(992,'LN147',1),(993,'LN16#',1),(994,'LN165',1),(995,'LN166',1),(996,'LN167',1),(997,'LN46',1),(998,'LN50',1),(999,'LN50#',1),(1000,'LN55',1),(1001,'LN60',1),(1002,'LN61',1),(1003,'LN61V',1),(1004,'LN65',1),(1005,'LN80',1),(1006,'LO44',1),(1007,'LR',1),(1008,'LS130',1),(1009,'LUXUS RX300',1),(1010,'LX90',1),(1011,'LY50',1),(1012,'MA',1),(1013,'MA10',1),(1014,'MA10S',1),(1015,'MA12',1),(1016,'MA13',1),(1017,'MA-2',1),(1018,'MARK-II',1),(1019,'MAXIMA',1),(1020,'MAZDA 323S',1),(1021,'MB',1),(1022,'MCV2#',1),(1023,'MD21',1),(1024,'MD355067',1),(1025,'MS5#',1),(1026,'MS6',1),(1027,'NA',1),(1028,'NA16',1),(1029,'NA16S',1),(1030,'NA20',1),(1031,'NA20S',1),(1032,'NB1-',1),(1033,'ND6',1),(1034,'NE6',1),(1035,'NISSAN CEFIRO',1),(1036,'NKR',1),(1037,'P',1),(1038,'P08',1),(1039,'P10',1),(1040,'PATHFINDER',1),(1041,'PC',1),(1042,'PD6',1),(1043,'PD6T',1),(1044,'PE6',1),(1045,'PE6T',1),(1046,'PE6-T',1),(1047,'PE6T-B',1),(1048,'PF6',1),(1049,'PF6T',1),(1050,'PICNIC',1),(1051,'PN',1),(1052,'PRADO',1),(1053,'PRIMERA',1),(1054,'PY10',1),(1055,'QD22',1),(1056,'QD32',1),(1057,'QD32 BUS',1),(1058,'QD32 P',1),(1059,'QD32TI',1),(1060,'QG13DE',1),(1061,'QG15DE',1),(1062,'QG16DE',1),(1063,'QG18',1),(1064,'QG18DE',1),(1065,'QR20',1),(1066,'QR20DE',1),(1067,'QR25',1),(1068,'QR25DE',1),(1069,'R120',1),(1070,'R2',1),(1071,'R2-',1),(1072,'R2N',1),(1073,'R2T',1),(1074,'R50',1),(1075,'RA4',1),(1076,'RA5',1),(1077,'RAV 4',1),(1078,'RAV4',1),(1079,'RAV4  LHD',1),(1080,'RB20',1),(1081,'RB20DE',1),(1082,'RB20P',1),(1083,'RD28',1),(1084,'RD28T',1),(1085,'RD4',1),(1086,'RF',1),(1087,'RFA',1),(1088,'RFII',1),(1089,'RFT',1),(1090,'RIO',1),(1091,'RK101',1),(1092,'RN101',1),(1093,'RN105',1),(1094,'RN20',1),(1095,'RN30',1),(1096,'RN36',1),(1097,'RN40',1),(1098,'RN80',1),(1099,'RS5#',1),(1100,'RU20',1),(1101,'RVR',1),(1102,'RX3#',1),(1103,'RX60',1),(1104,'RX70',1),(1105,'RX80',1),(1106,'RY10',1),(1107,'RZH103',1),(1108,'RZH114',1),(1109,'RZJ12#',1),(1110,'RZJ120',1),(1111,'RZJ95',1),(1112,'S110#',1),(1113,'S2',1),(1114,'S2E',1),(1115,'S3E',1),(1116,'S4E',1),(1117,'S4E2',1),(1118,'S4S',1),(1119,'S6S',1),(1120,'SD20',1),(1121,'SD22',1),(1122,'SD23',1),(1123,'SD25',1),(1124,'SD33',1),(1125,'SD33T',1),(1126,'SE420',1),(1127,'SERENA',1),(1128,'SF',1),(1129,'SH4',1),(1130,'SJ30',1),(1131,'SJ40',1),(1132,'SL',1),(1133,'SL ',1),(1134,'SL T',1),(1135,'SLT',1),(1136,'SOLUNA',1),(1137,'SR18',1),(1138,'SR18D',1),(1139,'SR18DE',1),(1140,'SR20',1),(1141,'SR20 BIG',1),(1142,'SR20-16V',1),(1143,'SR20D',1),(1144,'SR20DE',1),(1145,'SR20DET',1),(1146,'SR40',1),(1147,'SR413',1),(1148,'SS80',1),(1149,'ST150',1),(1150,'ST17#',1),(1151,'ST171',1),(1152,'ST18#',1),(1153,'ST19#',1),(1154,'ST190',1),(1155,'STARLET',1),(1156,'SV10',1),(1157,'SV2#',1),(1158,'SV20',1),(1159,'SV21',1),(1160,'SX70',1),(1161,'SX80',1),(1162,'SX90',1),(1163,'SXV10',1),(1164,'T100',1),(1165,'T11#',1),(1166,'T120',1),(1167,'T-123',1),(1168,'T210',1),(1169,'T3500',1),(1170,'T4000',1),(1171,'T620',1),(1172,'TA',1),(1173,'TACOMA',1),(1174,'TB',1),(1175,'TB42',1),(1176,'TB42S',1),(1177,'TB42-Y60',1),(1178,'TB45',1),(1179,'TB48DE',1),(1180,'TCMA ',1),(1181,'TCR1#',1),(1182,'TD23',1),(1183,'TD25',1),(1184,'TD25-2',1),(1185,'TD25T',1),(1186,'TD27',1),(1187,'TD272',1),(1188,'TD27-2',1),(1189,'TD272 ',1),(1190,'TD272-T',1),(1191,'TD27-2-T',1),(1192,'TD27-D21',1),(1193,'TD27-E24',1),(1194,'TD27T',1),(1195,'TD27T-2',1),(1196,'TD27T-E24',1),(1197,'TD42',1),(1198,'TERRANO',1),(1199,'TF',1),(1200,'TFB',1),(1201,'TFR',1),(1202,'TFS',1),(1203,'TICO',1),(1204,'TIIDA',1),(1205,'TK10',1),(1206,'TK20',1),(1207,'TM',1),(1208,'TOYOTA PICNIC',1),(1209,'TOYOTA PREVIA',1),(1210,'TR',1),(1211,'TT12',1),(1212,'U11',1),(1213,'U11 4X4',1),(1214,'U12',1),(1215,'U20',1),(1216,'UBS',1),(1217,'UBS26',1),(1218,'UC',1),(1219,'UCK30',1),(1220,'UCS',1),(1221,'UD',1),(1222,'UD3',1),(1223,'UF66M',1),(1224,'UP',1),(1225,'UP 2WD',1),(1226,'V14',1),(1227,'V44',1),(1228,'V6',1),(1229,'VA',1),(1230,'VANETTE',1),(1231,'VB',1),(1232,'VC',1),(1233,'VG20',1),(1234,'VG20E',1),(1235,'VG20S',1),(1236,'VG30',1),(1237,'VG30DE',1),(1238,'VG30E',1),(1239,'VG30S',1),(1240,'VG33',1),(1241,'VG33E',1),(1242,'VG33E ATM',1),(1243,'VQ20',1),(1244,'VQ20DE',1),(1245,'VQ30',1),(1246,'VQ30DE',1),(1247,'VQ35',1),(1248,'VQ35 DE 4WD',1),(1249,'VQ35DE',1),(1250,'VZN170',1),(1251,'W04D',1),(1252,'W06D',1),(1253,'W9',1),(1254,'WL',1),(1255,'XA',1),(1256,'XA ',1),(1257,'XB',1),(1258,'X-TRAIL',1),(1259,'Y60',1),(1260,'Y61',1),(1261,'Y64',1),(1262,'YA',1),(1263,'YBR',1),(1264,'YD25',1),(1265,'YD25DD',1),(1266,'YD25DT',1),(1267,'YD25T',1),(1268,'YH50',1),(1269,'YH51',1),(1270,'YH61',1),(1271,'YH80',1),(1272,'YN',1),(1273,'YN#',1),(1274,'YN10#',1),(1275,'YN135',1),(1276,'YN55',1),(1277,'YN61',1),(1278,'YN85',1),(1279,'YR25',1),(1280,'YR26',1),(1281,'YS130',1),(1282,'Z',1),(1283,'Z16',1),(1284,'Z18',1),(1285,'Z20',1),(1286,'Z20S',1),(1287,'Z22',1),(1288,'Z22S',1),(1289,'Z24',1),(1290,'Z241',1),(1291,'Z242',1),(1292,'Z24S',1),(1293,'Z5',1),(1294,'Z5D',1),(1295,'ZB',1),(1296,'ZC',1),(1297,'ZC16A',1),(1298,'ZCA2#',1),(1299,'ZD16A',1),(1300,'ZD30',1),(1301,'ZD30DD',1),(1302,'ZD30DE',1),(1303,'ZFR6F',1),(1304,'ZL',1),(1305,'ZZE122',1),(1306,'ZZE130',1);

/*Table structure for table `tbl_industries` */

DROP TABLE IF EXISTS `tbl_industries`;

CREATE TABLE `tbl_industries` (
  `id` int(10) NOT NULL AUTO_INCREMENT,
  `title` varchar(50) NOT NULL,
  `industry_desc` text NOT NULL,
  `is_default` int(10) NOT NULL DEFAULT '0',
  `status` int(10) NOT NULL DEFAULT '1',
  PRIMARY KEY (`id`)
) ENGINE=InnoDB AUTO_INCREMENT=7 DEFAULT CHARSET=latin1;

/*Data for the table `tbl_industries` */

insert  into `tbl_industries`(`id`,`title`,`industry_desc`,`is_default`,`status`) values (1,'Def','',1,1),(2,'Transport','',0,1),(3,'Tourism','',0,1),(4,'Finance','',0,1),(5,'Legal','',0,1),(6,'Minning','This is the mining description',0,1);

/*Table structure for table `tbl_request_comments` */

DROP TABLE IF EXISTS `tbl_request_comments`;

CREATE TABLE `tbl_request_comments` (
  `id` int(10) NOT NULL AUTO_INCREMENT,
  `request_id` int(10) NOT NULL,
  `user_id` int(10) NOT NULL,
  `supplier_id` int(10) NOT NULL,
  `actor` varchar(50) NOT NULL,
  `no_photo` int(10) NOT NULL DEFAULT '0',
  `photo` varchar(100) DEFAULT NULL,
  `description` text,
  `no_description` int(10) NOT NULL DEFAULT '0',
  `created_at` timestamp NOT NULL DEFAULT CURRENT_TIMESTAMP ON UPDATE CURRENT_TIMESTAMP,
  `status` int(10) NOT NULL DEFAULT '1',
  PRIMARY KEY (`id`),
  KEY `user_id` (`user_id`),
  KEY `request_id` (`request_id`),
  KEY `supplier_id` (`supplier_id`),
  CONSTRAINT `tbl_request_comments_ibfk_1` FOREIGN KEY (`user_id`) REFERENCES `tbl_users` (`id`) ON DELETE CASCADE ON UPDATE CASCADE,
  CONSTRAINT `tbl_request_comments_ibfk_2` FOREIGN KEY (`request_id`) REFERENCES `tbl_requests` (`id`) ON DELETE CASCADE ON UPDATE CASCADE,
  CONSTRAINT `tbl_request_comments_ibfk_3` FOREIGN KEY (`supplier_id`) REFERENCES `tbl_suppliers` (`id`) ON DELETE CASCADE ON UPDATE CASCADE
) ENGINE=InnoDB DEFAULT CHARSET=utf8;

/*Data for the table `tbl_request_comments` */

/*Table structure for table `tbl_request_sub_details` */

DROP TABLE IF EXISTS `tbl_request_sub_details`;

CREATE TABLE `tbl_request_sub_details` (
  `id` int(10) NOT NULL AUTO_INCREMENT,
  `request_id` int(10) NOT NULL,
  `photo` varchar(50) NOT NULL,
  `description` text NOT NULL,
  `created_at` timestamp NOT NULL DEFAULT CURRENT_TIMESTAMP ON UPDATE CURRENT_TIMESTAMP,
  `deleted_status` int(10) NOT NULL DEFAULT '0',
  `status` int(10) NOT NULL DEFAULT '1',
  PRIMARY KEY (`id`),
  KEY `request_id` (`request_id`),
  CONSTRAINT `tbl_request_sub_details_ibfk_1` FOREIGN KEY (`request_id`) REFERENCES `tbl_requests` (`id`) ON DELETE CASCADE ON UPDATE CASCADE
) ENGINE=InnoDB AUTO_INCREMENT=2 DEFAULT CHARSET=latin1;

/*Data for the table `tbl_request_sub_details` */

insert  into `tbl_request_sub_details`(`id`,`request_id`,`photo`,`description`,`created_at`,`deleted_status`,`status`) values (1,37,'9642-four.jpeg','This is the description over here','2016-06-19 12:38:48',0,1);

/*Table structure for table `tbl_requests` */

DROP TABLE IF EXISTS `tbl_requests`;

CREATE TABLE `tbl_requests` (
  `id` int(10) NOT NULL AUTO_INCREMENT,
  `user_id` int(10) NOT NULL,
  `car_id` int(10) NOT NULL,
  `company_id` int(10) NOT NULL,
  `request_type` varchar(100) NOT NULL,
  `system_id` int(10) NOT NULL,
  `subsystem_id` int(10) NOT NULL,
  `previous_millage` varchar(50) DEFAULT NULL,
  `current_millage` varchar(50) DEFAULT NULL,
  `fuel_quantity` varchar(50) DEFAULT NULL,
  `description` text,
  `no_description` int(10) NOT NULL DEFAULT '0',
  `on_behalf` int(10) NOT NULL DEFAULT '0',
  `request_raised_user_id` int(10) NOT NULL,
  `created_at` timestamp NOT NULL DEFAULT CURRENT_TIMESTAMP ON UPDATE CURRENT_TIMESTAMP,
  `email_sent` int(10) NOT NULL DEFAULT '0',
  `deleted_status` int(10) NOT NULL DEFAULT '0',
  `status` int(10) NOT NULL DEFAULT '1',
  PRIMARY KEY (`id`),
  KEY `system_id` (`system_id`),
  KEY `subsystem_id` (`subsystem_id`),
  KEY `car_id` (`car_id`),
  KEY `user_id` (`user_id`),
  KEY `request_raised_user_id` (`request_raised_user_id`),
  KEY `company_id` (`company_id`),
  CONSTRAINT `tbl_requests_ibfk_3` FOREIGN KEY (`car_id`) REFERENCES `tbl_cars` (`id`) ON DELETE CASCADE ON UPDATE CASCADE,
  CONSTRAINT `tbl_requests_ibfk_4` FOREIGN KEY (`user_id`) REFERENCES `tbl_users` (`id`) ON DELETE CASCADE ON UPDATE CASCADE,
  CONSTRAINT `tbl_requests_ibfk_5` FOREIGN KEY (`request_raised_user_id`) REFERENCES `tbl_users` (`id`) ON DELETE CASCADE ON UPDATE CASCADE,
  CONSTRAINT `tbl_requests_ibfk_6` FOREIGN KEY (`company_id`) REFERENCES `tbl_companies` (`id`) ON DELETE CASCADE ON UPDATE CASCADE,
  CONSTRAINT `tbl_requests_ibfk_7` FOREIGN KEY (`system_id`) REFERENCES `tbl_system` (`id`) ON DELETE CASCADE ON UPDATE CASCADE,
  CONSTRAINT `tbl_requests_ibfk_8` FOREIGN KEY (`subsystem_id`) REFERENCES `tbl_sub_system` (`id`) ON DELETE CASCADE ON UPDATE CASCADE
) ENGINE=InnoDB AUTO_INCREMENT=38 DEFAULT CHARSET=latin1;

/*Data for the table `tbl_requests` */

insert  into `tbl_requests`(`id`,`user_id`,`car_id`,`company_id`,`request_type`,`system_id`,`subsystem_id`,`previous_millage`,`current_millage`,`fuel_quantity`,`description`,`no_description`,`on_behalf`,`request_raised_user_id`,`created_at`,`email_sent`,`deleted_status`,`status`) values (21,12,11,5,'service',3,24,NULL,NULL,NULL,'sdfsdfds',0,1,8,'2016-05-30 08:59:40',0,0,1),(22,12,11,5,'service',5,65,NULL,NULL,NULL,'sdfsdfds',0,1,8,'2016-05-30 09:02:17',0,0,1),(24,12,11,5,'repair',3,22,NULL,NULL,NULL,'sdfsdfdsfs',0,1,8,'2016-05-30 09:03:09',0,0,1),(25,10,10,5,'repair',3,18,NULL,NULL,NULL,NULL,1,1,8,'2016-05-30 09:03:52',0,0,1),(26,11,12,5,'repair',3,19,NULL,NULL,NULL,NULL,1,1,8,'2016-05-30 09:05:12',0,0,1),(27,12,11,5,'repair',3,15,NULL,NULL,NULL,'sdfdsfsdfsd',0,1,8,'2016-05-30 09:06:18',0,0,1),(28,12,11,5,'service',3,19,NULL,NULL,NULL,NULL,1,1,8,'2016-05-30 09:06:34',0,0,1),(30,12,11,5,'fuel',1,1,'500','700','20','I traveled from Nairobi To Nakuru',0,1,8,'2016-05-30 10:30:50',0,0,1),(31,12,10,5,'fuel',1,1,'400','1200','25','I travelled from Kisumu to Nyeri',0,1,8,'2016-05-30 10:46:42',0,0,1),(32,12,11,5,'service',25,277,NULL,NULL,NULL,'smdgfsdfdsfs',0,1,8,'2016-06-05 11:13:49',0,0,1),(33,10,10,5,'repair',24,272,NULL,NULL,NULL,'dsfsdfsdfds',0,1,8,'2016-06-05 11:14:11',0,0,1),(34,10,10,5,'fuel',1,1,'400','600','800','I travelled from nairobi to Nakuru',0,1,8,'2016-06-07 01:15:07',0,0,1),(35,10,10,5,'fuel',1,1,'600','900','50','I travelled from Nairobi to Kisumu',0,1,8,'2016-06-07 01:17:10',0,0,1),(36,11,12,5,'fuel',1,1,'380','520','50',NULL,1,1,8,'2016-06-08 12:52:09',0,0,1),(37,12,11,5,'service',25,278,NULL,NULL,NULL,'This are the details here',0,1,8,'2016-06-19 12:38:29',0,0,1);

/*Table structure for table `tbl_roles` */

DROP TABLE IF EXISTS `tbl_roles`;

CREATE TABLE `tbl_roles` (
  `id` int(10) NOT NULL AUTO_INCREMENT,
  `title` varchar(100) NOT NULL,
  `role_description` text NOT NULL,
  `is_driver` int(10) NOT NULL DEFAULT '0',
  `is_tm` int(10) NOT NULL DEFAULT '0',
  `is_default` int(10) NOT NULL DEFAULT '0',
  `status` int(10) NOT NULL DEFAULT '1',
  PRIMARY KEY (`id`)
) ENGINE=InnoDB AUTO_INCREMENT=11 DEFAULT CHARSET=latin1;

/*Data for the table `tbl_roles` */

insert  into `tbl_roles`(`id`,`title`,`role_description`,`is_driver`,`is_tm`,`is_default`,`status`) values (1,'Driver','This role is for the drivers only',1,0,0,1),(3,'TM','This role is for the transport manager',0,1,0,1),(4,'IT officer','',0,0,0,1),(5,'HRM','',0,0,0,1),(6,'Technician','',0,0,0,1),(9,'Officer','This is the description over here',0,0,0,1),(10,'Def','',0,0,1,1);

/*Table structure for table `tbl_spare` */

DROP TABLE IF EXISTS `tbl_spare`;

CREATE TABLE `tbl_spare` (
  `id` int(10) NOT NULL AUTO_INCREMENT,
  `sub_system_id` int(10) NOT NULL,
  `title` varchar(100) DEFAULT NULL,
  `status` int(10) NOT NULL DEFAULT '1',
  PRIMARY KEY (`id`),
  KEY `sub_system_id` (`sub_system_id`)
) ENGINE=InnoDB AUTO_INCREMENT=6470 DEFAULT CHARSET=latin1;

/*Data for the table `tbl_spare` */

insert  into `tbl_spare`(`id`,`sub_system_id`,`title`,`status`) values (1,2,'4WD Actuator',1),(2,2,'4WD Disconnect',1),(3,3,'4WD Actuator Cable',1),(4,3,'4WD Actuator Wire Harness',1),(5,3,'Accelerator Cable',1),(6,3,'Cable',1),(7,3,'Electrical Fan Motor Wiring Harness',1),(8,3,'Electrical Ground Cable',1),(9,3,'Fuel Door Release Cable',1),(10,3,'Fuel Pump Wiring Harness',1),(11,3,'Lid Release Cable',1),(12,3,'Liftgate Release Cable',1),(13,3,'Release Cable',1),(14,3,'Shift Cable',1),(15,3,'Spark Plug Wire Set',1),(16,3,'Starter Cable',1),(17,3,'Tail Light Harness',1),(18,3,'Tailgate Release Cable',1),(19,4,'4WD Actuator Connector',1),(20,4,'4WD Hub Locking Solenoid Connector',1),(21,4,'4WD Switch Connector',1),(22,4,'Air Bag Arming Sensor Connector',1),(23,4,'Air Bag Connector',1),(24,4,'Air Bag Diagnostic Module Connector',1),(25,4,'Air Bag Disable Module Connector',1),(26,4,'Air Bag Inflator Connector',1),(27,4,'Air Bag Instrument Panel Module Connector',1),(28,4,'Air Bag Module Connector',1),(29,4,'Air Bag Safety Clockspring Connector',1),(30,4,'Air Bag Sensor Connector',1),(31,4,'Air Bag Side Impact Module Connector',1),(32,4,'Air Suspension  Compressor Motor Connector',1),(33,4,'Air Suspension  Module Connector',1),(34,4,'Air Suspension  Sensor Connector',1),(35,4,'Air Suspension  Solenoid Connector',1),(36,4,'Air Suspension  Switch Connector',1),(37,4,'Brake Light Connector',1),(38,4,'Brake Light Switch Connector',1),(39,4,'Coolant Hose Connector',1),(40,4,'Door Lock Actuator Connector',1),(41,4,'Glove Box Lamp Connector ',1),(42,4,'Headlight Connector',1),(43,4,'Mass Air Flow Connector ',1),(44,4,'Mass Air Flow Sensor Connector ',1),(45,4,'Mirror Connector',1),(46,4,'Mirror Control Connector',1),(47,4,'Oil Cooler Line Connector',1),(48,4,'Panel Connector',1),(49,4,'Panel Fuse Box Connector',1),(50,4,'Panel Harness Connector',1),(51,4,'Parking Brake Switch Connector',1),(52,4,'Pedal Position Switch Connector',1),(53,4,'Power Window Motor Connector',1),(54,4,'Power Window Relay Connector',1),(55,4,'Power Window Switch Connector',1),(56,4,'Spark Plug Wire Connector',1),(57,4,'Starter Motor Relay Connector',1),(58,4,'Sunroof / Moonroof Connector ',1),(59,4,'Sunroof Relay Connector ',1),(60,4,'Sunroof Switch Connector ',1),(61,4,'Washer Pump Connector',1),(62,4,'Washer Pump Motor Connector',1),(63,4,'Washer Relay Connector',1),(64,4,'Water in Fuel Sensor Connector ',1),(65,4,'Window Switch Connector',1),(66,4,'Window Switch Illuminate Lamp Connector',1),(67,4,'Wiper and Washer Switch Connector',1),(68,4,'Wiper Control Module Connector',1),(69,4,'Wiper Motor Connector',1),(70,5,'4WD Actuator Fork',1),(71,5,'Brake Lever',1),(72,5,'Control Lever',1),(73,5,'Fork',1),(74,5,'Fork Kit',1),(75,5,'Shift Fork',1),(76,6,'4WD Actuator Relay',1),(77,6,'Air Bag Relay',1),(78,6,'Air Suspension Air Compressor Relay',1),(79,6,'All Wheel Drive Control Relay',1),(80,6,'Antenna Relay',1),(81,6,'Anti-Theft Relay ',1),(82,6,'Audio Amplifier Relay ',1),(83,6,'Auto Shut Down Relay ',1),(84,6,'Automatic Headlight Control Relay ',1),(85,6,'Automatic Temperature Control (ATC) Relay Connector',1),(86,6,'Auxiliary Battery Relay ',1),(87,6,'Auxiliary Engine Cooling Fan Relay ',1),(88,6,'Battery Charge Relay',1),(89,6,'Boot Window Relay',1),(90,6,'Brake and Turn Signal Relay',1),(91,6,'Brake Light Relay',1),(92,6,'Cargo Light Relay ',1),(93,6,'Cigarette Lighter Relay ',1),(94,6,'Cold Start Relay',1),(95,6,'Compressor Relay',1),(96,6,'Concealed Headlight Relay ',1),(97,6,'Condenser Fan Motor Relay',1),(98,6,'Cutoff Relay',1),(99,6,'Delay Relay',1),(100,6,'Diesel Glow Plug Relay',1),(101,6,'Door Open Warning Relay',1),(102,6,'Fog Light Relay ',1),(103,6,'Fuel Pump Relay',1),(104,6,'Hazard Warning Flasher',1),(105,6,'Hazard Warning Relay',1),(106,6,'Headlight Relay',1),(107,6,'Horn Relay ',1),(108,6,'Injection Pump Relay',1),(109,6,'Interior Light Relay',1),(110,6,'Keyless Entry Relay ',1),(111,6,'Low Fuel Warning Relay ',1),(112,6,'Main Relay ',1),(113,6,'Mirror Relay',1),(114,6,'Oil Level Relay',1),(115,6,'Overload Protection Relay ',1),(116,6,'Power Window Relay',1),(117,6,'Pulse Wiper Relay ',1),(118,6,'Seat Belt Warning Relay',1),(119,6,'Start, Run Relay ',1),(120,6,'Starter Cutoff Relay',1),(121,6,'Starter Motor Control Relay',1),(122,6,'Starter Relay',1),(123,6,'Sunroof Relay ',1),(124,6,'Tail Light Relay',1),(125,6,'Temperature Control Relay ',1),(126,6,'Vacuum Pump Relay',1),(127,6,'Washer Pump Relay ',1),(128,6,'Washer Relay',1),(129,6,'Window Relay',1),(130,6,'Wiper Motor Relay',1),(131,6,'Wiper Relay',1),(132,6,'Wiring Harness Relay',1),(133,7,'4WD Actuator Valve',1),(134,7,'Air Suspension Solenoid Valve Unit',1),(135,7,'Exhaust Valve',1),(136,7,'Exhaust Valve Kit',1),(137,7,'Intake Valve',1),(138,7,'Intake Valve Kit',1),(139,7,'Valve',1),(140,7,'Valve Guide',1),(141,7,'Valve Kit',1),(142,7,'Valve Seat',1),(143,7,'Valve Spring Shim',1),(144,8,'4WD Axle Actuator Housing',1),(145,8,'Air Filter Housing ',1),(146,8,'Differential Housing ',1),(147,8,'Gearbox Housing',1),(148,9,'4WD Hub Locking Solenoid',1),(149,9,'Starter Solenoid',1),(150,10,'4WD Locking Hub',1),(151,10,'Axle Hub',1),(152,10,'Axle Hub Assembly',1),(153,10,'Hub',1),(154,10,'Rotor and Hub Assembly',1),(155,10,'Wheel Hub',1),(156,11,'4WD Switch',1),(157,11,'Air Suspension Air Compressor Isolator',1),(158,11,'Automatic Temperature Control Switch ',1),(159,11,'Back Up Lamp Switch ',1),(160,11,'Battery Isolation Switch',1),(161,11,'Blower Control Switch',1),(162,11,'Blower Fan Switch',1),(163,11,'Bonnet Open Indicator Switch',1),(164,11,'Brake Light Switch',1),(165,11,'Coolant Temperature Switch',1),(166,11,'Dimmer Switch',1),(167,11,'Driver Information Display Switch ',1),(168,11,'Glove Box Lamp Switch ',1),(169,11,'Hazard Warning Switch',1),(170,11,'Headlight Switch',1),(171,11,'Heater Control Switch',1),(172,11,'Interior Light Switch',1),(173,11,'Keyless Entry Kit ',1),(174,11,'Mirror Switch',1),(175,11,'Neutral Safety Switch ',1),(176,11,'Oil Pressure Switch',1),(177,11,'Oil Temperature Switch',1),(178,11,'Open Warning Switch',1),(179,11,'Panel Dimmer Switch',1),(180,11,'Pedal Position Switch',1),(181,11,'Power Sliding Door Switch ',1),(182,11,'Push Button Switch ',1),(183,11,'Ride Height Switch ',1),(184,11,'Selector Switch',1),(185,11,'Shift Control Switch',1),(186,11,'Sliding Door Contact Assembly ',1),(187,11,'Starter Safety Switch',1),(188,11,'Sunroof Switch ',1),(189,11,'Sunroof Switch Retaining Clip ',1),(190,11,'Switch Kit',1),(191,11,'Temperature Switch',1),(192,11,'Thermal Limiter Switch ',1),(193,11,'Washer Switch',1),(194,11,'Washer Switch Lever',1),(195,11,'Window Switch',1),(196,11,'Wiper Switch',1),(197,12,'ABS Cable',1),(198,12,'ABS Control Module',1),(199,12,'ABS Repair Kit',1),(200,12,'ABS Wheel Speed Sensor',1),(201,13,'Anti-Rattle Clip',1),(202,13,'Anti-Rattle Clip Set',1),(203,13,'Brake Hose Clip',1),(204,13,'Brake Hose Lock',1),(205,13,'Brake Spring Hold Down Pin',1),(206,13,'Brake Spring Hold Down Pin Clip',1),(207,13,'Caliper Guide Pin Clip Retainer',1),(208,13,'Camshaft Dowel Pin',1),(209,13,'Cotter Pin ',1),(210,13,'Cylinder Head Dowel Pin',1),(211,13,'Dowel Pin ',1),(212,13,'Parking Brake C-Clip',1),(213,13,'Universal Joint C-clip',1),(214,14,'Bleeder Screw',1),(215,14,'Brake Bleeder',1),(216,15,'Brake and Clutch Master Cylinder Assembly',1),(217,15,'Brake Booster with Brake Master Cylinder',1),(218,15,'Brake Master Cylinder',1),(219,15,'Brake Master Cylinder Repair Kit',1),(220,15,'Brake Wheel Cylinder',1),(221,15,'Brake Wheel Cylinder Link',1),(222,15,'Brake Wheel Cylinder Repair Kit',1),(223,15,'Clutch Cylinder Sleeve',1),(224,15,'Clutch Master and Slave Cylinder Assembly',1),(225,15,'Clutch Master Cylinder',1),(226,15,'Clutch Master Cylinder Repair Kit',1),(227,15,'Clutch Slave Cylinder',1),(228,15,'Clutch Slave Cylinder Kit',1),(229,15,'Clutch Slave Cylinder Repair Kit',1),(230,16,'Brake Booster',1),(231,17,'Air Suspension Air Spring Seal Kit',1),(232,17,'Air Suspension O-Ring and Seal Kit',1),(233,17,'Auxiliary Shaft Seal',1),(234,17,'Axle Differential Seal',1),(235,17,'Axle Shaft Seal',1),(236,17,'Bearing and Seal Overhaul Kit',1),(237,17,'Brake Booster Gasket',1),(238,17,'Breather Gasket',1),(239,17,'Caliper Piston Seal',1),(240,17,'Camshaft Gasket',1),(241,17,'Camshaft Guide O-Ring',1),(242,17,'Camshaft Housing Gasket',1),(243,17,'Camshaft Housing Seal',1),(244,17,'Camshaft O-Ring',1),(245,17,'Camshaft Seal',1),(246,17,'Camshaft Seal Kit',1),(247,17,'Clutch Fork Seal',1),(248,17,'Coil Spring Seat',1),(249,17,'Crankcase Cover Gasket Set',1),(250,17,'Crankshaft Seal',1),(251,17,'Crankshaft Seal Kit',1),(252,17,'Cylinder Head Gasket',1),(253,17,'Cylinder Head Gasket Set',1),(254,17,'Differential Carrier Gasket',1),(255,17,'Differential Pinion Seal',1),(256,17,'Differential Side Cover Seal',1),(257,17,'Drive Axle Seal',1),(258,17,'Drive Shaft Seal',1),(259,17,'Exhaust Gasket',1),(260,17,'Flywheel Housing Gasket ',1),(261,17,'Fuel Rail O-Ring Kit',1),(262,17,'Gasket Set',1),(263,17,'Idler Shaft Seal',1),(264,17,'Injector O-Ring',1),(265,17,'Inlet Gasket',1),(266,17,'Input Shaft Seal',1),(267,17,'Intake Manifold Gasket',1),(268,17,'Intake Manifold Gasket Set',1),(269,17,'Knuckle Seal',1),(270,17,'Main Bearing Gasket Set',1),(271,17,'Main Shaft Seal',1),(272,17,'Manifold Flange Gasket',1),(273,17,'Manifold Gasket',1),(274,17,'Manifold Gasket Set',1),(275,17,'Multi Purpose Seal Ring ',1),(276,17,'Nozzle O-Ring',1),(277,17,'Oil Cooler Gasket',1),(278,17,'Oil Cooler Seal',1),(279,17,'Oil Pan Gasket',1),(280,17,'Oil Pump Gasket Kit',1),(281,17,'Oil Pump O-Ring',1),(282,17,'Oil Pump Seal',1),(283,17,'Oil Pump Seal Kit',1),(284,17,'Oil Strainer Gasket',1),(285,17,'Oil Sump Gasket',1),(286,17,'Output Shaft Seal',1),(287,17,'Pilot Bearing Seal',1),(288,17,'Pinion Seal',1),(289,17,'Pinion Shaft Seal',1),(290,17,'Pipe Flange Gasket',1),(291,17,'Seal',1),(292,17,'Side Cover Gasket',1),(293,17,'Side Cover Seal',1),(294,17,'Timing Belt Kit with Seals',1),(295,17,'Timing Cover Gasket',1),(296,17,'Timing Cover Gasket Set',1),(297,17,'Timing Cover Seal',1),(298,17,'Timing Cover Seal Kit',1),(299,17,'Transfer Shaft Seal',1),(300,17,'Valve Cover Gasket',1),(301,17,'Valve Cover Gasket Set',1),(302,17,'Valve Stem Seal Set',1),(303,17,'Water Pump Gasket',1),(304,17,'Water Pump O-Ring',1),(305,17,'Window Seal',1),(306,18,'Brake Booster Hydraulic Motor Pump',1),(307,18,'Fuel Lift Pump',1),(308,18,'Fuel Pump',1),(309,18,'Fuel Tank & Pump Assembly Combination',1),(310,18,'Injector Pump',1),(311,18,'Injector Pump Installation Kit',1),(312,18,'Injector Repair Kit',1),(313,18,'Mechanical Fuel Pump ',1),(314,18,'Oil Pump',1),(315,18,'Power Steering Pump',1),(316,18,'Vacuum Pump',1),(317,18,'Washer Pump',1),(318,18,'Water Pump',1),(319,18,'Water Pump Assembly',1),(320,19,'Alignment Camber Bushing',1),(321,19,'Boot Hinge Bushing',1),(322,19,'Boot Hinge Pin & Bushing Kit',1),(323,19,'Brake Bushing',1),(324,19,'Brake Pedal Bushing',1),(325,19,'Caliper Bushing',1),(326,19,'Control Arm Bushing',1),(327,19,'Door Hinge Bushing',1),(328,19,'Hinge Pin & Bushing Kit',1),(329,19,'Idler Arm Bushing',1),(330,19,'Idler Arm Bushing Kit',1),(331,19,'Knuckle Bushing',1),(332,19,'Leaf Spring Bushing ',1),(333,19,'Mount Bushing',1),(334,19,'Pedal Bushing',1),(335,19,'Pilot Bushing',1),(336,19,'Piston Pin Bushing',1),(337,19,'Piston Pin Bushing Set',1),(338,19,'Radiator Mount Bushing',1),(339,19,'Rocker Arm Bushing',1),(340,19,'Shift Bushing',1),(341,19,'Shift Lever Bushing',1),(342,19,'Shift Rod Bushing',1),(343,19,'Shock Absorber Bushing',1),(344,19,'Stabilizer Bar Bushing',1),(345,19,'Stabilizer Bar Link Bushing',1),(346,19,'Starter Bushing',1),(347,19,'Tension Rod Bushing',1),(348,19,'Thrust Arm Bushing',1),(349,20,'Brake Caliper',1),(350,20,'Brake Disc',1),(351,20,'Brake Pad',1),(352,20,'Brake Pad and Caliper Kit',1),(353,20,'Brake Pad Installation Kit',1),(354,20,'Parking Brake Pad Set',1),(355,21,'Brake Drum',1),(356,21,'Complete Kit',1),(357,22,'Brake Drum Adjusting Lever',1),(358,22,'Brake Drum Adjusting Lever Clip',1),(359,22,'Brake Drum Adjusting Lever Return Spring',1),(360,22,'Brake Drum Adjusting Override Spring',1),(361,22,'Brake Drum Adjusting Pivot Screw Washer',1),(362,22,'Brake Drum Adjusting Screw',1),(363,22,'Brake Drum Adjusting Screw Assembly',1),(364,22,'Brake Drum Adjusting Screw Spring',1),(365,22,'Brake Drum Adjusting Spring',1),(366,22,'Brake Hold Down Spring',1),(367,22,'Brake Hold Down Spring Kit',1),(368,22,'Parking Brake Adjusting Screw Assembly',1),(369,22,'Push Rod Adjuster',1),(370,23,'Brake Drum and  Shoe',1),(371,24,'Air Cleaner Intake Hose',1),(372,24,'Air Injection Pipe',1),(373,24,'Brake Drum Brake Hydraulic Hose',1),(374,24,'Brake Hose',1),(375,24,'Brake Hydraulic Hose',1),(376,24,'Breather Hose',1),(377,24,'Coolant Bypass Hose',1),(378,24,'Coolant by-Pass Hose',1),(379,24,'Coolant Hose',1),(380,24,'Coolant Hose Flange',1),(381,24,'Coolant Pipe',1),(382,24,'Fuel Hose',1),(383,24,'Fuel Line',1),(384,24,'Header Pipe',1),(385,24,'Hose Assembly',1),(386,24,'Hydraulic Hose',1),(387,24,'Idler Arm Grease Hose Kit',1),(388,24,'Intercooler Hose',1),(389,24,'Intermediate Pipe',1),(390,24,'Oil Cooler Hose',1),(391,24,'Radiator Coolant Hose Kit',1),(392,24,'Refrigerant Discharge Hose',1),(393,24,'Refrigerant Suction Hose',1),(394,24,'Reservoir Line Hose',1),(395,24,'Service Kit',1),(396,24,'Tail Pipe Chrome Tip',1),(397,24,'Tail Pipe Tip',1),(398,24,'Tail Pipe with Muffler',1),(399,24,'Vacuum Hose',1),(400,24,'Washer Hose',1),(401,24,'Y Pipe',1),(402,25,'Air Cleaner Assembly',1),(403,25,'Air Filter ',1),(404,25,'Brake Fluid',1),(405,25,'Breather Filter',1),(406,25,'Cabin Air Filter ',1),(407,25,'Coolant Filter',1),(408,25,'Engine Oil ',1),(409,25,'Fuel Filter',1),(410,25,'Fuel Pump Filter',1),(411,25,'Grease',1),(412,25,'Oil Filter',1),(413,25,'Oil Filter Adapter',1),(414,25,'Oil Pan and Filter Kit',1),(415,25,'R134A Refrigerant Oil ',1),(416,25,'Steering Fluid',1),(417,25,'Water Separator Filter',1),(418,26,'Ball Joint Nut / Washer',1),(419,26,'Belt Tensioner Bolt',1),(420,26,'Bolt',1),(421,26,'Bolt Washer Set',1),(422,26,'Brake Hose to Caliper Bolt',1),(423,26,'Brake Lever Anchor Nut',1),(424,26,'C/V Joint Nut',1),(425,26,'Caliper Bolt',1),(426,26,'Caliper Bolt Kit',1),(427,26,'Control Arm Bolt',1),(428,26,'Coolant Bleeder Screw',1),(429,26,'Crankshaft Thrust Washer Set',1),(430,26,'Cylinder Head Bolt',1),(431,26,'Cylinder Head Bolt Set',1),(432,26,'Engine Mount Bolt',1),(433,26,'Exhaust Stud',1),(434,26,'Flywheel Bolt',1),(435,26,'Knuckle Stud',1),(436,26,'Leaf Spring Bolt ',1),(437,26,'Leaf Spring Center Bolt ',1),(438,26,'Leaf Spring Hanger Bolt ',1),(439,26,'Manifold Stud and Nut',1),(440,26,'Push Nut ',1),(441,26,'Rocker Arm Bolt',1),(442,26,'Rocker Arm Stud',1),(443,26,'Stud',1),(444,26,'Washer ',1),(445,27,'Acceleration Sensor ',1),(446,27,'Air Bag Safety Impact Sensor',1),(447,27,'Air Bag Safety Seat Track Position Sensor',1),(448,27,'Air Bag Safety Sensor',1),(449,27,'Air- Fuel Ratio Sensor ',1),(450,27,'Ambient Air Temperature Sensor',1),(451,27,'Ambient Light Sensor',1),(452,27,'Auto Door Lock Position Sensor ',1),(453,27,'Automatic Headlight Sensor ',1),(454,27,'Battery Current Sensor',1),(455,27,'Brake Level Sensor',1),(456,27,'Brake Pedal Position Sensor',1),(457,27,'Brake Pedal Travel Sensor',1),(458,27,'Camshaft Position Sensor',1),(459,27,'Coolant Temperature Sender',1),(460,27,'Coolant Temperature Sensor',1),(461,27,'Cooling Fan Sensor',1),(462,27,'Crankshaft Position Sensor',1),(463,27,'Diesel Glow Plug Sensor',1),(464,27,'Door Open Warning Sensor',1),(465,27,'Electrical Speedometer Impulse Sender',1),(466,27,'Gear Position Sensor',1),(467,27,'Humidity Sensor ',1),(468,27,'Interior Temperature Sensor',1),(469,27,'Level Sensor',1),(470,27,'Mass Air Flow Sensor ',1),(471,27,'Mass Air Flow Sensor Relay ',1),(472,27,'Memory Seat Position Sensor ',1),(473,27,'Oil Level Sensor',1),(474,27,'Oil Pressure Sensor',1),(475,27,'Oil Temperature Sender',1),(476,27,'Oil Temperature Sensor',1),(477,27,'Oxygen Sensor ',1),(478,27,'Pad Electronic Wear Sensor',1),(479,27,'Parking Aid Sensor ',1),(480,27,'Pedal Sensor',1),(481,27,'Pressure Sensor',1),(482,27,'Rain Sensor ',1),(483,27,'Remote Tire Pressure Monitor ',1),(484,27,'RPM Sensor',1),(485,27,'Speed Sensor',1),(486,27,'Supercharger Pressure Sensor ',1),(487,27,'Tail Light Outage Sensor',1),(488,27,'TDC Sensor ',1),(489,27,'Temperature Sensor',1),(490,27,'Vane Position Sensor',1),(491,27,'Vehicle Speed Sensor ',1),(492,27,'Wideband Oxygen Sensor ',1),(493,28,'4WD Actuator Fork',1),(494,28,'Brake Lever',1),(495,28,'Control Lever',1),(496,28,'Fork',1),(497,28,'Fork Kit',1),(498,28,'Shift Fork',1),(499,29,'Air Suspension Air Helper Spring Compressor Kit',1),(500,29,'Air Suspension Air Helper Spring Kit',1),(501,29,'Air Suspension Air Spring',1),(502,29,'Air Suspension Air Spring Hardware Kit',1),(503,29,'Bonnet Hinge Spring',1),(504,29,'Brake Lever Retaining Spring',1),(505,29,'Brake Lever Return Spring',1),(506,29,'Brush Spring',1),(507,29,'Coil Spring ',1),(508,29,'Leaf Helper Spring ',1),(509,29,'Leaf Spring ',1),(510,29,'Starter Brush Spring',1),(511,29,'Valve Spring',1),(512,30,'Air Bag Safety Passenger Air Bag Indicator Lamp',1),(513,30,'Brake Light',1),(514,30,'Brake Light Bulb',1),(515,30,'Cargo Area Light',1),(516,30,'Center High Mount Stop Light ',1),(517,30,'Clock Light ',1),(518,30,'Cornering Light ',1),(519,30,'Courtesy Light Bulb ',1),(520,30,'Flasher',1),(521,30,'Fog Light ',1),(522,30,'Fog Light Bulb ',1),(523,30,'Glove Box Light Bulb ',1),(524,30,'Hazard Warning and Turn Signal Flasher',1),(525,30,'HeadLamp Retainer ',1),(526,30,'Headlight ',1),(527,30,'Headlight Assembly',1),(528,30,'Headlight Bulb',1),(529,30,'Headlight Bulb Cap',1),(530,30,'Headlight Bulb Retainer',1),(531,30,'Indicator Light',1),(532,30,'License Lamp Lense ',1),(533,30,'License Light Bulb ',1),(534,30,'Panel Light Bulb',1),(535,30,'Parking Brake Warning Light',1),(536,30,'Parking Light',1),(537,30,'Parking Light Bulb',1),(538,30,'Side Marker Light ',1),(539,30,'Side Marker Light Assembly',1),(540,30,'Side Marker Light Bulb ',1),(541,30,'Side Marker Light Socket ',1),(542,30,'Tail Light Assembly',1),(543,30,'Tail Light Bulb',1),(544,30,'Under Bonnet Light ',1),(545,30,'Vanity Mirror Light Bulb ',1),(546,31,'4WD Actuator Connector',1),(547,31,'4WD Hub Locking Solenoid Connector',1),(548,31,'4WD Switch Connector',1),(549,31,'Air Bag Arming Sensor Connector',1),(550,31,'Air Bag Connector',1),(551,31,'Air Bag Diagnostic Module Connector',1),(552,31,'Air Bag Disable Module Connector',1),(553,31,'Air Bag Inflator Connector',1),(554,31,'Air Bag Instrument Panel Module Connector',1),(555,31,'Air Bag Module Connector',1),(556,31,'Air Bag Safety Clockspring Connector',1),(557,31,'Air Bag Sensor Connector',1),(558,31,'Air Bag Side Impact Module Connector',1),(559,31,'Air Suspension  Compressor Motor Connector',1),(560,31,'Air Suspension  Module Connector',1),(561,31,'Air Suspension  Sensor Connector',1),(562,31,'Air Suspension  Solenoid Connector',1),(563,31,'Air Suspension  Switch Connector',1),(564,31,'Brake Light Connector',1),(565,31,'Brake Light Switch Connector',1),(566,31,'Coolant Hose Connector',1),(567,31,'Door Lock Actuator Connector',1),(568,31,'Glove Box Lamp Connector ',1),(569,31,'Headlight Connector',1),(570,31,'Mass Air Flow Connector ',1),(571,31,'Mass Air Flow Sensor Connector ',1),(572,31,'Mirror Connector',1),(573,31,'Mirror Control Connector',1),(574,31,'Oil Cooler Line Connector',1),(575,31,'Panel Connector',1),(576,31,'Panel Fuse Box Connector',1),(577,31,'Panel Harness Connector',1),(578,31,'Parking Brake Switch Connector',1),(579,31,'Pedal Position Switch Connector',1),(580,31,'Power Window Motor Connector',1),(581,31,'Power Window Relay Connector',1),(582,31,'Power Window Switch Connector',1),(583,31,'Spark Plug Wire Connector',1),(584,31,'Starter Motor Relay Connector',1),(585,31,'Sunroof / Moonroof Connector ',1),(586,31,'Sunroof Relay Connector ',1),(587,31,'Sunroof Switch Connector ',1),(588,31,'Washer Pump Connector',1),(589,31,'Washer Pump Motor Connector',1),(590,31,'Washer Relay Connector',1),(591,31,'Water in Fuel Sensor Connector ',1),(592,31,'Window Switch Connector',1),(593,31,'Window Switch Illuminate Lamp Connector',1),(594,31,'Wiper and Washer Switch Connector',1),(595,31,'Wiper Control Module Connector',1),(596,31,'Wiper Motor Connector',1),(597,32,'4WD Actuator Relay',1),(598,32,'Air Bag Relay',1),(599,32,'Air Suspension Air Compressor Relay',1),(600,32,'All Wheel Drive Control Relay',1),(601,32,'Antenna Relay',1),(602,32,'Anti-Theft Relay ',1),(603,32,'Audio Amplifier Relay ',1),(604,32,'Auto Shut Down Relay ',1),(605,32,'Automatic Headlight Control Relay ',1),(606,32,'Automatic Temperature Control (ATC) Relay Connector',1),(607,32,'Auxiliary Battery Relay ',1),(608,32,'Auxiliary Engine Cooling Fan Relay ',1),(609,32,'Battery Charge Relay',1),(610,32,'Boot Window Relay',1),(611,32,'Brake and Turn Signal Relay',1),(612,32,'Brake Light Relay',1),(613,32,'Cargo Light Relay ',1),(614,32,'Cigarette Lighter Relay ',1),(615,32,'Cold Start Relay',1),(616,32,'Compressor Relay',1),(617,32,'Concealed Headlight Relay ',1),(618,32,'Condenser Fan Motor Relay',1),(619,32,'Cutoff Relay',1),(620,32,'Delay Relay',1),(621,32,'Diesel Glow Plug Relay',1),(622,32,'Door Open Warning Relay',1),(623,32,'Fog Light Relay ',1),(624,32,'Fuel Pump Relay',1),(625,32,'Hazard Warning Flasher',1),(626,32,'Hazard Warning Relay',1),(627,32,'Headlight Relay',1),(628,32,'Horn Relay ',1),(629,32,'Injection Pump Relay',1),(630,32,'Interior Light Relay',1),(631,32,'Keyless Entry Relay ',1),(632,32,'Low Fuel Warning Relay ',1),(633,32,'Main Relay ',1),(634,32,'Mirror Relay',1),(635,32,'Oil Level Relay',1),(636,32,'Overload Protection Relay ',1),(637,32,'Power Window Relay',1),(638,32,'Pulse Wiper Relay ',1),(639,32,'Seat Belt Warning Relay',1),(640,32,'Start, Run Relay ',1),(641,32,'Starter Cutoff Relay',1),(642,32,'Starter Motor Control Relay',1),(643,32,'Starter Relay',1),(644,32,'Sunroof Relay ',1),(645,32,'Tail Light Relay',1),(646,32,'Temperature Control Relay ',1),(647,32,'Vacuum Pump Relay',1),(648,32,'Washer Pump Relay ',1),(649,32,'Washer Relay',1),(650,32,'Window Relay',1),(651,32,'Wiper Motor Relay',1),(652,32,'Wiper Relay',1),(653,32,'Wiring Harness Relay',1),(654,33,'4WD Switch',1),(655,33,'Air Suspension Air Compressor Isolator',1),(656,33,'Automatic Temperature Control Switch ',1),(657,33,'Back Up Lamp Switch ',1),(658,33,'Battery Isolation Switch',1),(659,33,'Blower Control Switch',1),(660,33,'Blower Fan Switch',1),(661,33,'Bonnet Open Indicator Switch',1),(662,33,'Brake Light Switch',1),(663,33,'Coolant Temperature Switch',1),(664,33,'Dimmer Switch',1),(665,33,'Driver Information Display Switch ',1),(666,33,'Glove Box Lamp Switch ',1),(667,33,'Hazard Warning Switch',1),(668,33,'Headlight Switch',1),(669,33,'Heater Control Switch',1),(670,33,'Interior Light Switch',1),(671,33,'Keyless Entry Kit ',1),(672,33,'Mirror Switch',1),(673,33,'Neutral Safety Switch ',1),(674,33,'Oil Pressure Switch',1),(675,33,'Oil Temperature Switch',1),(676,33,'Open Warning Switch',1),(677,33,'Panel Dimmer Switch',1),(678,33,'Pedal Position Switch',1),(679,33,'Power Sliding Door Switch ',1),(680,33,'Push Button Switch ',1),(681,33,'Ride Height Switch ',1),(682,33,'Selector Switch',1),(683,33,'Shift Control Switch',1),(684,33,'Sliding Door Contact Assembly ',1),(685,33,'Starter Safety Switch',1),(686,33,'Sunroof Switch ',1),(687,33,'Sunroof Switch Retaining Clip ',1),(688,33,'Switch Kit',1),(689,33,'Temperature Switch',1),(690,33,'Thermal Limiter Switch ',1),(691,33,'Washer Switch',1),(692,33,'Washer Switch Lever',1),(693,33,'Window Switch',1),(694,33,'Wiper Switch',1),(695,34,'Brake Master Cylinder Reservoir',1),(696,34,'Oil Pan',1),(697,35,'Battery Clamp',1),(698,35,'Battery Tray',1),(699,35,'Brake Wheel Cylinder Bracket',1),(700,35,'Clamp',1),(701,35,'Clamp Kit',1),(702,35,'Differential Axle Bracket',1),(703,35,'Fuel Pump Hanger Assembly',1),(704,35,'Fuel Tank Strap',1),(705,35,'Glove Box Strap ',1),(706,35,'Hose Clamp',1),(707,35,'Idler Arm Bracket Assembly',1),(708,35,'Leaf Spring Hanger ',1),(709,35,'Mirror Bracket',1),(710,35,'Mount',1),(711,35,'Mount Bracket',1),(712,35,'Oil Filter Bracket',1),(713,35,'Radiator Mount',1),(714,35,'Shock Absorber Mounting Bolt',1),(715,35,'Shock Mount Bracket',1),(716,35,'Strut Bracket',1),(717,35,'Strut Mount Bracket',1),(718,36,'Caliper Piston',1),(719,36,'Engine Piston',1),(720,36,'Piston',1),(721,36,'Piston Kit',1),(722,36,'Piston Ring',1),(723,36,'Piston Ring Set',1),(724,36,'Piston Set',1),(725,37,'C/V Joint Boot',1),(726,37,'C/V Joint Boot Kit',1),(727,37,'Caliper Piston Boot',1),(728,37,'Drive Shaft Boot ',1),(729,37,'Spark Plug Boot',1),(730,38,'4WD Locking Hub',1),(731,38,'Axle Hub',1),(732,38,'Axle Hub Assembly',1),(733,38,'Hub',1),(734,38,'Rotor and Hub Assembly',1),(735,38,'Wheel Hub',1),(736,39,'Bonnet Latch Assembly',1),(737,39,'Bonnet Release Handle',1),(738,39,'Bonnet Safety Catch Pull Handle',1),(739,39,'Boot Handle',1),(740,39,'Boot Latch',1),(741,39,'Boot Lock',1),(742,39,'Coded Door Lock Set',1),(743,39,'Crank Handle',1),(744,39,'Door Lock Actuator',1),(745,39,'Glove Box Lock ',1),(746,39,'Glove Box Lock Kit ',1),(747,39,'Heater Control Knob',1),(748,39,'Interior Door Handle',1),(749,39,'Interior Door Handle Assembly',1),(750,39,'Interior Door Pull Handle',1),(751,39,'Knob',1),(752,39,'Latch Assembly',1),(753,39,'Latch Release Actuator',1),(754,39,'Liftgate Latch Handle ',1),(755,39,'Liftgate Lock Actuator ',1),(756,39,'Lock',1),(757,39,'Outside Door Handle ',1),(758,39,'Parking Brake Release Handle',1),(759,39,'Seat Adjustment Handle',1),(760,39,'Seat Adjustment Knob',1),(761,39,'Seat Back Recliner Adjustment Handle',1),(762,39,'Sliding Window Latch ',1),(763,39,'Spare Tire Compartment Cover Latch ',1),(764,39,'Strut Rod Lock Nut',1),(765,39,'Wiper Control Knob',1),(766,40,'Rotor',1),(767,41,'Catalytic Converter',1),(768,41,'Cigarette Lighter ',1),(769,41,'Coolant Water Outlet',1),(770,41,'Damper',1),(771,41,'Dipstick',1),(772,41,'Fuel Distributor',1),(773,41,'Harmonic Balancer',1),(774,41,'Intercooler ',1),(775,41,'Nozzle Holder',1),(776,41,'OE Replacement Horn Kit ',1),(777,41,'Oil Cooler',1),(778,41,'Oil Dipstick',1),(779,41,'Oil Dipstick Tube Funnel',1),(780,41,'Oil Strainer',1),(781,41,'Pedal Pad',1),(782,41,'Rotor Shim',1),(783,41,'RPM Limiter',1),(784,41,'Spare Tire Carrier ',1),(785,41,'Spark Plug Wire Holder',1),(786,41,'Strut',1),(787,41,'Strut Assembly',1),(788,41,'Strut Assembly Kit',1),(789,41,'Strut Cartridge',1),(790,41,'Supercharger ',1),(791,41,'Vibration Dampener',1),(792,41,'Wheel Trim Ring',1),(793,42,'Acceleration Sensor ',1),(794,42,'Air Bag Safety Impact Sensor',1),(795,42,'Air Bag Safety Seat Track Position Sensor',1),(796,42,'Air Bag Safety Sensor',1),(797,42,'Air- Fuel Ratio Sensor ',1),(798,42,'Ambient Air Temperature Sensor',1),(799,42,'Ambient Light Sensor',1),(800,42,'Auto Door Lock Position Sensor ',1),(801,42,'Automatic Headlight Sensor ',1),(802,42,'Battery Current Sensor',1),(803,42,'Brake Level Sensor',1),(804,42,'Brake Pedal Position Sensor',1),(805,42,'Brake Pedal Travel Sensor',1),(806,42,'Camshaft Position Sensor',1),(807,42,'Coolant Temperature Sender',1),(808,42,'Coolant Temperature Sensor',1),(809,42,'Cooling Fan Sensor',1),(810,42,'Crankshaft Position Sensor',1),(811,42,'Diesel Glow Plug Sensor',1),(812,42,'Door Open Warning Sensor',1),(813,42,'Electrical Speedometer Impulse Sender',1),(814,42,'Gear Position Sensor',1),(815,42,'Humidity Sensor ',1),(816,42,'Interior Temperature Sensor',1),(817,42,'Level Sensor',1),(818,42,'Mass Air Flow Sensor ',1),(819,42,'Mass Air Flow Sensor Relay ',1),(820,42,'Memory Seat Position Sensor ',1),(821,42,'Oil Level Sensor',1),(822,42,'Oil Pressure Sensor',1),(823,42,'Oil Temperature Sender',1),(824,42,'Oil Temperature Sensor',1),(825,42,'Oxygen Sensor ',1),(826,42,'Pad Electronic Wear Sensor',1),(827,42,'Parking Aid Sensor ',1),(828,42,'Pedal Sensor',1),(829,42,'Pressure Sensor',1),(830,42,'Rain Sensor ',1),(831,42,'Remote Tire Pressure Monitor ',1),(832,42,'RPM Sensor',1),(833,42,'Speed Sensor',1),(834,42,'Supercharger Pressure Sensor ',1),(835,42,'Tail Light Outage Sensor',1),(836,42,'TDC Sensor ',1),(837,42,'Temperature Sensor',1),(838,42,'Vane Position Sensor',1),(839,42,'Vehicle Speed Sensor ',1),(840,42,'Wideband Oxygen Sensor ',1),(841,43,'4WD Actuator Relay',1),(842,43,'Air Bag Relay',1),(843,43,'Air Suspension Air Compressor Relay',1),(844,43,'All Wheel Drive Control Relay',1),(845,43,'Antenna Relay',1),(846,43,'Anti-Theft Relay ',1),(847,43,'Audio Amplifier Relay ',1),(848,43,'Auto Shut Down Relay ',1),(849,43,'Automatic Headlight Control Relay ',1),(850,43,'Automatic Temperature Control (ATC) Relay Connector',1),(851,43,'Auxiliary Battery Relay ',1),(852,43,'Auxiliary Engine Cooling Fan Relay ',1),(853,43,'Battery Charge Relay',1),(854,43,'Boot Window Relay',1),(855,43,'Brake and Turn Signal Relay',1),(856,43,'Brake Light Relay',1),(857,43,'Cargo Light Relay ',1),(858,43,'Cigarette Lighter Relay ',1),(859,43,'Cold Start Relay',1),(860,43,'Compressor Relay',1),(861,43,'Concealed Headlight Relay ',1),(862,43,'Condenser Fan Motor Relay',1),(863,43,'Cutoff Relay',1),(864,43,'Delay Relay',1),(865,43,'Diesel Glow Plug Relay',1),(866,43,'Door Open Warning Relay',1),(867,43,'Fog Light Relay ',1),(868,43,'Fuel Pump Relay',1),(869,43,'Hazard Warning Flasher',1),(870,43,'Hazard Warning Relay',1),(871,43,'Headlight Relay',1),(872,43,'Horn Relay ',1),(873,43,'Injection Pump Relay',1),(874,43,'Interior Light Relay',1),(875,43,'Keyless Entry Relay ',1),(876,43,'Low Fuel Warning Relay ',1),(877,43,'Main Relay ',1),(878,43,'Mirror Relay',1),(879,43,'Oil Level Relay',1),(880,43,'Overload Protection Relay ',1),(881,43,'Power Window Relay',1),(882,43,'Pulse Wiper Relay ',1),(883,43,'Seat Belt Warning Relay',1),(884,43,'Start, Run Relay ',1),(885,43,'Starter Cutoff Relay',1),(886,43,'Starter Motor Control Relay',1),(887,43,'Starter Relay',1),(888,43,'Sunroof Relay ',1),(889,43,'Tail Light Relay',1),(890,43,'Temperature Control Relay ',1),(891,43,'Vacuum Pump Relay',1),(892,43,'Washer Pump Relay ',1),(893,43,'Washer Relay',1),(894,43,'Window Relay',1),(895,43,'Wiper Motor Relay',1),(896,43,'Wiper Relay',1),(897,43,'Wiring Harness Relay',1),(898,44,'4WD Switch',1),(899,44,'Air Suspension Air Compressor Isolator',1),(900,44,'Automatic Temperature Control Switch ',1),(901,44,'Back Up Lamp Switch ',1),(902,44,'Battery Isolation Switch',1),(903,44,'Blower Control Switch',1),(904,44,'Blower Fan Switch',1),(905,44,'Bonnet Open Indicator Switch',1),(906,44,'Brake Light Switch',1),(907,44,'Coolant Temperature Switch',1),(908,44,'Dimmer Switch',1),(909,44,'Driver Information Display Switch ',1),(910,44,'Glove Box Lamp Switch ',1),(911,44,'Hazard Warning Switch',1),(912,44,'Headlight Switch',1),(913,44,'Heater Control Switch',1),(914,44,'Interior Light Switch',1),(915,44,'Keyless Entry Kit ',1),(916,44,'Mirror Switch',1),(917,44,'Neutral Safety Switch ',1),(918,44,'Oil Pressure Switch',1),(919,44,'Oil Temperature Switch',1),(920,44,'Open Warning Switch',1),(921,44,'Panel Dimmer Switch',1),(922,44,'Pedal Position Switch',1),(923,44,'Power Sliding Door Switch ',1),(924,44,'Push Button Switch ',1),(925,44,'Ride Height Switch ',1),(926,44,'Selector Switch',1),(927,44,'Shift Control Switch',1),(928,44,'Sliding Door Contact Assembly ',1),(929,44,'Starter Safety Switch',1),(930,44,'Sunroof Switch ',1),(931,44,'Sunroof Switch Retaining Clip ',1),(932,44,'Switch Kit',1),(933,44,'Temperature Switch',1),(934,44,'Thermal Limiter Switch ',1),(935,44,'Washer Switch',1),(936,44,'Washer Switch Lever',1),(937,44,'Window Switch',1),(938,44,'Wiper Switch',1),(939,45,'Boot Window Motor',1),(940,45,'Condenser Fan Motor',1),(941,45,'Door Lock Actuator Motor',1),(942,45,'Fan Motor',1),(943,45,'Power Sliding Door Motor',1),(944,45,'Power Window Motor',1),(945,45,'Power Window Motor Mount Repair Kit',1),(946,45,'Starter Motor',1),(947,45,'Sunroof Motor ',1),(948,45,'Vacuum Motor',1),(949,45,'Washer Fluid Pump Motor Connector',1),(950,45,'Wiper Motor',1),(951,46,'Air Bag Safety Passenger Air Bag Indicator Lamp',1),(952,46,'Brake Light',1),(953,46,'Brake Light Bulb',1),(954,46,'Cargo Area Light',1),(955,46,'Center High Mount Stop Light ',1),(956,46,'Clock Light ',1),(957,46,'Cornering Light ',1),(958,46,'Courtesy Light Bulb ',1),(959,46,'Flasher',1),(960,46,'Fog Light ',1),(961,46,'Fog Light Bulb ',1),(962,46,'Glove Box Light Bulb ',1),(963,46,'Hazard Warning and Turn Signal Flasher',1),(964,46,'HeadLamp Retainer ',1),(965,46,'Headlight ',1),(966,46,'Headlight Assembly',1),(967,46,'Headlight Bulb',1),(968,46,'Headlight Bulb Cap',1),(969,46,'Headlight Bulb Retainer',1),(970,46,'Indicator Light',1),(971,46,'License Lamp Lense ',1),(972,46,'License Light Bulb ',1),(973,46,'Panel Light Bulb',1),(974,46,'Parking Brake Warning Light',1),(975,46,'Parking Light',1),(976,46,'Parking Light Bulb',1),(977,46,'Side Marker Light ',1),(978,46,'Side Marker Light Assembly',1),(979,46,'Side Marker Light Bulb ',1),(980,46,'Side Marker Light Socket ',1),(981,46,'Tail Light Assembly',1),(982,46,'Tail Light Bulb',1),(983,46,'Under Bonnet Light ',1),(984,46,'Vanity Mirror Light Bulb ',1),(985,47,'Catalytic Converter',1),(986,47,'Cigarette Lighter ',1),(987,47,'Coolant Water Outlet',1),(988,47,'Damper',1),(989,47,'Dipstick',1),(990,47,'Fuel Distributor',1),(991,47,'Harmonic Balancer',1),(992,47,'Intercooler ',1),(993,47,'Nozzle Holder',1),(994,47,'OE Replacement Horn Kit ',1),(995,47,'Oil Cooler',1),(996,47,'Oil Dipstick',1),(997,47,'Oil Dipstick Tube Funnel',1),(998,47,'Oil Strainer',1),(999,47,'Pedal Pad',1),(1000,47,'Rotor Shim',1),(1001,47,'RPM Limiter',1),(1002,47,'Spare Tire Carrier ',1),(1003,47,'Spark Plug Wire Holder',1),(1004,47,'Strut',1),(1005,47,'Strut Assembly',1),(1006,47,'Strut Assembly Kit',1),(1007,47,'Strut Cartridge',1),(1008,47,'Supercharger ',1),(1009,47,'Vibration Dampener',1),(1010,47,'Wheel Trim Ring',1),(1011,48,'Diesel Glow Plug ',1),(1012,48,'Oil Drain Plug',1),(1013,48,'Oil Pan Drain Plug',1),(1014,48,'Spark Plug ',1),(1015,49,'ELectrical Engine Control Module',1),(1016,49,'ELectrical Vehicle Control Module',1),(1017,49,'ELectrical Wiper Control Module',1),(1018,49,'Electronic Spark Control Module ',1),(1019,49,'Electronic Suspension Control Module ',1),(1020,49,'Injector Control Module',1),(1021,49,'Lighting Control Module ',1),(1022,49,'Seat Control Module',1),(1023,50,'4WD Actuator Cable',1),(1024,50,'4WD Actuator Wire Harness',1),(1025,50,'Accelerator Cable',1),(1026,50,'Cable',1),(1027,50,'Electrical Fan Motor Wiring Harness',1),(1028,50,'Electrical Ground Cable',1),(1029,50,'Fuel Door Release Cable',1),(1030,50,'Fuel Pump Wiring Harness',1),(1031,50,'Lid Release Cable',1),(1032,50,'Liftgate Release Cable',1),(1033,50,'Release Cable',1),(1034,50,'Shift Cable',1),(1035,50,'Spark Plug Wire Set',1),(1036,50,'Starter Cable',1),(1037,50,'Tail Light Harness',1),(1038,50,'Tailgate Release Cable',1),(1039,51,'Caliper Piston',1),(1040,51,'Engine Piston',1),(1041,51,'Piston',1),(1042,51,'Piston Kit',1),(1043,51,'Piston Ring',1),(1044,51,'Piston Ring Set',1),(1045,51,'Piston Set',1),(1046,52,'4WD Actuator Connector',1),(1047,52,'4WD Hub Locking Solenoid Connector',1),(1048,52,'4WD Switch Connector',1),(1049,52,'Air Bag Arming Sensor Connector',1),(1050,52,'Air Bag Connector',1),(1051,52,'Air Bag Diagnostic Module Connector',1),(1052,52,'Air Bag Disable Module Connector',1),(1053,52,'Air Bag Inflator Connector',1),(1054,52,'Air Bag Instrument Panel Module Connector',1),(1055,52,'Air Bag Module Connector',1),(1056,52,'Air Bag Safety Clockspring Connector',1),(1057,52,'Air Bag Sensor Connector',1),(1058,52,'Air Bag Side Impact Module Connector',1),(1059,52,'Air Suspension  Compressor Motor Connector',1),(1060,52,'Air Suspension  Module Connector',1),(1061,52,'Air Suspension  Sensor Connector',1),(1062,52,'Air Suspension  Solenoid Connector',1),(1063,52,'Air Suspension  Switch Connector',1),(1064,52,'Brake Light Connector',1),(1065,52,'Brake Light Switch Connector',1),(1066,52,'Coolant Hose Connector',1),(1067,52,'Door Lock Actuator Connector',1),(1068,52,'Glove Box Lamp Connector ',1),(1069,52,'Headlight Connector',1),(1070,52,'Mass Air Flow Connector ',1),(1071,52,'Mass Air Flow Sensor Connector ',1),(1072,52,'Mirror Connector',1),(1073,52,'Mirror Control Connector',1),(1074,52,'Oil Cooler Line Connector',1),(1075,52,'Panel Connector',1),(1076,52,'Panel Fuse Box Connector',1),(1077,52,'Panel Harness Connector',1),(1078,52,'Parking Brake Switch Connector',1),(1079,52,'Pedal Position Switch Connector',1),(1080,52,'Power Window Motor Connector',1),(1081,52,'Power Window Relay Connector',1),(1082,52,'Power Window Switch Connector',1),(1083,52,'Spark Plug Wire Connector',1),(1084,52,'Starter Motor Relay Connector',1),(1085,52,'Sunroof / Moonroof Connector ',1),(1086,52,'Sunroof Relay Connector ',1),(1087,52,'Sunroof Switch Connector ',1),(1088,52,'Washer Pump Connector',1),(1089,52,'Washer Pump Motor Connector',1),(1090,52,'Washer Relay Connector',1),(1091,52,'Water in Fuel Sensor Connector ',1),(1092,52,'Window Switch Connector',1),(1093,52,'Window Switch Illuminate Lamp Connector',1),(1094,52,'Wiper and Washer Switch Connector',1),(1095,52,'Wiper Control Module Connector',1),(1096,52,'Wiper Motor Connector',1),(1097,53,'Bonnet Latch Assembly',1),(1098,53,'Bonnet Release Handle',1),(1099,53,'Bonnet Safety Catch Pull Handle',1),(1100,53,'Boot Handle',1),(1101,53,'Boot Latch',1),(1102,53,'Boot Lock',1),(1103,53,'Coded Door Lock Set',1),(1104,53,'Crank Handle',1),(1105,53,'Door Lock Actuator',1),(1106,53,'Glove Box Lock ',1),(1107,53,'Glove Box Lock Kit ',1),(1108,53,'Heater Control Knob',1),(1109,53,'Interior Door Handle',1),(1110,53,'Interior Door Handle Assembly',1),(1111,53,'Interior Door Pull Handle',1),(1112,53,'Knob',1),(1113,53,'Latch Assembly',1),(1114,53,'Latch Release Actuator',1),(1115,53,'Liftgate Latch Handle ',1),(1116,53,'Liftgate Lock Actuator ',1),(1117,53,'Lock',1),(1118,53,'Outside Door Handle ',1),(1119,53,'Parking Brake Release Handle',1),(1120,53,'Seat Adjustment Handle',1),(1121,53,'Seat Adjustment Knob',1),(1122,53,'Seat Back Recliner Adjustment Handle',1),(1123,53,'Sliding Window Latch ',1),(1124,53,'Spare Tire Compartment Cover Latch ',1),(1125,53,'Strut Rod Lock Nut',1),(1126,53,'Wiper Control Knob',1),(1127,54,'High Voltage Power Fuse Box ',1),(1128,55,'Information Display Module ',1),(1129,56,'Brake Drum Adjusting Lever',1),(1130,56,'Brake Drum Adjusting Lever Clip',1),(1131,56,'Brake Drum Adjusting Lever Return Spring',1),(1132,56,'Brake Drum Adjusting Override Spring',1),(1133,56,'Brake Drum Adjusting Pivot Screw Washer',1),(1134,56,'Brake Drum Adjusting Screw',1),(1135,56,'Brake Drum Adjusting Screw Assembly',1),(1136,56,'Brake Drum Adjusting Screw Spring',1),(1137,56,'Brake Drum Adjusting Spring',1),(1138,56,'Brake Hold Down Spring',1),(1139,56,'Brake Hold Down Spring Kit',1),(1140,56,'Parking Brake Adjusting Screw Assembly',1),(1141,56,'Push Rod Adjuster',1),(1142,57,'Radio Antenna ',1),(1143,57,'Radio CD Player',1),(1144,57,'Radio Knob',1),(1145,57,'Radio System',1),(1146,58,'C/V Joint Boot',1),(1147,58,'C/V Joint Boot Kit',1),(1148,58,'Caliper Piston Boot',1),(1149,58,'Drive Shaft Boot ',1),(1150,58,'Spark Plug Boot',1),(1151,59,'4WD Actuator Cable',1),(1152,59,'4WD Actuator Wire Harness',1),(1153,59,'Accelerator Cable',1),(1154,59,'Cable',1),(1155,59,'Electrical Fan Motor Wiring Harness',1),(1156,59,'Electrical Ground Cable',1),(1157,59,'Fuel Door Release Cable',1),(1158,59,'Fuel Pump Wiring Harness',1),(1159,59,'Lid Release Cable',1),(1160,59,'Liftgate Release Cable',1),(1161,59,'Release Cable',1),(1162,59,'Shift Cable',1),(1163,59,'Spark Plug Wire Set',1),(1164,59,'Starter Cable',1),(1165,59,'Tail Light Harness',1),(1166,59,'Tailgate Release Cable',1),(1167,60,'Automatic Belt Tensioner Assembly',1),(1168,60,'Clutch Pulley',1),(1169,60,'Drive Belt',1),(1170,60,'Drive Belt Idler Assembly',1),(1171,60,'Drive Belt Idler Bearing',1),(1172,60,'Drive Belt Idler Pulley',1),(1173,60,'Drive Belt Idler Pulley Spacer',1),(1174,60,'Drive Belt Kit',1),(1175,60,'Injector Pump Belt',1),(1176,60,'Injector Pump Drive Gear',1),(1177,60,'Oil Pump Chain',1),(1178,60,'Oil Pump Chain Tensioner',1),(1179,60,'Oil Pump Drive Gear',1),(1180,60,'Oil Pump Sprocket',1),(1181,60,'Pulley',1),(1182,60,'Pump Belt',1),(1183,60,'Pump Pulley',1),(1184,60,'Seat Belt Buckle Button Stop',1),(1185,60,'Seat Belt Light',1),(1186,60,'Timing Belt',1),(1187,60,'Timing Belt Component Kit',1),(1188,60,'Timing Belt Guide',1),(1189,60,'Timing Belt Idler',1),(1190,60,'Timing Belt Idler Tensioner Shaft',1),(1191,60,'Timing Belt Tensioner',1),(1192,60,'Timing Belt Tensioner Adjuster',1),(1193,60,'Timing Chain',1),(1194,60,'Timing Chain Guide',1),(1195,60,'Timing Idler Pulley',1),(1196,60,'Water Pump Pulley',1),(1197,61,'Air Suspension Air Spring Seal Kit',1),(1198,61,'Air Suspension O-Ring and Seal Kit',1),(1199,61,'Auxiliary Shaft Seal',1),(1200,61,'Axle Differential Seal',1),(1201,61,'Axle Shaft Seal',1),(1202,61,'Bearing and Seal Overhaul Kit',1),(1203,61,'Brake Booster Gasket',1),(1204,61,'Breather Gasket',1),(1205,61,'Caliper Piston Seal',1),(1206,61,'Camshaft Gasket',1),(1207,61,'Camshaft Guide O-Ring',1),(1208,61,'Camshaft Housing Gasket',1),(1209,61,'Camshaft Housing Seal',1),(1210,61,'Camshaft O-Ring',1),(1211,61,'Camshaft Seal',1),(1212,61,'Camshaft Seal Kit',1),(1213,61,'Clutch Fork Seal',1),(1214,61,'Coil Spring Seat',1),(1215,61,'Crankcase Cover Gasket Set',1),(1216,61,'Crankshaft Seal',1),(1217,61,'Crankshaft Seal Kit',1),(1218,61,'Cylinder Head Gasket',1),(1219,61,'Cylinder Head Gasket Set',1),(1220,61,'Differential Carrier Gasket',1),(1221,61,'Differential Pinion Seal',1),(1222,61,'Differential Side Cover Seal',1),(1223,61,'Drive Axle Seal',1),(1224,61,'Drive Shaft Seal',1),(1225,61,'Exhaust Gasket',1),(1226,61,'Flywheel Housing Gasket ',1),(1227,61,'Fuel Rail O-Ring Kit',1),(1228,61,'Gasket Set',1),(1229,61,'Idler Shaft Seal',1),(1230,61,'Injector O-Ring',1),(1231,61,'Inlet Gasket',1),(1232,61,'Input Shaft Seal',1),(1233,61,'Intake Manifold Gasket',1),(1234,61,'Intake Manifold Gasket Set',1),(1235,61,'Knuckle Seal',1),(1236,61,'Main Bearing Gasket Set',1),(1237,61,'Main Shaft Seal',1),(1238,61,'Manifold Flange Gasket',1),(1239,61,'Manifold Gasket',1),(1240,61,'Manifold Gasket Set',1),(1241,61,'Multi Purpose Seal Ring ',1),(1242,61,'Nozzle O-Ring',1),(1243,61,'Oil Cooler Gasket',1),(1244,61,'Oil Cooler Seal',1),(1245,61,'Oil Pan Gasket',1),(1246,61,'Oil Pump Gasket Kit',1),(1247,61,'Oil Pump O-Ring',1),(1248,61,'Oil Pump Seal',1),(1249,61,'Oil Pump Seal Kit',1),(1250,61,'Oil Strainer Gasket',1),(1251,61,'Oil Sump Gasket',1),(1252,61,'Output Shaft Seal',1),(1253,61,'Pilot Bearing Seal',1),(1254,61,'Pinion Seal',1),(1255,61,'Pinion Shaft Seal',1),(1256,61,'Pipe Flange Gasket',1),(1257,61,'Seal',1),(1258,61,'Side Cover Gasket',1),(1259,61,'Side Cover Seal',1),(1260,61,'Timing Belt Kit with Seals',1),(1261,61,'Timing Cover Gasket',1),(1262,61,'Timing Cover Gasket Set',1),(1263,61,'Timing Cover Seal',1),(1264,61,'Timing Cover Seal Kit',1),(1265,61,'Transfer Shaft Seal',1),(1266,61,'Valve Cover Gasket',1),(1267,61,'Valve Cover Gasket Set',1),(1268,61,'Valve Stem Seal Set',1),(1269,61,'Water Pump Gasket',1),(1270,61,'Water Pump O-Ring',1),(1271,61,'Window Seal',1),(1272,62,'Ball Joint Nut / Washer',1),(1273,62,'Belt Tensioner Bolt',1),(1274,62,'Bolt',1),(1275,62,'Bolt Washer Set',1),(1276,62,'Brake Hose to Caliper Bolt',1),(1277,62,'Brake Lever Anchor Nut',1),(1278,62,'C/V Joint Nut',1),(1279,62,'Caliper Bolt',1),(1280,62,'Caliper Bolt Kit',1),(1281,62,'Control Arm Bolt',1),(1282,62,'Coolant Bleeder Screw',1),(1283,62,'Crankshaft Thrust Washer Set',1),(1284,62,'Cylinder Head Bolt',1),(1285,62,'Cylinder Head Bolt Set',1),(1286,62,'Engine Mount Bolt',1),(1287,62,'Exhaust Stud',1),(1288,62,'Flywheel Bolt',1),(1289,62,'Knuckle Stud',1),(1290,62,'Leaf Spring Bolt ',1),(1291,62,'Leaf Spring Center Bolt ',1),(1292,62,'Leaf Spring Hanger Bolt ',1),(1293,62,'Manifold Stud and Nut',1),(1294,62,'Push Nut ',1),(1295,62,'Rocker Arm Bolt',1),(1296,62,'Rocker Arm Stud',1),(1297,62,'Stud',1),(1298,62,'Washer ',1),(1299,63,'Breather Cap',1),(1300,63,'Coolant Recovery Tank Cap',1),(1301,63,'Fuel Tank Cap',1),(1302,63,'Oil Filler Cap',1),(1303,63,'Radiator Radiator Cap',1),(1304,63,'Strut Mount Cap',1),(1305,63,'Wheel Cap',1),(1306,64,'Air Cleaner Assembly',1),(1307,64,'Air Filter ',1),(1308,64,'Brake Fluid',1),(1309,64,'Breather Filter',1),(1310,64,'Cabin Air Filter ',1),(1311,64,'Coolant Filter',1),(1312,64,'Engine Oil ',1),(1313,64,'Fuel Filter',1),(1314,64,'Fuel Pump Filter',1),(1315,64,'Grease',1),(1316,64,'Oil Filter',1),(1317,64,'Oil Filter Adapter',1),(1318,64,'Oil Pan and Filter Kit',1),(1319,64,'R134A Refrigerant Oil ',1),(1320,64,'Steering Fluid',1),(1321,64,'Water Separator Filter',1),(1322,65,'Air Cleaner Intake Hose',1),(1323,65,'Air Injection Pipe',1),(1324,65,'Brake Drum Brake Hydraulic Hose',1),(1325,65,'Brake Hose',1),(1326,65,'Brake Hydraulic Hose',1),(1327,65,'Breather Hose',1),(1328,65,'Coolant Bypass Hose',1),(1329,65,'Coolant by-Pass Hose',1),(1330,65,'Coolant Hose',1),(1331,65,'Coolant Hose Flange',1),(1332,65,'Coolant Pipe',1),(1333,65,'Fuel Hose',1),(1334,65,'Fuel Line',1),(1335,65,'Header Pipe',1),(1336,65,'Hose Assembly',1),(1337,65,'Hydraulic Hose',1),(1338,65,'Idler Arm Grease Hose Kit',1),(1339,65,'Intercooler Hose',1),(1340,65,'Intermediate Pipe',1),(1341,65,'Oil Cooler Hose',1),(1342,65,'Radiator Coolant Hose Kit',1),(1343,65,'Refrigerant Discharge Hose',1),(1344,65,'Refrigerant Suction Hose',1),(1345,65,'Reservoir Line Hose',1),(1346,65,'Service Kit',1),(1347,65,'Tail Pipe Chrome Tip',1),(1348,65,'Tail Pipe Tip',1),(1349,65,'Tail Pipe with Muffler',1),(1350,65,'Vacuum Hose',1),(1351,65,'Washer Hose',1),(1352,65,'Y Pipe',1),(1353,66,'Camshaft',1),(1354,66,'Camshaft Follower',1),(1355,66,'Camshaft Follower Guide',1),(1356,67,'Axle Shaft Bearing Assembly',1),(1357,67,'Bearing',1),(1358,67,'Bearing and Hub Assembly',1),(1359,67,'Camshaft Bearing',1),(1360,67,'Commutator End Bearing',1),(1361,67,'Compressor Bearing',1),(1362,67,'Connecting Rod Bearing',1),(1363,67,'Connecting Rod Bearing Set',1),(1364,67,'Countershaft Bearing',1),(1365,67,'Crankshaft Main Bearing',1),(1366,67,'Crankshaft Main Bearing Set',1),(1367,67,'Differential Bearing',1),(1368,67,'Differential Pilot Bearing',1),(1369,67,'Differential Pinion Bearing Set',1),(1370,67,'Drive  Belt Idler Pulley Bearing',1),(1371,67,'Drive Shaft Bearing ',1),(1372,67,'Drive Shaft Center Support Bearing ',1),(1373,67,'Drive Sprocket Bearing',1),(1374,67,'Idler Shaft Bearing',1),(1375,67,'Input Shaft Bearing',1),(1376,67,'Input Shaft Thrust Bearing',1),(1377,67,'King Pin Bearing',1),(1378,67,'Knuckle Bearing',1),(1379,67,'Low Gear Roller Bearing',1),(1380,67,'Main Bearing Repair Sleeve',1),(1381,67,'Main Bearing Shim Set',1),(1382,67,'Main Shaft Bearing',1),(1383,67,'Main Shaft Thrust Bearing',1),(1384,67,'Oil Pump Housing Bearing',1),(1385,67,'Output Shaft Bearing',1),(1386,67,'Output Shaft Thrust Bearing',1),(1387,67,'Pedal Bearing',1),(1388,67,'Pilot Bearing',1),(1389,67,'Pinion Bearing',1),(1390,67,'Pinion Shaft Bearing',1),(1391,67,'Pitman Shaft Bearing',1),(1392,67,'Release Bearing',1),(1393,67,'Release Bearing and Slave Cylinder Assembly',1),(1394,67,'Secondary Gear Bearing',1),(1395,67,'Shaft Bearing',1),(1396,67,'Shift Shaft Bearing',1),(1397,67,'Side Sliding Door Roller ',1),(1398,67,'Side Sliding Door Roller Assembly ',1),(1399,67,'Starter Bearing',1),(1400,67,'Strut Mount Bearing',1),(1401,67,'Timing Idler Bearing',1),(1402,67,'Transfer Shaft Bearing',1),(1403,67,'Wheel Bearing',1),(1404,67,'Wheel Bearing and Hub Assembly',1),(1405,68,'Anti-Rattle Clip',1),(1406,68,'Anti-Rattle Clip Set',1),(1407,68,'Brake Hose Clip',1),(1408,68,'Brake Hose Lock',1),(1409,68,'Brake Spring Hold Down Pin',1),(1410,68,'Brake Spring Hold Down Pin Clip',1),(1411,68,'Caliper Guide Pin Clip Retainer',1),(1412,68,'Camshaft Dowel Pin',1),(1413,68,'Cotter Pin ',1),(1414,68,'Cylinder Head Dowel Pin',1),(1415,68,'Dowel Pin ',1),(1416,68,'Parking Brake C-Clip',1),(1417,68,'Universal Joint C-clip',1),(1418,69,'Camshaft Follower and Timing Kit',1),(1419,69,'Timing Camshaft Sprocket',1),(1420,69,'Timing Chain Kit',1),(1421,69,'Timing Cover',1),(1422,69,'Timing Gear Set',1),(1423,70,'Camshaft Repair Sleeve',1),(1424,70,'Clutch Fork Repair Sleeve',1),(1425,70,'Oil Pump Housing Repair Sleeve',1),(1426,70,'Shift Shaft Repair Sleeve',1),(1427,71,'Connecting Rod',1),(1428,71,'Push Rod',1),(1429,71,'Push Rod Cover Grommet Set',1),(1430,71,'Strut Rod Kit',1),(1431,71,'Tension Rod',1),(1432,71,'Tie Rod',1),(1433,71,'Tie Rod Assembly',1),(1434,71,'Tie Rod End',1),(1435,72,'Coolant Water Bypass Gasket',1),(1436,72,'Coolant Water Inlet Gasket',1),(1437,72,'CV Joint Half Shaft Seal',1),(1438,72,'Cylinder Head Installation Gasket Set',1),(1439,72,'Cylinder Head Side Cover Gasket',1),(1440,72,'Differential Bearing and Seal Kit',1),(1441,72,'Differential Housing Cover Gasket',1),(1442,72,'Engine Block Cover Gasket',1),(1443,72,'injector Pump Mounting Gasket',1),(1444,72,'Intake Manifold Cover Gasket',1),(1445,72,'Main Shaft Extension Seal',1),(1446,72,'Main Shaft Thrust Seal',1),(1447,72,'Major Overhaul  Kit',1),(1448,72,'Oil Dipstick Tube Seal',1),(1449,72,'Oil Drain Plug Gasket',1),(1450,72,'Oil Filler Cap Gasket',1),(1451,72,'Oil Filter Adapter O-Ring',1),(1452,72,'Oil Filter Mounting O-Ring',1),(1453,72,'Oil Pressure Relief Valve Gasket',1),(1454,72,'Oil Pump Cover Seal',1),(1455,72,'Oil Pump Housing Seal',1),(1456,72,'Overhaul Kit',1),(1457,72,'Pipe to Manifold Gasket',1),(1458,72,'Push Rod Tube Seal',1),(1459,72,'System O-Ring and Gasket Kit',1),(1460,72,'Timing Cover Dust Seal Set',1),(1461,72,'Water Pump Backing Plate Gasket',1),(1462,72,'Water Pump Housing Gasket',1),(1463,72,'Water Pump Housing O-Ring',1),(1464,72,'Wheel Bearing and Seal Kit',1),(1465,73,'Crankshaft',1),(1466,74,'Cylinder Head',1),(1467,74,'Cylinder Head Set',1),(1468,75,'Cylinder Head Spacer Shim',1),(1469,75,'Seal Spacer',1),(1470,76,'4WD Actuator Valve',1),(1471,76,'Air Suspension Solenoid Valve Unit',1),(1472,76,'Exhaust Valve',1),(1473,76,'Exhaust Valve Kit',1),(1474,76,'Intake Valve',1),(1475,76,'Intake Valve Kit',1),(1476,76,'Valve',1),(1477,76,'Valve Guide',1),(1478,76,'Valve Kit',1),(1479,76,'Valve Seat',1),(1480,76,'Valve Spring Shim',1),(1481,77,'Catalytic Converter',1),(1482,77,'Cigarette Lighter ',1),(1483,77,'Coolant Water Outlet',1),(1484,77,'Damper',1),(1485,77,'Dipstick',1),(1486,77,'Fuel Distributor',1),(1487,77,'Harmonic Balancer',1),(1488,77,'Intercooler ',1),(1489,77,'Nozzle Holder',1),(1490,77,'OE Replacement Horn Kit ',1),(1491,77,'Oil Cooler',1),(1492,77,'Oil Dipstick',1),(1493,77,'Oil Dipstick Tube Funnel',1),(1494,77,'Oil Strainer',1),(1495,77,'Pedal Pad',1),(1496,77,'Rotor Shim',1),(1497,77,'RPM Limiter',1),(1498,77,'Spare Tire Carrier ',1),(1499,77,'Spark Plug Wire Holder',1),(1500,77,'Strut',1),(1501,77,'Strut Assembly',1),(1502,77,'Strut Assembly Kit',1),(1503,77,'Strut Cartridge',1),(1504,77,'Supercharger ',1),(1505,77,'Vibration Dampener',1),(1506,77,'Wheel Trim Ring',1),(1507,78,'Intake Manifold',1),(1508,78,'Manifold',1),(1509,79,'Ball Joint',1),(1510,79,'Ball Joint Kit',1),(1511,79,'C/V Axle Shaft',1),(1512,79,'C/V Intermediate Shaft',1),(1513,79,'C/V Joint',1),(1514,79,'C/V Joint Half Shaft',1),(1515,79,'Control Arm',1),(1516,79,'Control Arm and Ball Joint Assembly',1),(1517,79,'Control Arm Kit',1),(1518,79,'Control Arm Link',1),(1519,79,'Differential Axle Pinion Race',1),(1520,79,'Drive Shaft ',1),(1521,79,'Drive Shaft Center Support ',1),(1522,79,'Drive Shaft Coupler ',1),(1523,79,'Drive Shaft CV Joint ',1),(1524,79,'Drive Shaft Flex Joint ',1),(1525,79,'Idler Arm Repair Kit',1),(1526,79,'Intermediate Shaft',1),(1527,79,'Linkage Assembly',1),(1528,79,'Oil Pump Drive Shaft',1),(1529,79,'Rocker Arm',1),(1530,79,'Rocker Arm Adjusting Screw',1),(1531,79,'Rocker Arm and Shaft Assembly',1),(1532,79,'Rocker Arm Ball',1),(1533,79,'Rocker Arm Ball Stud Assembly',1),(1534,79,'Rocker Arm Bridge',1),(1535,79,'Rocker Arm Kit',1),(1536,79,'Steering Shaft',1),(1537,79,'Shaft Universal Joint',1),(1538,79,'Steering Idler Arm',1),(1539,79,'Thrust Arm and Ball Joint',1),(1540,79,'Universal Joint ',1),(1541,79,'Universal Joint Strap Kit',1),(1542,80,'Battery Clamp',1),(1543,80,'Battery Tray',1),(1544,80,'Brake Wheel Cylinder Bracket',1),(1545,80,'Clamp',1),(1546,80,'Clamp Kit',1),(1547,80,'Differential Axle Bracket',1),(1548,80,'Fuel Pump Hanger Assembly',1),(1549,80,'Fuel Tank Strap',1),(1550,80,'Glove Box Strap ',1),(1551,80,'Hose Clamp',1),(1552,80,'Idler Arm Bracket Assembly',1),(1553,80,'Leaf Spring Hanger ',1),(1554,80,'Mirror Bracket',1),(1555,80,'Mount',1),(1556,80,'Mount Bracket',1),(1557,80,'Oil Filter Bracket',1),(1558,80,'Radiator Mount',1),(1559,80,'Shock Absorber Mounting Bolt',1),(1560,80,'Shock Mount Bracket',1),(1561,80,'Strut Bracket',1),(1562,80,'Strut Mount Bracket',1),(1563,81,'Alignment Camber Bushing',1),(1564,81,'Boot Hinge Bushing',1),(1565,81,'Boot Hinge Pin & Bushing Kit',1),(1566,81,'Brake Bushing',1),(1567,81,'Brake Pedal Bushing',1),(1568,81,'Caliper Bushing',1),(1569,81,'Control Arm Bushing',1),(1570,81,'Door Hinge Bushing',1),(1571,81,'Hinge Pin & Bushing Kit',1),(1572,81,'Idler Arm Bushing',1),(1573,81,'Idler Arm Bushing Kit',1),(1574,81,'Knuckle Bushing',1),(1575,81,'Leaf Spring Bushing ',1),(1576,81,'Mount Bushing',1),(1577,81,'Pedal Bushing',1),(1578,81,'Pilot Bushing',1),(1579,81,'Piston Pin Bushing',1),(1580,81,'Piston Pin Bushing Set',1),(1581,81,'Radiator Mount Bushing',1),(1582,81,'Rocker Arm Bushing',1),(1583,81,'Shift Bushing',1),(1584,81,'Shift Lever Bushing',1),(1585,81,'Shift Rod Bushing',1),(1586,81,'Shock Absorber Bushing',1),(1587,81,'Stabilizer Bar Bushing',1),(1588,81,'Stabilizer Bar Link Bushing',1),(1589,81,'Starter Bushing',1),(1590,81,'Tension Rod Bushing',1),(1591,81,'Thrust Arm Bushing',1),(1592,82,'Diesel Glow Plug ',1),(1593,82,'Oil Drain Plug',1),(1594,82,'Oil Pan Drain Plug',1),(1595,82,'Spark Plug ',1),(1596,83,'Brake Master Cylinder Reservoir',1),(1597,83,'Oil Pan',1),(1598,84,'Brake Booster Hydraulic Motor Pump',1),(1599,84,'Fuel Lift Pump',1),(1600,84,'Fuel Pump',1),(1601,84,'Fuel Tank & Pump Assembly Combination',1),(1602,84,'Injector Pump',1),(1603,84,'Injector Pump Installation Kit',1),(1604,84,'Injector Repair Kit',1),(1605,84,'Mechanical Fuel Pump ',1),(1606,84,'Oil Pump',1),(1607,84,'Power Steering Pump',1),(1608,84,'Vacuum Pump',1),(1609,84,'Washer Pump',1),(1610,84,'Water Pump',1),(1611,84,'Water Pump Assembly',1),(1612,85,'Oil Strainer Cover',1),(1613,85,'Valve Cover Bolt Kit',1),(1614,85,'Valve Cover Repair Kit',1),(1615,85,'Wheel Nut Cover',1),(1616,86,'Caliper Piston',1),(1617,86,'Engine Piston',1),(1618,86,'Piston',1),(1619,86,'Piston Kit',1),(1620,86,'Piston Ring',1),(1621,86,'Piston Ring Set',1),(1622,86,'Piston Set',1),(1623,87,'Gear Box ',1),(1624,87,'Gearbox Assembly',1),(1625,87,'Steering Gear',1),(1626,87,'Timing Camshaft Gear',1),(1627,87,'Timing Camshaft Gear Spacer',1),(1628,87,'Timing Crankshaft Gear',1),(1629,88,'Air Suspension Air Helper Spring Compressor Kit',1),(1630,88,'Air Suspension Air Helper Spring Kit',1),(1631,88,'Air Suspension Air Spring',1),(1632,88,'Air Suspension Air Spring Hardware Kit',1),(1633,88,'Bonnet Hinge Spring',1),(1634,88,'Brake Lever Retaining Spring',1),(1635,88,'Brake Lever Return Spring',1),(1636,88,'Brush Spring',1),(1637,88,'Coil Spring ',1),(1638,88,'Leaf Helper Spring ',1),(1639,88,'Leaf Spring ',1),(1640,88,'Starter Brush Spring',1),(1641,88,'Valve Spring',1),(1642,89,'4WD Actuator Connector',1),(1643,89,'4WD Hub Locking Solenoid Connector',1),(1644,89,'4WD Switch Connector',1),(1645,89,'Air Bag Arming Sensor Connector',1),(1646,89,'Air Bag Connector',1),(1647,89,'Air Bag Diagnostic Module Connector',1),(1648,89,'Air Bag Disable Module Connector',1),(1649,89,'Air Bag Inflator Connector',1),(1650,89,'Air Bag Instrument Panel Module Connector',1),(1651,89,'Air Bag Module Connector',1),(1652,89,'Air Bag Safety Clockspring Connector',1),(1653,89,'Air Bag Sensor Connector',1),(1654,89,'Air Bag Side Impact Module Connector',1),(1655,89,'Air Suspension  Compressor Motor Connector',1),(1656,89,'Air Suspension  Module Connector',1),(1657,89,'Air Suspension  Sensor Connector',1),(1658,89,'Air Suspension  Solenoid Connector',1),(1659,89,'Air Suspension  Switch Connector',1),(1660,89,'Brake Light Connector',1),(1661,89,'Brake Light Switch Connector',1),(1662,89,'Coolant Hose Connector',1),(1663,89,'Door Lock Actuator Connector',1),(1664,89,'Glove Box Lamp Connector ',1),(1665,89,'Headlight Connector',1),(1666,89,'Mass Air Flow Connector ',1),(1667,89,'Mass Air Flow Sensor Connector ',1),(1668,89,'Mirror Connector',1),(1669,89,'Mirror Control Connector',1),(1670,89,'Oil Cooler Line Connector',1),(1671,89,'Panel Connector',1),(1672,89,'Panel Fuse Box Connector',1),(1673,89,'Panel Harness Connector',1),(1674,89,'Parking Brake Switch Connector',1),(1675,89,'Pedal Position Switch Connector',1),(1676,89,'Power Window Motor Connector',1),(1677,89,'Power Window Relay Connector',1),(1678,89,'Power Window Switch Connector',1),(1679,89,'Spark Plug Wire Connector',1),(1680,89,'Starter Motor Relay Connector',1),(1681,89,'Sunroof / Moonroof Connector ',1),(1682,89,'Sunroof Relay Connector ',1),(1683,89,'Sunroof Switch Connector ',1),(1684,89,'Washer Pump Connector',1),(1685,89,'Washer Pump Motor Connector',1),(1686,89,'Washer Relay Connector',1),(1687,89,'Water in Fuel Sensor Connector ',1),(1688,89,'Window Switch Connector',1),(1689,89,'Window Switch Illuminate Lamp Connector',1),(1690,89,'Wiper and Washer Switch Connector',1),(1691,89,'Wiper Control Module Connector',1),(1692,89,'Wiper Motor Connector',1),(1693,90,'4WD Actuator Relay',1),(1694,90,'Air Bag Relay',1),(1695,90,'Air Suspension Air Compressor Relay',1),(1696,90,'All Wheel Drive Control Relay',1),(1697,90,'Antenna Relay',1),(1698,90,'Anti-Theft Relay ',1),(1699,90,'Audio Amplifier Relay ',1),(1700,90,'Auto Shut Down Relay ',1),(1701,90,'Automatic Headlight Control Relay ',1),(1702,90,'Automatic Temperature Control (ATC) Relay Connector',1),(1703,90,'Auxiliary Battery Relay ',1),(1704,90,'Auxiliary Engine Cooling Fan Relay ',1),(1705,90,'Battery Charge Relay',1),(1706,90,'Boot Window Relay',1),(1707,90,'Brake and Turn Signal Relay',1),(1708,90,'Brake Light Relay',1),(1709,90,'Cargo Light Relay ',1),(1710,90,'Cigarette Lighter Relay ',1),(1711,90,'Cold Start Relay',1),(1712,90,'Compressor Relay',1),(1713,90,'Concealed Headlight Relay ',1),(1714,90,'Condenser Fan Motor Relay',1),(1715,90,'Cutoff Relay',1),(1716,90,'Delay Relay',1),(1717,90,'Diesel Glow Plug Relay',1),(1718,90,'Door Open Warning Relay',1),(1719,90,'Fog Light Relay ',1),(1720,90,'Fuel Pump Relay',1),(1721,90,'Hazard Warning Flasher',1),(1722,90,'Hazard Warning Relay',1),(1723,90,'Headlight Relay',1),(1724,90,'Horn Relay ',1),(1725,90,'Injection Pump Relay',1),(1726,90,'Interior Light Relay',1),(1727,90,'Keyless Entry Relay ',1),(1728,90,'Low Fuel Warning Relay ',1),(1729,90,'Main Relay ',1),(1730,90,'Mirror Relay',1),(1731,90,'Oil Level Relay',1),(1732,90,'Overload Protection Relay ',1),(1733,90,'Power Window Relay',1),(1734,90,'Pulse Wiper Relay ',1),(1735,90,'Seat Belt Warning Relay',1),(1736,90,'Start, Run Relay ',1),(1737,90,'Starter Cutoff Relay',1),(1738,90,'Starter Motor Control Relay',1),(1739,90,'Starter Relay',1),(1740,90,'Sunroof Relay ',1),(1741,90,'Tail Light Relay',1),(1742,90,'Temperature Control Relay ',1),(1743,90,'Vacuum Pump Relay',1),(1744,90,'Washer Pump Relay ',1),(1745,90,'Washer Relay',1),(1746,90,'Window Relay',1),(1747,90,'Wiper Motor Relay',1),(1748,90,'Wiper Relay',1),(1749,90,'Wiring Harness Relay',1),(1750,91,'Air Bag Safety Clockspring',1),(1751,91,'Air Suspension Air Spring to Coil Spring Conversion Kit ',1),(1752,91,'Coil Spring Insulator',1),(1753,91,'Strut and Coil Spring Assembly',1),(1754,92,'Acceleration Sensor ',1),(1755,92,'Air Bag Safety Impact Sensor',1),(1756,92,'Air Bag Safety Seat Track Position Sensor',1),(1757,92,'Air Bag Safety Sensor',1),(1758,92,'Air- Fuel Ratio Sensor ',1),(1759,92,'Ambient Air Temperature Sensor',1),(1760,92,'Ambient Light Sensor',1),(1761,92,'Auto Door Lock Position Sensor ',1),(1762,92,'Automatic Headlight Sensor ',1),(1763,92,'Battery Current Sensor',1),(1764,92,'Brake Level Sensor',1),(1765,92,'Brake Pedal Position Sensor',1),(1766,92,'Brake Pedal Travel Sensor',1),(1767,92,'Camshaft Position Sensor',1),(1768,92,'Coolant Temperature Sender',1),(1769,92,'Coolant Temperature Sensor',1),(1770,92,'Cooling Fan Sensor',1),(1771,92,'Crankshaft Position Sensor',1),(1772,92,'Diesel Glow Plug Sensor',1),(1773,92,'Door Open Warning Sensor',1),(1774,92,'Electrical Speedometer Impulse Sender',1),(1775,92,'Gear Position Sensor',1),(1776,92,'Humidity Sensor ',1),(1777,92,'Interior Temperature Sensor',1),(1778,92,'Level Sensor',1),(1779,92,'Mass Air Flow Sensor ',1),(1780,92,'Mass Air Flow Sensor Relay ',1),(1781,92,'Memory Seat Position Sensor ',1),(1782,92,'Oil Level Sensor',1),(1783,92,'Oil Pressure Sensor',1),(1784,92,'Oil Temperature Sender',1),(1785,92,'Oil Temperature Sensor',1),(1786,92,'Oxygen Sensor ',1),(1787,92,'Pad Electronic Wear Sensor',1),(1788,92,'Parking Aid Sensor ',1),(1789,92,'Pedal Sensor',1),(1790,92,'Pressure Sensor',1),(1791,92,'Rain Sensor ',1),(1792,92,'Remote Tire Pressure Monitor ',1),(1793,92,'RPM Sensor',1),(1794,92,'Speed Sensor',1),(1795,92,'Supercharger Pressure Sensor ',1),(1796,92,'Tail Light Outage Sensor',1),(1797,92,'TDC Sensor ',1),(1798,92,'Temperature Sensor',1),(1799,92,'Vane Position Sensor',1),(1800,92,'Vehicle Speed Sensor ',1),(1801,92,'Wideband Oxygen Sensor ',1),(1802,93,'Air Bag Safety Module',1),(1803,93,'Control Module',1),(1804,94,'Air Bag Safety Passenger Air Bag Indicator Lamp',1),(1805,94,'Brake Light',1),(1806,94,'Brake Light Bulb',1),(1807,94,'Cargo Area Light',1),(1808,94,'Center High Mount Stop Light ',1),(1809,94,'Clock Light ',1),(1810,94,'Cornering Light ',1),(1811,94,'Courtesy Light Bulb ',1),(1812,94,'Flasher',1),(1813,94,'Fog Light ',1),(1814,94,'Fog Light Bulb ',1),(1815,94,'Glove Box Light Bulb ',1),(1816,94,'Hazard Warning and Turn Signal Flasher',1),(1817,94,'HeadLamp Retainer ',1),(1818,94,'Headlight ',1),(1819,94,'Headlight Assembly',1),(1820,94,'Headlight Bulb',1),(1821,94,'Headlight Bulb Cap',1),(1822,94,'Headlight Bulb Retainer',1),(1823,94,'Indicator Light',1),(1824,94,'License Lamp Lense ',1),(1825,94,'License Light Bulb ',1),(1826,94,'Panel Light Bulb',1),(1827,94,'Parking Brake Warning Light',1),(1828,94,'Parking Light',1),(1829,94,'Parking Light Bulb',1),(1830,94,'Side Marker Light ',1),(1831,94,'Side Marker Light Assembly',1),(1832,94,'Side Marker Light Bulb ',1),(1833,94,'Side Marker Light Socket ',1),(1834,94,'Tail Light Assembly',1),(1835,94,'Tail Light Bulb',1),(1836,94,'Under Bonnet Light ',1),(1837,94,'Vanity Mirror Light Bulb ',1),(1838,95,'Air Cleaner Assembly',1),(1839,95,'Air Filter ',1),(1840,95,'Brake Fluid',1),(1841,95,'Breather Filter',1),(1842,95,'Cabin Air Filter ',1),(1843,95,'Coolant Filter',1),(1844,95,'Engine Oil ',1),(1845,95,'Fuel Filter',1),(1846,95,'Fuel Pump Filter',1),(1847,95,'Grease',1),(1848,95,'Oil Filter',1),(1849,95,'Oil Filter Adapter',1),(1850,95,'Oil Pan and Filter Kit',1),(1851,95,'R134A Refrigerant Oil ',1),(1852,95,'Steering Fluid',1),(1853,95,'Water Separator Filter',1),(1854,96,'Air Cleaner Intake Hose',1),(1855,96,'Air Injection Pipe',1),(1856,96,'Brake Drum Brake Hydraulic Hose',1),(1857,96,'Brake Hose',1),(1858,96,'Brake Hydraulic Hose',1),(1859,96,'Breather Hose',1),(1860,96,'Coolant Bypass Hose',1),(1861,96,'Coolant by-Pass Hose',1),(1862,96,'Coolant Hose',1),(1863,96,'Coolant Hose Flange',1),(1864,96,'Coolant Pipe',1),(1865,96,'Fuel Hose',1),(1866,96,'Fuel Line',1),(1867,96,'Header Pipe',1),(1868,96,'Hose Assembly',1),(1869,96,'Hydraulic Hose',1),(1870,96,'Idler Arm Grease Hose Kit',1),(1871,96,'Intercooler Hose',1),(1872,96,'Intermediate Pipe',1),(1873,96,'Oil Cooler Hose',1),(1874,96,'Radiator Coolant Hose Kit',1),(1875,96,'Refrigerant Discharge Hose',1),(1876,96,'Refrigerant Suction Hose',1),(1877,96,'Reservoir Line Hose',1),(1878,96,'Service Kit',1),(1879,96,'Tail Pipe Chrome Tip',1),(1880,96,'Tail Pipe Tip',1),(1881,96,'Tail Pipe with Muffler',1),(1882,96,'Vacuum Hose',1),(1883,96,'Washer Hose',1),(1884,96,'Y Pipe',1),(1885,97,'4WD Axle Actuator Housing',1),(1886,97,'Air Filter Housing ',1),(1887,97,'Differential Housing ',1),(1888,97,'Gearbox Housing',1),(1889,98,'Catalytic Converter',1),(1890,98,'Cigarette Lighter ',1),(1891,98,'Coolant Water Outlet',1),(1892,98,'Damper',1),(1893,98,'Dipstick',1),(1894,98,'Fuel Distributor',1),(1895,98,'Harmonic Balancer',1),(1896,98,'Intercooler ',1),(1897,98,'Nozzle Holder',1),(1898,98,'OE Replacement Horn Kit ',1),(1899,98,'Oil Cooler',1),(1900,98,'Oil Dipstick',1),(1901,98,'Oil Dipstick Tube Funnel',1),(1902,98,'Oil Strainer',1),(1903,98,'Pedal Pad',1),(1904,98,'Rotor Shim',1),(1905,98,'RPM Limiter',1),(1906,98,'Spare Tire Carrier ',1),(1907,98,'Spark Plug Wire Holder',1),(1908,98,'Strut',1),(1909,98,'Strut Assembly',1),(1910,98,'Strut Assembly Kit',1),(1911,98,'Strut Cartridge',1),(1912,98,'Supercharger ',1),(1913,98,'Vibration Dampener',1),(1914,98,'Wheel Trim Ring',1),(1915,99,'Air Suspension Air Spring Seal Kit',1),(1916,99,'Air Suspension O-Ring and Seal Kit',1),(1917,99,'Auxiliary Shaft Seal',1),(1918,99,'Axle Differential Seal',1),(1919,99,'Axle Shaft Seal',1),(1920,99,'Bearing and Seal Overhaul Kit',1),(1921,99,'Brake Booster Gasket',1),(1922,99,'Breather Gasket',1),(1923,99,'Caliper Piston Seal',1),(1924,99,'Camshaft Gasket',1),(1925,99,'Camshaft Guide O-Ring',1),(1926,99,'Camshaft Housing Gasket',1),(1927,99,'Camshaft Housing Seal',1),(1928,99,'Camshaft O-Ring',1),(1929,99,'Camshaft Seal',1),(1930,99,'Camshaft Seal Kit',1),(1931,99,'Clutch Fork Seal',1),(1932,99,'Coil Spring Seat',1),(1933,99,'Crankcase Cover Gasket Set',1),(1934,99,'Crankshaft Seal',1),(1935,99,'Crankshaft Seal Kit',1),(1936,99,'Cylinder Head Gasket',1),(1937,99,'Cylinder Head Gasket Set',1),(1938,99,'Differential Carrier Gasket',1),(1939,99,'Differential Pinion Seal',1),(1940,99,'Differential Side Cover Seal',1),(1941,99,'Drive Axle Seal',1),(1942,99,'Drive Shaft Seal',1),(1943,99,'Exhaust Gasket',1),(1944,99,'Flywheel Housing Gasket ',1),(1945,99,'Fuel Rail O-Ring Kit',1),(1946,99,'Gasket Set',1),(1947,99,'Idler Shaft Seal',1),(1948,99,'Injector O-Ring',1),(1949,99,'Inlet Gasket',1),(1950,99,'Input Shaft Seal',1),(1951,99,'Intake Manifold Gasket',1),(1952,99,'Intake Manifold Gasket Set',1),(1953,99,'Knuckle Seal',1),(1954,99,'Main Bearing Gasket Set',1),(1955,99,'Main Shaft Seal',1),(1956,99,'Manifold Flange Gasket',1),(1957,99,'Manifold Gasket',1),(1958,99,'Manifold Gasket Set',1),(1959,99,'Multi Purpose Seal Ring ',1),(1960,99,'Nozzle O-Ring',1),(1961,99,'Oil Cooler Gasket',1),(1962,99,'Oil Cooler Seal',1),(1963,99,'Oil Pan Gasket',1),(1964,99,'Oil Pump Gasket Kit',1),(1965,99,'Oil Pump O-Ring',1),(1966,99,'Oil Pump Seal',1),(1967,99,'Oil Pump Seal Kit',1),(1968,99,'Oil Strainer Gasket',1),(1969,99,'Oil Sump Gasket',1),(1970,99,'Output Shaft Seal',1),(1971,99,'Pilot Bearing Seal',1),(1972,99,'Pinion Seal',1),(1973,99,'Pinion Shaft Seal',1),(1974,99,'Pipe Flange Gasket',1),(1975,99,'Seal',1),(1976,99,'Side Cover Gasket',1),(1977,99,'Side Cover Seal',1),(1978,99,'Timing Belt Kit with Seals',1),(1979,99,'Timing Cover Gasket',1),(1980,99,'Timing Cover Gasket Set',1),(1981,99,'Timing Cover Seal',1),(1982,99,'Timing Cover Seal Kit',1),(1983,99,'Transfer Shaft Seal',1),(1984,99,'Valve Cover Gasket',1),(1985,99,'Valve Cover Gasket Set',1),(1986,99,'Valve Stem Seal Set',1),(1987,99,'Water Pump Gasket',1),(1988,99,'Water Pump O-Ring',1),(1989,99,'Window Seal',1),(1990,100,'4WD Switch',1),(1991,100,'Air Suspension Air Compressor Isolator',1),(1992,100,'Automatic Temperature Control Switch ',1),(1993,100,'Back Up Lamp Switch ',1),(1994,100,'Battery Isolation Switch',1),(1995,100,'Blower Control Switch',1),(1996,100,'Blower Fan Switch',1),(1997,100,'Bonnet Open Indicator Switch',1),(1998,100,'Brake Light Switch',1),(1999,100,'Coolant Temperature Switch',1),(2000,100,'Dimmer Switch',1),(2001,100,'Driver Information Display Switch ',1),(2002,100,'Glove Box Lamp Switch ',1),(2003,100,'Hazard Warning Switch',1),(2004,100,'Headlight Switch',1),(2005,100,'Heater Control Switch',1),(2006,100,'Interior Light Switch',1),(2007,100,'Keyless Entry Kit ',1),(2008,100,'Mirror Switch',1),(2009,100,'Neutral Safety Switch ',1),(2010,100,'Oil Pressure Switch',1),(2011,100,'Oil Temperature Switch',1),(2012,100,'Open Warning Switch',1),(2013,100,'Panel Dimmer Switch',1),(2014,100,'Pedal Position Switch',1),(2015,100,'Power Sliding Door Switch ',1),(2016,100,'Push Button Switch ',1),(2017,100,'Ride Height Switch ',1),(2018,100,'Selector Switch',1),(2019,100,'Shift Control Switch',1),(2020,100,'Sliding Door Contact Assembly ',1),(2021,100,'Starter Safety Switch',1),(2022,100,'Sunroof Switch ',1),(2023,100,'Sunroof Switch Retaining Clip ',1),(2024,100,'Switch Kit',1),(2025,100,'Temperature Switch',1),(2026,100,'Thermal Limiter Switch ',1),(2027,100,'Washer Switch',1),(2028,100,'Washer Switch Lever',1),(2029,100,'Window Switch',1),(2030,100,'Wiper Switch',1),(2031,101,'4WD Actuator Connector',1),(2032,101,'4WD Hub Locking Solenoid Connector',1),(2033,101,'4WD Switch Connector',1),(2034,101,'Air Bag Arming Sensor Connector',1),(2035,101,'Air Bag Connector',1),(2036,101,'Air Bag Diagnostic Module Connector',1),(2037,101,'Air Bag Disable Module Connector',1),(2038,101,'Air Bag Inflator Connector',1),(2039,101,'Air Bag Instrument Panel Module Connector',1),(2040,101,'Air Bag Module Connector',1),(2041,101,'Air Bag Safety Clockspring Connector',1),(2042,101,'Air Bag Sensor Connector',1),(2043,101,'Air Bag Side Impact Module Connector',1),(2044,101,'Air Suspension  Compressor Motor Connector',1),(2045,101,'Air Suspension  Module Connector',1),(2046,101,'Air Suspension  Sensor Connector',1),(2047,101,'Air Suspension  Solenoid Connector',1),(2048,101,'Air Suspension  Switch Connector',1),(2049,101,'Brake Light Connector',1),(2050,101,'Brake Light Switch Connector',1),(2051,101,'Coolant Hose Connector',1),(2052,101,'Door Lock Actuator Connector',1),(2053,101,'Glove Box Lamp Connector ',1),(2054,101,'Headlight Connector',1),(2055,101,'Mass Air Flow Connector ',1),(2056,101,'Mass Air Flow Sensor Connector ',1),(2057,101,'Mirror Connector',1),(2058,101,'Mirror Control Connector',1),(2059,101,'Oil Cooler Line Connector',1),(2060,101,'Panel Connector',1),(2061,101,'Panel Fuse Box Connector',1),(2062,101,'Panel Harness Connector',1),(2063,101,'Parking Brake Switch Connector',1),(2064,101,'Pedal Position Switch Connector',1),(2065,101,'Power Window Motor Connector',1),(2066,101,'Power Window Relay Connector',1),(2067,101,'Power Window Switch Connector',1),(2068,101,'Spark Plug Wire Connector',1),(2069,101,'Starter Motor Relay Connector',1),(2070,101,'Sunroof / Moonroof Connector ',1),(2071,101,'Sunroof Relay Connector ',1),(2072,101,'Sunroof Switch Connector ',1),(2073,101,'Washer Pump Connector',1),(2074,101,'Washer Pump Motor Connector',1),(2075,101,'Washer Relay Connector',1),(2076,101,'Water in Fuel Sensor Connector ',1),(2077,101,'Window Switch Connector',1),(2078,101,'Window Switch Illuminate Lamp Connector',1),(2079,101,'Wiper and Washer Switch Connector',1),(2080,101,'Wiper Control Module Connector',1),(2081,101,'Wiper Motor Connector',1),(2082,102,'Air Compressor',1),(2083,102,'Air Suspension Air Compressor / Drier Vibration Isolator Kit',1),(2084,102,'AIRCON Compressor',1),(2085,103,'4WD Actuator Connector',1),(2086,103,'4WD Hub Locking Solenoid Connector',1),(2087,103,'4WD Switch Connector',1),(2088,103,'Air Bag Arming Sensor Connector',1),(2089,103,'Air Bag Connector',1),(2090,103,'Air Bag Diagnostic Module Connector',1),(2091,103,'Air Bag Disable Module Connector',1),(2092,103,'Air Bag Inflator Connector',1),(2093,103,'Air Bag Instrument Panel Module Connector',1),(2094,103,'Air Bag Module Connector',1),(2095,103,'Air Bag Safety Clockspring Connector',1),(2096,103,'Air Bag Sensor Connector',1),(2097,103,'Air Bag Side Impact Module Connector',1),(2098,103,'Air Suspension  Compressor Motor Connector',1),(2099,103,'Air Suspension  Module Connector',1),(2100,103,'Air Suspension  Sensor Connector',1),(2101,103,'Air Suspension  Solenoid Connector',1),(2102,103,'Air Suspension  Switch Connector',1),(2103,103,'Brake Light Connector',1),(2104,103,'Brake Light Switch Connector',1),(2105,103,'Coolant Hose Connector',1),(2106,103,'Door Lock Actuator Connector',1),(2107,103,'Glove Box Lamp Connector ',1),(2108,103,'Headlight Connector',1),(2109,103,'Mass Air Flow Connector ',1),(2110,103,'Mass Air Flow Sensor Connector ',1),(2111,103,'Mirror Connector',1),(2112,103,'Mirror Control Connector',1),(2113,103,'Oil Cooler Line Connector',1),(2114,103,'Panel Connector',1),(2115,103,'Panel Fuse Box Connector',1),(2116,103,'Panel Harness Connector',1),(2117,103,'Parking Brake Switch Connector',1),(2118,103,'Pedal Position Switch Connector',1),(2119,103,'Power Window Motor Connector',1),(2120,103,'Power Window Relay Connector',1),(2121,103,'Power Window Switch Connector',1),(2122,103,'Spark Plug Wire Connector',1),(2123,103,'Starter Motor Relay Connector',1),(2124,103,'Sunroof / Moonroof Connector ',1),(2125,103,'Sunroof Relay Connector ',1),(2126,103,'Sunroof Switch Connector ',1),(2127,103,'Washer Pump Connector',1),(2128,103,'Washer Pump Motor Connector',1),(2129,103,'Washer Relay Connector',1),(2130,103,'Water in Fuel Sensor Connector ',1),(2131,103,'Window Switch Connector',1),(2132,103,'Window Switch Illuminate Lamp Connector',1),(2133,103,'Wiper and Washer Switch Connector',1),(2134,103,'Wiper Control Module Connector',1),(2135,103,'Wiper Motor Connector',1),(2136,104,'Air Suspension Air Compressor Drier',1),(2137,105,'4WD Switch',1),(2138,105,'Air Suspension Air Compressor Isolator',1),(2139,105,'Automatic Temperature Control Switch ',1),(2140,105,'Back Up Lamp Switch ',1),(2141,105,'Battery Isolation Switch',1),(2142,105,'Blower Control Switch',1),(2143,105,'Blower Fan Switch',1),(2144,105,'Bonnet Open Indicator Switch',1),(2145,105,'Brake Light Switch',1),(2146,105,'Coolant Temperature Switch',1),(2147,105,'Dimmer Switch',1),(2148,105,'Driver Information Display Switch ',1),(2149,105,'Glove Box Lamp Switch ',1),(2150,105,'Hazard Warning Switch',1),(2151,105,'Headlight Switch',1),(2152,105,'Heater Control Switch',1),(2153,105,'Interior Light Switch',1),(2154,105,'Keyless Entry Kit ',1),(2155,105,'Mirror Switch',1),(2156,105,'Neutral Safety Switch ',1),(2157,105,'Oil Pressure Switch',1),(2158,105,'Oil Temperature Switch',1),(2159,105,'Open Warning Switch',1),(2160,105,'Panel Dimmer Switch',1),(2161,105,'Pedal Position Switch',1),(2162,105,'Power Sliding Door Switch ',1),(2163,105,'Push Button Switch ',1),(2164,105,'Ride Height Switch ',1),(2165,105,'Selector Switch',1),(2166,105,'Shift Control Switch',1),(2167,105,'Sliding Door Contact Assembly ',1),(2168,105,'Starter Safety Switch',1),(2169,105,'Sunroof Switch ',1),(2170,105,'Sunroof Switch Retaining Clip ',1),(2171,105,'Switch Kit',1),(2172,105,'Temperature Switch',1),(2173,105,'Thermal Limiter Switch ',1),(2174,105,'Washer Switch',1),(2175,105,'Washer Switch Lever',1),(2176,105,'Window Switch',1),(2177,105,'Wiper Switch',1),(2178,106,'4WD Actuator Relay',1),(2179,106,'Air Bag Relay',1),(2180,106,'Air Suspension Air Compressor Relay',1),(2181,106,'All Wheel Drive Control Relay',1),(2182,106,'Antenna Relay',1),(2183,106,'Anti-Theft Relay ',1),(2184,106,'Audio Amplifier Relay ',1),(2185,106,'Auto Shut Down Relay ',1),(2186,106,'Automatic Headlight Control Relay ',1),(2187,106,'Automatic Temperature Control (ATC) Relay Connector',1),(2188,106,'Auxiliary Battery Relay ',1),(2189,106,'Auxiliary Engine Cooling Fan Relay ',1),(2190,106,'Battery Charge Relay',1),(2191,106,'Boot Window Relay',1),(2192,106,'Brake and Turn Signal Relay',1),(2193,106,'Brake Light Relay',1),(2194,106,'Cargo Light Relay ',1),(2195,106,'Cigarette Lighter Relay ',1),(2196,106,'Cold Start Relay',1),(2197,106,'Compressor Relay',1),(2198,106,'Concealed Headlight Relay ',1),(2199,106,'Condenser Fan Motor Relay',1),(2200,106,'Cutoff Relay',1),(2201,106,'Delay Relay',1),(2202,106,'Diesel Glow Plug Relay',1),(2203,106,'Door Open Warning Relay',1),(2204,106,'Fog Light Relay ',1),(2205,106,'Fuel Pump Relay',1),(2206,106,'Hazard Warning Flasher',1),(2207,106,'Hazard Warning Relay',1),(2208,106,'Headlight Relay',1),(2209,106,'Horn Relay ',1),(2210,106,'Injection Pump Relay',1),(2211,106,'Interior Light Relay',1),(2212,106,'Keyless Entry Relay ',1),(2213,106,'Low Fuel Warning Relay ',1),(2214,106,'Main Relay ',1),(2215,106,'Mirror Relay',1),(2216,106,'Oil Level Relay',1),(2217,106,'Overload Protection Relay ',1),(2218,106,'Power Window Relay',1),(2219,106,'Pulse Wiper Relay ',1),(2220,106,'Seat Belt Warning Relay',1),(2221,106,'Start, Run Relay ',1),(2222,106,'Starter Cutoff Relay',1),(2223,106,'Starter Motor Control Relay',1),(2224,106,'Starter Relay',1),(2225,106,'Sunroof Relay ',1),(2226,106,'Tail Light Relay',1),(2227,106,'Temperature Control Relay ',1),(2228,106,'Vacuum Pump Relay',1),(2229,106,'Washer Pump Relay ',1),(2230,106,'Washer Relay',1),(2231,106,'Window Relay',1),(2232,106,'Wiper Motor Relay',1),(2233,106,'Wiper Relay',1),(2234,106,'Wiring Harness Relay',1),(2235,107,'Air Suspension Air Helper Spring Compressor Kit',1),(2236,107,'Air Suspension Air Helper Spring Kit',1),(2237,107,'Air Suspension Air Spring',1),(2238,107,'Air Suspension Air Spring Hardware Kit',1),(2239,107,'Bonnet Hinge Spring',1),(2240,107,'Brake Lever Retaining Spring',1),(2241,107,'Brake Lever Return Spring',1),(2242,107,'Brush Spring',1),(2243,107,'Coil Spring ',1),(2244,107,'Leaf Helper Spring ',1),(2245,107,'Leaf Spring ',1),(2246,107,'Starter Brush Spring',1),(2247,107,'Valve Spring',1),(2248,108,'Air Suspension Air Spring Seal Kit',1),(2249,108,'Air Suspension O-Ring and Seal Kit',1),(2250,108,'Auxiliary Shaft Seal',1),(2251,108,'Axle Differential Seal',1),(2252,108,'Axle Shaft Seal',1),(2253,108,'Bearing and Seal Overhaul Kit',1),(2254,108,'Brake Booster Gasket',1),(2255,108,'Breather Gasket',1),(2256,108,'Caliper Piston Seal',1),(2257,108,'Camshaft Gasket',1),(2258,108,'Camshaft Guide O-Ring',1),(2259,108,'Camshaft Housing Gasket',1),(2260,108,'Camshaft Housing Seal',1),(2261,108,'Camshaft O-Ring',1),(2262,108,'Camshaft Seal',1),(2263,108,'Camshaft Seal Kit',1),(2264,108,'Clutch Fork Seal',1),(2265,108,'Coil Spring Seat',1),(2266,108,'Crankcase Cover Gasket Set',1),(2267,108,'Crankshaft Seal',1),(2268,108,'Crankshaft Seal Kit',1),(2269,108,'Cylinder Head Gasket',1),(2270,108,'Cylinder Head Gasket Set',1),(2271,108,'Differential Carrier Gasket',1),(2272,108,'Differential Pinion Seal',1),(2273,108,'Differential Side Cover Seal',1),(2274,108,'Drive Axle Seal',1),(2275,108,'Drive Shaft Seal',1),(2276,108,'Exhaust Gasket',1),(2277,108,'Flywheel Housing Gasket ',1),(2278,108,'Fuel Rail O-Ring Kit',1),(2279,108,'Gasket Set',1),(2280,108,'Idler Shaft Seal',1),(2281,108,'Injector O-Ring',1),(2282,108,'Inlet Gasket',1),(2283,108,'Input Shaft Seal',1),(2284,108,'Intake Manifold Gasket',1),(2285,108,'Intake Manifold Gasket Set',1),(2286,108,'Knuckle Seal',1),(2287,108,'Main Bearing Gasket Set',1),(2288,108,'Main Shaft Seal',1),(2289,108,'Manifold Flange Gasket',1),(2290,108,'Manifold Gasket',1),(2291,108,'Manifold Gasket Set',1),(2292,108,'Multi Purpose Seal Ring ',1),(2293,108,'Nozzle O-Ring',1),(2294,108,'Oil Cooler Gasket',1),(2295,108,'Oil Cooler Seal',1),(2296,108,'Oil Pan Gasket',1),(2297,108,'Oil Pump Gasket Kit',1),(2298,108,'Oil Pump O-Ring',1),(2299,108,'Oil Pump Seal',1),(2300,108,'Oil Pump Seal Kit',1),(2301,108,'Oil Strainer Gasket',1),(2302,108,'Oil Sump Gasket',1),(2303,108,'Output Shaft Seal',1),(2304,108,'Pilot Bearing Seal',1),(2305,108,'Pinion Seal',1),(2306,108,'Pinion Shaft Seal',1),(2307,108,'Pipe Flange Gasket',1),(2308,108,'Seal',1),(2309,108,'Side Cover Gasket',1),(2310,108,'Side Cover Seal',1),(2311,108,'Timing Belt Kit with Seals',1),(2312,108,'Timing Cover Gasket',1),(2313,108,'Timing Cover Gasket Set',1),(2314,108,'Timing Cover Seal',1),(2315,108,'Timing Cover Seal Kit',1),(2316,108,'Transfer Shaft Seal',1),(2317,108,'Valve Cover Gasket',1),(2318,108,'Valve Cover Gasket Set',1),(2319,108,'Valve Stem Seal Set',1),(2320,108,'Water Pump Gasket',1),(2321,108,'Water Pump O-Ring',1),(2322,108,'Window Seal',1),(2323,109,'Air Bag Safety Clockspring',1),(2324,109,'Air Suspension Air Spring to Coil Spring Conversion Kit ',1),(2325,109,'Coil Spring Insulator',1),(2326,109,'Strut and Coil Spring Assembly',1),(2327,110,'4WD Actuator Valve',1),(2328,110,'Air Suspension Solenoid Valve Unit',1),(2329,110,'Exhaust Valve',1),(2330,110,'Exhaust Valve Kit',1),(2331,110,'Intake Valve',1),(2332,110,'Intake Valve Kit',1),(2333,110,'Valve',1),(2334,110,'Valve Guide',1),(2335,110,'Valve Kit',1),(2336,110,'Valve Seat',1),(2337,110,'Valve Spring Shim',1),(2338,111,'Alignment Camber Bushing',1),(2339,111,'Boot Hinge Bushing',1),(2340,111,'Boot Hinge Pin & Bushing Kit',1),(2341,111,'Brake Bushing',1),(2342,111,'Brake Pedal Bushing',1),(2343,111,'Caliper Bushing',1),(2344,111,'Control Arm Bushing',1),(2345,111,'Door Hinge Bushing',1),(2346,111,'Hinge Pin & Bushing Kit',1),(2347,111,'Idler Arm Bushing',1),(2348,111,'Idler Arm Bushing Kit',1),(2349,111,'Knuckle Bushing',1),(2350,111,'Leaf Spring Bushing ',1),(2351,111,'Mount Bushing',1),(2352,111,'Pedal Bushing',1),(2353,111,'Pilot Bushing',1),(2354,111,'Piston Pin Bushing',1),(2355,111,'Piston Pin Bushing Set',1),(2356,111,'Radiator Mount Bushing',1),(2357,111,'Rocker Arm Bushing',1),(2358,111,'Shift Bushing',1),(2359,111,'Shift Lever Bushing',1),(2360,111,'Shift Rod Bushing',1),(2361,111,'Shock Absorber Bushing',1),(2362,111,'Stabilizer Bar Bushing',1),(2363,111,'Stabilizer Bar Link Bushing',1),(2364,111,'Starter Bushing',1),(2365,111,'Tension Rod Bushing',1),(2366,111,'Thrust Arm Bushing',1),(2367,112,'Ball Joint',1),(2368,112,'Ball Joint Kit',1),(2369,112,'C/V Axle Shaft',1),(2370,112,'C/V Intermediate Shaft',1),(2371,112,'C/V Joint',1),(2372,112,'C/V Joint Half Shaft',1),(2373,112,'Control Arm',1),(2374,112,'Control Arm and Ball Joint Assembly',1),(2375,112,'Control Arm Kit',1),(2376,112,'Control Arm Link',1),(2377,112,'Differential Axle Pinion Race',1),(2378,112,'Drive Shaft ',1),(2379,112,'Drive Shaft Center Support ',1),(2380,112,'Drive Shaft Coupler ',1),(2381,112,'Drive Shaft CV Joint ',1),(2382,112,'Drive Shaft Flex Joint ',1),(2383,112,'Idler Arm Repair Kit',1),(2384,112,'Intermediate Shaft',1),(2385,112,'Linkage Assembly',1),(2386,112,'Oil Pump Drive Shaft',1),(2387,112,'Rocker Arm',1),(2388,112,'Rocker Arm Adjusting Screw',1),(2389,112,'Rocker Arm and Shaft Assembly',1),(2390,112,'Rocker Arm Ball',1),(2391,112,'Rocker Arm Ball Stud Assembly',1),(2392,112,'Rocker Arm Bridge',1),(2393,112,'Rocker Arm Kit',1),(2394,112,'Steering Shaft',1),(2395,112,'Shaft Universal Joint',1),(2396,112,'Steering Idler Arm',1),(2397,112,'Thrust Arm and Ball Joint',1),(2398,112,'Universal Joint ',1),(2399,112,'Universal Joint Strap Kit',1),(2400,113,'Ball Joint Nut / Washer',1),(2401,113,'Belt Tensioner Bolt',1),(2402,113,'Bolt',1),(2403,113,'Bolt Washer Set',1),(2404,113,'Brake Hose to Caliper Bolt',1),(2405,113,'Brake Lever Anchor Nut',1),(2406,113,'C/V Joint Nut',1),(2407,113,'Caliper Bolt',1),(2408,113,'Caliper Bolt Kit',1),(2409,113,'Control Arm Bolt',1),(2410,113,'Coolant Bleeder Screw',1),(2411,113,'Crankshaft Thrust Washer Set',1),(2412,113,'Cylinder Head Bolt',1),(2413,113,'Cylinder Head Bolt Set',1),(2414,113,'Engine Mount Bolt',1),(2415,113,'Exhaust Stud',1),(2416,113,'Flywheel Bolt',1),(2417,113,'Knuckle Stud',1),(2418,113,'Leaf Spring Bolt ',1),(2419,113,'Leaf Spring Center Bolt ',1),(2420,113,'Leaf Spring Hanger Bolt ',1),(2421,113,'Manifold Stud and Nut',1),(2422,113,'Push Nut ',1),(2423,113,'Rocker Arm Bolt',1),(2424,113,'Rocker Arm Stud',1),(2425,113,'Stud',1),(2426,113,'Washer ',1),(2427,114,'Axle Shaft Bearing Assembly',1),(2428,114,'Bearing',1),(2429,114,'Bearing and Hub Assembly',1),(2430,114,'Camshaft Bearing',1),(2431,114,'Commutator End Bearing',1),(2432,114,'Compressor Bearing',1),(2433,114,'Connecting Rod Bearing',1),(2434,114,'Connecting Rod Bearing Set',1),(2435,114,'Countershaft Bearing',1),(2436,114,'Crankshaft Main Bearing',1),(2437,114,'Crankshaft Main Bearing Set',1),(2438,114,'Differential Bearing',1),(2439,114,'Differential Pilot Bearing',1),(2440,114,'Differential Pinion Bearing Set',1),(2441,114,'Drive  Belt Idler Pulley Bearing',1),(2442,114,'Drive Shaft Bearing ',1),(2443,114,'Drive Shaft Center Support Bearing ',1),(2444,114,'Drive Sprocket Bearing',1),(2445,114,'Idler Shaft Bearing',1),(2446,114,'Input Shaft Bearing',1),(2447,114,'Input Shaft Thrust Bearing',1),(2448,114,'King Pin Bearing',1),(2449,114,'Knuckle Bearing',1),(2450,114,'Low Gear Roller Bearing',1),(2451,114,'Main Bearing Repair Sleeve',1),(2452,114,'Main Bearing Shim Set',1),(2453,114,'Main Shaft Bearing',1),(2454,114,'Main Shaft Thrust Bearing',1),(2455,114,'Oil Pump Housing Bearing',1),(2456,114,'Output Shaft Bearing',1),(2457,114,'Output Shaft Thrust Bearing',1),(2458,114,'Pedal Bearing',1),(2459,114,'Pilot Bearing',1),(2460,114,'Pinion Bearing',1),(2461,114,'Pinion Shaft Bearing',1),(2462,114,'Pitman Shaft Bearing',1),(2463,114,'Release Bearing',1),(2464,114,'Release Bearing and Slave Cylinder Assembly',1),(2465,114,'Secondary Gear Bearing',1),(2466,114,'Shaft Bearing',1),(2467,114,'Shift Shaft Bearing',1),(2468,114,'Side Sliding Door Roller ',1),(2469,114,'Side Sliding Door Roller Assembly ',1),(2470,114,'Starter Bearing',1),(2471,114,'Strut Mount Bearing',1),(2472,114,'Timing Idler Bearing',1),(2473,114,'Transfer Shaft Bearing',1),(2474,114,'Wheel Bearing',1),(2475,114,'Wheel Bearing and Hub Assembly',1),(2476,115,'ELectrical Engine Control Module',1),(2477,115,'ELectrical Vehicle Control Module',1),(2478,115,'ELectrical Wiper Control Module',1),(2479,115,'Electronic Spark Control Module ',1),(2480,115,'Electronic Suspension Control Module ',1),(2481,115,'Injector Control Module',1),(2482,115,'Lighting Control Module ',1),(2483,115,'Seat Control Module',1),(2484,116,'Air Cleaner Assembly',1),(2485,116,'Air Filter ',1),(2486,116,'Brake Fluid',1),(2487,116,'Breather Filter',1),(2488,116,'Cabin Air Filter ',1),(2489,116,'Coolant Filter',1),(2490,116,'Engine Oil ',1),(2491,116,'Fuel Filter',1),(2492,116,'Fuel Pump Filter',1),(2493,116,'Grease',1),(2494,116,'Oil Filter',1),(2495,116,'Oil Filter Adapter',1),(2496,116,'Oil Pan and Filter Kit',1),(2497,116,'R134A Refrigerant Oil ',1),(2498,116,'Steering Fluid',1),(2499,116,'Water Separator Filter',1),(2500,117,'Knuckle',1),(2501,117,'Knuckle Race',1),(2502,118,'Battery Clamp',1),(2503,118,'Battery Tray',1),(2504,118,'Brake Wheel Cylinder Bracket',1),(2505,118,'Clamp',1),(2506,118,'Clamp Kit',1),(2507,118,'Differential Axle Bracket',1),(2508,118,'Fuel Pump Hanger Assembly',1),(2509,118,'Fuel Tank Strap',1),(2510,118,'Glove Box Strap ',1),(2511,118,'Hose Clamp',1),(2512,118,'Idler Arm Bracket Assembly',1),(2513,118,'Leaf Spring Hanger ',1),(2514,118,'Mirror Bracket',1),(2515,118,'Mount',1),(2516,118,'Mount Bracket',1),(2517,118,'Oil Filter Bracket',1),(2518,118,'Radiator Mount',1),(2519,118,'Shock Absorber Mounting Bolt',1),(2520,118,'Shock Mount Bracket',1),(2521,118,'Strut Bracket',1),(2522,118,'Strut Mount Bracket',1),(2523,119,'Shock Absorber ',1),(2524,120,'Stabilizer Bar',1),(2525,120,'Stabilizer Bar Assembly',1),(2526,120,'Stabilizer Bar Link',1),(2527,121,'Catalytic Converter',1),(2528,121,'Cigarette Lighter ',1),(2529,121,'Coolant Water Outlet',1),(2530,121,'Damper',1),(2531,121,'Dipstick',1),(2532,121,'Fuel Distributor',1),(2533,121,'Harmonic Balancer',1),(2534,121,'Intercooler ',1),(2535,121,'Nozzle Holder',1),(2536,121,'OE Replacement Horn Kit ',1),(2537,121,'Oil Cooler',1),(2538,121,'Oil Dipstick',1),(2539,121,'Oil Dipstick Tube Funnel',1),(2540,121,'Oil Strainer',1),(2541,121,'Pedal Pad',1),(2542,121,'Rotor Shim',1),(2543,121,'RPM Limiter',1),(2544,121,'Spare Tire Carrier ',1),(2545,121,'Spark Plug Wire Holder',1),(2546,121,'Strut',1),(2547,121,'Strut Assembly',1),(2548,121,'Strut Assembly Kit',1),(2549,121,'Strut Cartridge',1),(2550,121,'Supercharger ',1),(2551,121,'Vibration Dampener',1),(2552,121,'Wheel Trim Ring',1),(2553,122,'Breather Cap',1),(2554,122,'Coolant Recovery Tank Cap',1),(2555,122,'Fuel Tank Cap',1),(2556,122,'Oil Filler Cap',1),(2557,122,'Radiator Radiator Cap',1),(2558,122,'Strut Mount Cap',1),(2559,122,'Wheel Cap',1),(2560,123,'Connecting Rod',1),(2561,123,'Push Rod',1),(2562,123,'Push Rod Cover Grommet Set',1),(2563,123,'Strut Rod Kit',1),(2564,123,'Tension Rod',1),(2565,123,'Tie Rod',1),(2566,123,'Tie Rod Assembly',1),(2567,123,'Tie Rod End',1),(2568,124,'Bonnet Latch Assembly',1),(2569,124,'Bonnet Release Handle',1),(2570,124,'Bonnet Safety Catch Pull Handle',1),(2571,124,'Boot Handle',1),(2572,124,'Boot Latch',1),(2573,124,'Boot Lock',1),(2574,124,'Coded Door Lock Set',1),(2575,124,'Crank Handle',1),(2576,124,'Door Lock Actuator',1),(2577,124,'Glove Box Lock ',1),(2578,124,'Glove Box Lock Kit ',1),(2579,124,'Heater Control Knob',1),(2580,124,'Interior Door Handle',1),(2581,124,'Interior Door Handle Assembly',1),(2582,124,'Interior Door Pull Handle',1),(2583,124,'Knob',1),(2584,124,'Latch Assembly',1),(2585,124,'Latch Release Actuator',1),(2586,124,'Liftgate Latch Handle ',1),(2587,124,'Liftgate Lock Actuator ',1),(2588,124,'Lock',1),(2589,124,'Outside Door Handle ',1),(2590,124,'Parking Brake Release Handle',1),(2591,124,'Seat Adjustment Handle',1),(2592,124,'Seat Adjustment Knob',1),(2593,124,'Seat Back Recliner Adjustment Handle',1),(2594,124,'Sliding Window Latch ',1),(2595,124,'Spare Tire Compartment Cover Latch ',1),(2596,124,'Strut Rod Lock Nut',1),(2597,124,'Wiper Control Knob',1),(2598,125,'Air Intake Heater',1),(2599,125,'Diesel Fuel Heating Element ',1),(2600,126,'4WD Actuator Relay',1),(2601,126,'Air Bag Relay',1),(2602,126,'Air Suspension Air Compressor Relay',1),(2603,126,'All Wheel Drive Control Relay',1),(2604,126,'Antenna Relay',1),(2605,126,'Anti-Theft Relay ',1),(2606,126,'Audio Amplifier Relay ',1),(2607,126,'Auto Shut Down Relay ',1),(2608,126,'Automatic Headlight Control Relay ',1),(2609,126,'Automatic Temperature Control (ATC) Relay Connector',1),(2610,126,'Auxiliary Battery Relay ',1),(2611,126,'Auxiliary Engine Cooling Fan Relay ',1),(2612,126,'Battery Charge Relay',1),(2613,126,'Boot Window Relay',1),(2614,126,'Brake and Turn Signal Relay',1),(2615,126,'Brake Light Relay',1),(2616,126,'Cargo Light Relay ',1),(2617,126,'Cigarette Lighter Relay ',1),(2618,126,'Cold Start Relay',1),(2619,126,'Compressor Relay',1),(2620,126,'Concealed Headlight Relay ',1),(2621,126,'Condenser Fan Motor Relay',1),(2622,126,'Cutoff Relay',1),(2623,126,'Delay Relay',1),(2624,126,'Diesel Glow Plug Relay',1),(2625,126,'Door Open Warning Relay',1),(2626,126,'Fog Light Relay ',1),(2627,126,'Fuel Pump Relay',1),(2628,126,'Hazard Warning Flasher',1),(2629,126,'Hazard Warning Relay',1),(2630,126,'Headlight Relay',1),(2631,126,'Horn Relay ',1),(2632,126,'Injection Pump Relay',1),(2633,126,'Interior Light Relay',1),(2634,126,'Keyless Entry Relay ',1),(2635,126,'Low Fuel Warning Relay ',1),(2636,126,'Main Relay ',1),(2637,126,'Mirror Relay',1),(2638,126,'Oil Level Relay',1),(2639,126,'Overload Protection Relay ',1),(2640,126,'Power Window Relay',1),(2641,126,'Pulse Wiper Relay ',1),(2642,126,'Seat Belt Warning Relay',1),(2643,126,'Start, Run Relay ',1),(2644,126,'Starter Cutoff Relay',1),(2645,126,'Starter Motor Control Relay',1),(2646,126,'Starter Relay',1),(2647,126,'Sunroof Relay ',1),(2648,126,'Tail Light Relay',1),(2649,126,'Temperature Control Relay ',1),(2650,126,'Vacuum Pump Relay',1),(2651,126,'Washer Pump Relay ',1),(2652,126,'Washer Relay',1),(2653,126,'Window Relay',1),(2654,126,'Wiper Motor Relay',1),(2655,126,'Wiper Relay',1),(2656,126,'Wiring Harness Relay',1),(2657,127,'Catalytic Converter',1),(2658,127,'Cigarette Lighter ',1),(2659,127,'Coolant Water Outlet',1),(2660,127,'Damper',1),(2661,127,'Dipstick',1),(2662,127,'Fuel Distributor',1),(2663,127,'Harmonic Balancer',1),(2664,127,'Intercooler ',1),(2665,127,'Nozzle Holder',1),(2666,127,'OE Replacement Horn Kit ',1),(2667,127,'Oil Cooler',1),(2668,127,'Oil Dipstick',1),(2669,127,'Oil Dipstick Tube Funnel',1),(2670,127,'Oil Strainer',1),(2671,127,'Pedal Pad',1),(2672,127,'Rotor Shim',1),(2673,127,'RPM Limiter',1),(2674,127,'Spare Tire Carrier ',1),(2675,127,'Spark Plug Wire Holder',1),(2676,127,'Strut',1),(2677,127,'Strut Assembly',1),(2678,127,'Strut Assembly Kit',1),(2679,127,'Strut Cartridge',1),(2680,127,'Supercharger ',1),(2681,127,'Vibration Dampener',1),(2682,127,'Wheel Trim Ring',1),(2683,128,'Air Cleaner Assembly',1),(2684,128,'Air Filter ',1),(2685,128,'Brake Fluid',1),(2686,128,'Breather Filter',1),(2687,128,'Cabin Air Filter ',1),(2688,128,'Coolant Filter',1),(2689,128,'Engine Oil ',1),(2690,128,'Fuel Filter',1),(2691,128,'Fuel Pump Filter',1),(2692,128,'Grease',1),(2693,128,'Oil Filter',1),(2694,128,'Oil Filter Adapter',1),(2695,128,'Oil Pan and Filter Kit',1),(2696,128,'R134A Refrigerant Oil ',1),(2697,128,'Steering Fluid',1),(2698,128,'Water Separator Filter',1),(2699,129,'Air Cleaner Intake Hose',1),(2700,129,'Air Injection Pipe',1),(2701,129,'Brake Drum Brake Hydraulic Hose',1),(2702,129,'Brake Hose',1),(2703,129,'Brake Hydraulic Hose',1),(2704,129,'Breather Hose',1),(2705,129,'Coolant Bypass Hose',1),(2706,129,'Coolant by-Pass Hose',1),(2707,129,'Coolant Hose',1),(2708,129,'Coolant Hose Flange',1),(2709,129,'Coolant Pipe',1),(2710,129,'Fuel Hose',1),(2711,129,'Fuel Line',1),(2712,129,'Header Pipe',1),(2713,129,'Hose Assembly',1),(2714,129,'Hydraulic Hose',1),(2715,129,'Idler Arm Grease Hose Kit',1),(2716,129,'Intercooler Hose',1),(2717,129,'Intermediate Pipe',1),(2718,129,'Oil Cooler Hose',1),(2719,129,'Radiator Coolant Hose Kit',1),(2720,129,'Refrigerant Discharge Hose',1),(2721,129,'Refrigerant Suction Hose',1),(2722,129,'Reservoir Line Hose',1),(2723,129,'Service Kit',1),(2724,129,'Tail Pipe Chrome Tip',1),(2725,129,'Tail Pipe Tip',1),(2726,129,'Tail Pipe with Muffler',1),(2727,129,'Vacuum Hose',1),(2728,129,'Washer Hose',1),(2729,129,'Y Pipe',1),(2730,130,'Brake Booster Hydraulic Motor Pump',1),(2731,130,'Fuel Lift Pump',1),(2732,130,'Fuel Pump',1),(2733,130,'Fuel Tank & Pump Assembly Combination',1),(2734,130,'Injector Pump',1),(2735,130,'Injector Pump Installation Kit',1),(2736,130,'Injector Repair Kit',1),(2737,130,'Mechanical Fuel Pump ',1),(2738,130,'Oil Pump',1),(2739,130,'Power Steering Pump',1),(2740,130,'Vacuum Pump',1),(2741,130,'Washer Pump',1),(2742,130,'Water Pump',1),(2743,130,'Water Pump Assembly',1),(2744,131,'Battery Clamp',1),(2745,131,'Battery Tray',1),(2746,131,'Brake Wheel Cylinder Bracket',1),(2747,131,'Clamp',1),(2748,131,'Clamp Kit',1),(2749,131,'Differential Axle Bracket',1),(2750,131,'Fuel Pump Hanger Assembly',1),(2751,131,'Fuel Tank Strap',1),(2752,131,'Glove Box Strap ',1),(2753,131,'Hose Clamp',1),(2754,131,'Idler Arm Bracket Assembly',1),(2755,131,'Leaf Spring Hanger ',1),(2756,131,'Mirror Bracket',1),(2757,131,'Mount',1),(2758,131,'Mount Bracket',1),(2759,131,'Oil Filter Bracket',1),(2760,131,'Radiator Mount',1),(2761,131,'Shock Absorber Mounting Bolt',1),(2762,131,'Shock Mount Bracket',1),(2763,131,'Strut Bracket',1),(2764,131,'Strut Mount Bracket',1),(2765,132,'4WD Actuator Cable',1),(2766,132,'4WD Actuator Wire Harness',1),(2767,132,'Accelerator Cable',1),(2768,132,'Cable',1),(2769,132,'Electrical Fan Motor Wiring Harness',1),(2770,132,'Electrical Ground Cable',1),(2771,132,'Fuel Door Release Cable',1),(2772,132,'Fuel Pump Wiring Harness',1),(2773,132,'Lid Release Cable',1),(2774,132,'Liftgate Release Cable',1),(2775,132,'Release Cable',1),(2776,132,'Shift Cable',1),(2777,132,'Spark Plug Wire Set',1),(2778,132,'Starter Cable',1),(2779,132,'Tail Light Harness',1),(2780,132,'Tailgate Release Cable',1),(2781,133,'Air Suspension Air Spring Seal Kit',1),(2782,133,'Air Suspension O-Ring and Seal Kit',1),(2783,133,'Auxiliary Shaft Seal',1),(2784,133,'Axle Differential Seal',1),(2785,133,'Axle Shaft Seal',1),(2786,133,'Bearing and Seal Overhaul Kit',1),(2787,133,'Brake Booster Gasket',1),(2788,133,'Breather Gasket',1),(2789,133,'Caliper Piston Seal',1),(2790,133,'Camshaft Gasket',1),(2791,133,'Camshaft Guide O-Ring',1),(2792,133,'Camshaft Housing Gasket',1),(2793,133,'Camshaft Housing Seal',1),(2794,133,'Camshaft O-Ring',1),(2795,133,'Camshaft Seal',1),(2796,133,'Camshaft Seal Kit',1),(2797,133,'Clutch Fork Seal',1),(2798,133,'Coil Spring Seat',1),(2799,133,'Crankcase Cover Gasket Set',1),(2800,133,'Crankshaft Seal',1),(2801,133,'Crankshaft Seal Kit',1),(2802,133,'Cylinder Head Gasket',1),(2803,133,'Cylinder Head Gasket Set',1),(2804,133,'Differential Carrier Gasket',1),(2805,133,'Differential Pinion Seal',1),(2806,133,'Differential Side Cover Seal',1),(2807,133,'Drive Axle Seal',1),(2808,133,'Drive Shaft Seal',1),(2809,133,'Exhaust Gasket',1),(2810,133,'Flywheel Housing Gasket ',1),(2811,133,'Fuel Rail O-Ring Kit',1),(2812,133,'Gasket Set',1),(2813,133,'Idler Shaft Seal',1),(2814,133,'Injector O-Ring',1),(2815,133,'Inlet Gasket',1),(2816,133,'Input Shaft Seal',1),(2817,133,'Intake Manifold Gasket',1),(2818,133,'Intake Manifold Gasket Set',1),(2819,133,'Knuckle Seal',1),(2820,133,'Main Bearing Gasket Set',1),(2821,133,'Main Shaft Seal',1),(2822,133,'Manifold Flange Gasket',1),(2823,133,'Manifold Gasket',1),(2824,133,'Manifold Gasket Set',1),(2825,133,'Multi Purpose Seal Ring ',1),(2826,133,'Nozzle O-Ring',1),(2827,133,'Oil Cooler Gasket',1),(2828,133,'Oil Cooler Seal',1),(2829,133,'Oil Pan Gasket',1),(2830,133,'Oil Pump Gasket Kit',1),(2831,133,'Oil Pump O-Ring',1),(2832,133,'Oil Pump Seal',1),(2833,133,'Oil Pump Seal Kit',1),(2834,133,'Oil Strainer Gasket',1),(2835,133,'Oil Sump Gasket',1),(2836,133,'Output Shaft Seal',1),(2837,133,'Pilot Bearing Seal',1),(2838,133,'Pinion Seal',1),(2839,133,'Pinion Shaft Seal',1),(2840,133,'Pipe Flange Gasket',1),(2841,133,'Seal',1),(2842,133,'Side Cover Gasket',1),(2843,133,'Side Cover Seal',1),(2844,133,'Timing Belt Kit with Seals',1),(2845,133,'Timing Cover Gasket',1),(2846,133,'Timing Cover Gasket Set',1),(2847,133,'Timing Cover Seal',1),(2848,133,'Timing Cover Seal Kit',1),(2849,133,'Transfer Shaft Seal',1),(2850,133,'Valve Cover Gasket',1),(2851,133,'Valve Cover Gasket Set',1),(2852,133,'Valve Stem Seal Set',1),(2853,133,'Water Pump Gasket',1),(2854,133,'Water Pump O-Ring',1),(2855,133,'Window Seal',1),(2856,134,'Coolant Recovery Tank',1),(2857,134,'Fuel Tank',1),(2858,134,'Reservoir',1),(2859,134,'Vacuum Reservoir',1),(2860,134,'Washer Fluid Reservoir',1),(2861,135,'Breather Cap',1),(2862,135,'Coolant Recovery Tank Cap',1),(2863,135,'Fuel Tank Cap',1),(2864,135,'Oil Filler Cap',1),(2865,135,'Radiator Radiator Cap',1),(2866,135,'Strut Mount Cap',1),(2867,135,'Wheel Cap',1),(2868,136,'ELectrical Engine Control Module',1),(2869,136,'ELectrical Vehicle Control Module',1),(2870,136,'ELectrical Wiper Control Module',1),(2871,136,'Electronic Spark Control Module ',1),(2872,136,'Electronic Suspension Control Module ',1),(2873,136,'Injector Control Module',1),(2874,136,'Lighting Control Module ',1),(2875,136,'Seat Control Module',1),(2876,137,'Automatic Belt Tensioner Assembly',1),(2877,137,'Clutch Pulley',1),(2878,137,'Drive Belt',1),(2879,137,'Drive Belt Idler Assembly',1),(2880,137,'Drive Belt Idler Bearing',1),(2881,137,'Drive Belt Idler Pulley',1),(2882,137,'Drive Belt Idler Pulley Spacer',1),(2883,137,'Drive Belt Kit',1),(2884,137,'Injector Pump Belt',1),(2885,137,'Injector Pump Drive Gear',1),(2886,137,'Oil Pump Chain',1),(2887,137,'Oil Pump Chain Tensioner',1),(2888,137,'Oil Pump Drive Gear',1),(2889,137,'Oil Pump Sprocket',1),(2890,137,'Pulley',1),(2891,137,'Pump Belt',1),(2892,137,'Pump Pulley',1),(2893,137,'Seat Belt Buckle Button Stop',1),(2894,137,'Seat Belt Light',1),(2895,137,'Timing Belt',1),(2896,137,'Timing Belt Component Kit',1),(2897,137,'Timing Belt Guide',1),(2898,137,'Timing Belt Idler',1),(2899,137,'Timing Belt Idler Tensioner Shaft',1),(2900,137,'Timing Belt Tensioner',1),(2901,137,'Timing Belt Tensioner Adjuster',1),(2902,137,'Timing Chain',1),(2903,137,'Timing Chain Guide',1),(2904,137,'Timing Idler Pulley',1),(2905,137,'Water Pump Pulley',1),(2906,138,'Coolant Water Bypass Gasket',1),(2907,138,'Coolant Water Inlet Gasket',1),(2908,138,'CV Joint Half Shaft Seal',1),(2909,138,'Cylinder Head Installation Gasket Set',1),(2910,138,'Cylinder Head Side Cover Gasket',1),(2911,138,'Differential Bearing and Seal Kit',1),(2912,138,'Differential Housing Cover Gasket',1),(2913,138,'Engine Block Cover Gasket',1),(2914,138,'injector Pump Mounting Gasket',1),(2915,138,'Intake Manifold Cover Gasket',1),(2916,138,'Main Shaft Extension Seal',1),(2917,138,'Main Shaft Thrust Seal',1),(2918,138,'Major Overhaul  Kit',1),(2919,138,'Oil Dipstick Tube Seal',1),(2920,138,'Oil Drain Plug Gasket',1),(2921,138,'Oil Filler Cap Gasket',1),(2922,138,'Oil Filter Adapter O-Ring',1),(2923,138,'Oil Filter Mounting O-Ring',1),(2924,138,'Oil Pressure Relief Valve Gasket',1),(2925,138,'Oil Pump Cover Seal',1),(2926,138,'Oil Pump Housing Seal',1),(2927,138,'Overhaul Kit',1),(2928,138,'Pipe to Manifold Gasket',1),(2929,138,'Push Rod Tube Seal',1),(2930,138,'System O-Ring and Gasket Kit',1),(2931,138,'Timing Cover Dust Seal Set',1),(2932,138,'Water Pump Backing Plate Gasket',1),(2933,138,'Water Pump Housing Gasket',1),(2934,138,'Water Pump Housing O-Ring',1),(2935,138,'Wheel Bearing and Seal Kit',1),(2936,139,'Acceleration Sensor ',1),(2937,139,'Air Bag Safety Impact Sensor',1),(2938,139,'Air Bag Safety Seat Track Position Sensor',1),(2939,139,'Air Bag Safety Sensor',1),(2940,139,'Air- Fuel Ratio Sensor ',1),(2941,139,'Ambient Air Temperature Sensor',1),(2942,139,'Ambient Light Sensor',1),(2943,139,'Auto Door Lock Position Sensor ',1),(2944,139,'Automatic Headlight Sensor ',1),(2945,139,'Battery Current Sensor',1),(2946,139,'Brake Level Sensor',1),(2947,139,'Brake Pedal Position Sensor',1),(2948,139,'Brake Pedal Travel Sensor',1),(2949,139,'Camshaft Position Sensor',1),(2950,139,'Coolant Temperature Sender',1),(2951,139,'Coolant Temperature Sensor',1),(2952,139,'Cooling Fan Sensor',1),(2953,139,'Crankshaft Position Sensor',1),(2954,139,'Diesel Glow Plug Sensor',1),(2955,139,'Door Open Warning Sensor',1),(2956,139,'Electrical Speedometer Impulse Sender',1),(2957,139,'Gear Position Sensor',1),(2958,139,'Humidity Sensor ',1),(2959,139,'Interior Temperature Sensor',1),(2960,139,'Level Sensor',1),(2961,139,'Mass Air Flow Sensor ',1),(2962,139,'Mass Air Flow Sensor Relay ',1),(2963,139,'Memory Seat Position Sensor ',1),(2964,139,'Oil Level Sensor',1),(2965,139,'Oil Pressure Sensor',1),(2966,139,'Oil Temperature Sender',1),(2967,139,'Oil Temperature Sensor',1),(2968,139,'Oxygen Sensor ',1),(2969,139,'Pad Electronic Wear Sensor',1),(2970,139,'Parking Aid Sensor ',1),(2971,139,'Pedal Sensor',1),(2972,139,'Pressure Sensor',1),(2973,139,'Rain Sensor ',1),(2974,139,'Remote Tire Pressure Monitor ',1),(2975,139,'RPM Sensor',1),(2976,139,'Speed Sensor',1),(2977,139,'Supercharger Pressure Sensor ',1),(2978,139,'Tail Light Outage Sensor',1),(2979,139,'TDC Sensor ',1),(2980,139,'Temperature Sensor',1),(2981,139,'Vane Position Sensor',1),(2982,139,'Vehicle Speed Sensor ',1),(2983,139,'Wideband Oxygen Sensor ',1),(2984,140,'Air Compressor',1),(2985,140,'Air Suspension Air Compressor / Drier Vibration Isolator Kit',1),(2986,140,'AIRCON Compressor',1),(2987,141,'AIRCON Condenser',1),(2988,142,'Air Cleaner Assembly',1),(2989,142,'Air Filter ',1),(2990,142,'Brake Fluid',1),(2991,142,'Breather Filter',1),(2992,142,'Cabin Air Filter ',1),(2993,142,'Coolant Filter',1),(2994,142,'Engine Oil ',1),(2995,142,'Fuel Filter',1),(2996,142,'Fuel Pump Filter',1),(2997,142,'Grease',1),(2998,142,'Oil Filter',1),(2999,142,'Oil Filter Adapter',1),(3000,142,'Oil Pan and Filter Kit',1),(3001,142,'R134A Refrigerant Oil ',1),(3002,142,'Steering Fluid',1),(3003,142,'Water Separator Filter',1),(3004,143,'Automatic Belt Tensioner Assembly',1),(3005,143,'Clutch Pulley',1),(3006,143,'Drive Belt',1),(3007,143,'Drive Belt Idler Assembly',1),(3008,143,'Drive Belt Idler Bearing',1),(3009,143,'Drive Belt Idler Pulley',1),(3010,143,'Drive Belt Idler Pulley Spacer',1),(3011,143,'Drive Belt Kit',1),(3012,143,'Injector Pump Belt',1),(3013,143,'Injector Pump Drive Gear',1),(3014,143,'Oil Pump Chain',1),(3015,143,'Oil Pump Chain Tensioner',1),(3016,143,'Oil Pump Drive Gear',1),(3017,143,'Oil Pump Sprocket',1),(3018,143,'Pulley',1),(3019,143,'Pump Belt',1),(3020,143,'Pump Pulley',1),(3021,143,'Seat Belt Buckle Button Stop',1),(3022,143,'Seat Belt Light',1),(3023,143,'Timing Belt',1),(3024,143,'Timing Belt Component Kit',1),(3025,143,'Timing Belt Guide',1),(3026,143,'Timing Belt Idler',1),(3027,143,'Timing Belt Idler Tensioner Shaft',1),(3028,143,'Timing Belt Tensioner',1),(3029,143,'Timing Belt Tensioner Adjuster',1),(3030,143,'Timing Chain',1),(3031,143,'Timing Chain Guide',1),(3032,143,'Timing Idler Pulley',1),(3033,143,'Water Pump Pulley',1),(3034,144,'Axle Shaft Bearing Assembly',1),(3035,144,'Bearing',1),(3036,144,'Bearing and Hub Assembly',1),(3037,144,'Camshaft Bearing',1),(3038,144,'Commutator End Bearing',1),(3039,144,'Compressor Bearing',1),(3040,144,'Connecting Rod Bearing',1),(3041,144,'Connecting Rod Bearing Set',1),(3042,144,'Countershaft Bearing',1),(3043,144,'Crankshaft Main Bearing',1),(3044,144,'Crankshaft Main Bearing Set',1),(3045,144,'Differential Bearing',1),(3046,144,'Differential Pilot Bearing',1),(3047,144,'Differential Pinion Bearing Set',1),(3048,144,'Drive  Belt Idler Pulley Bearing',1),(3049,144,'Drive Shaft Bearing ',1),(3050,144,'Drive Shaft Center Support Bearing ',1),(3051,144,'Drive Sprocket Bearing',1),(3052,144,'Idler Shaft Bearing',1),(3053,144,'Input Shaft Bearing',1),(3054,144,'Input Shaft Thrust Bearing',1),(3055,144,'King Pin Bearing',1),(3056,144,'Knuckle Bearing',1),(3057,144,'Low Gear Roller Bearing',1),(3058,144,'Main Bearing Repair Sleeve',1),(3059,144,'Main Bearing Shim Set',1),(3060,144,'Main Shaft Bearing',1),(3061,144,'Main Shaft Thrust Bearing',1),(3062,144,'Oil Pump Housing Bearing',1),(3063,144,'Output Shaft Bearing',1),(3064,144,'Output Shaft Thrust Bearing',1),(3065,144,'Pedal Bearing',1),(3066,144,'Pilot Bearing',1),(3067,144,'Pinion Bearing',1),(3068,144,'Pinion Shaft Bearing',1),(3069,144,'Pitman Shaft Bearing',1),(3070,144,'Release Bearing',1),(3071,144,'Release Bearing and Slave Cylinder Assembly',1),(3072,144,'Secondary Gear Bearing',1),(3073,144,'Shaft Bearing',1),(3074,144,'Shift Shaft Bearing',1),(3075,144,'Side Sliding Door Roller ',1),(3076,144,'Side Sliding Door Roller Assembly ',1),(3077,144,'Starter Bearing',1),(3078,144,'Strut Mount Bearing',1),(3079,144,'Timing Idler Bearing',1),(3080,144,'Transfer Shaft Bearing',1),(3081,144,'Wheel Bearing',1),(3082,144,'Wheel Bearing and Hub Assembly',1),(3083,145,'Condenser Fan Assembly',1),(3084,145,'Fan',1),(3085,145,'Fan Assembly',1),(3086,145,'Fan Blade',1),(3087,145,'Fan Clutch',1),(3088,145,'Fan Controller',1),(3089,146,'Boot Window Motor',1),(3090,146,'Condenser Fan Motor',1),(3091,146,'Door Lock Actuator Motor',1),(3092,146,'Fan Motor',1),(3093,146,'Power Sliding Door Motor',1),(3094,146,'Power Window Motor',1),(3095,146,'Power Window Motor Mount Repair Kit',1),(3096,146,'Starter Motor',1),(3097,146,'Sunroof Motor ',1),(3098,146,'Vacuum Motor',1),(3099,146,'Washer Fluid Pump Motor Connector',1),(3100,146,'Wiper Motor',1),(3101,147,'Evaporator Core',1),(3102,148,'Air Cleaner Intake Hose',1),(3103,148,'Air Injection Pipe',1),(3104,148,'Brake Drum Brake Hydraulic Hose',1),(3105,148,'Brake Hose',1),(3106,148,'Brake Hydraulic Hose',1),(3107,148,'Breather Hose',1),(3108,148,'Coolant Bypass Hose',1),(3109,148,'Coolant by-Pass Hose',1),(3110,148,'Coolant Hose',1),(3111,148,'Coolant Hose Flange',1),(3112,148,'Coolant Pipe',1),(3113,148,'Fuel Hose',1),(3114,148,'Fuel Line',1),(3115,148,'Header Pipe',1),(3116,148,'Hose Assembly',1),(3117,148,'Hydraulic Hose',1),(3118,148,'Idler Arm Grease Hose Kit',1),(3119,148,'Intercooler Hose',1),(3120,148,'Intermediate Pipe',1),(3121,148,'Oil Cooler Hose',1),(3122,148,'Radiator Coolant Hose Kit',1),(3123,148,'Refrigerant Discharge Hose',1),(3124,148,'Refrigerant Suction Hose',1),(3125,148,'Reservoir Line Hose',1),(3126,148,'Service Kit',1),(3127,148,'Tail Pipe Chrome Tip',1),(3128,148,'Tail Pipe Tip',1),(3129,148,'Tail Pipe with Muffler',1),(3130,148,'Vacuum Hose',1),(3131,148,'Washer Hose',1),(3132,148,'Y Pipe',1),(3133,149,'Coolant Water Bypass Gasket',1),(3134,149,'Coolant Water Inlet Gasket',1),(3135,149,'CV Joint Half Shaft Seal',1),(3136,149,'Cylinder Head Installation Gasket Set',1),(3137,149,'Cylinder Head Side Cover Gasket',1),(3138,149,'Differential Bearing and Seal Kit',1),(3139,149,'Differential Housing Cover Gasket',1),(3140,149,'Engine Block Cover Gasket',1),(3141,149,'injector Pump Mounting Gasket',1),(3142,149,'Intake Manifold Cover Gasket',1),(3143,149,'Main Shaft Extension Seal',1),(3144,149,'Main Shaft Thrust Seal',1),(3145,149,'Major Overhaul  Kit',1),(3146,149,'Oil Dipstick Tube Seal',1),(3147,149,'Oil Drain Plug Gasket',1),(3148,149,'Oil Filler Cap Gasket',1),(3149,149,'Oil Filter Adapter O-Ring',1),(3150,149,'Oil Filter Mounting O-Ring',1),(3151,149,'Oil Pressure Relief Valve Gasket',1),(3152,149,'Oil Pump Cover Seal',1),(3153,149,'Oil Pump Housing Seal',1),(3154,149,'Overhaul Kit',1),(3155,149,'Pipe to Manifold Gasket',1),(3156,149,'Push Rod Tube Seal',1),(3157,149,'System O-Ring and Gasket Kit',1),(3158,149,'Timing Cover Dust Seal Set',1),(3159,149,'Water Pump Backing Plate Gasket',1),(3160,149,'Water Pump Housing Gasket',1),(3161,149,'Water Pump Housing O-Ring',1),(3162,149,'Wheel Bearing and Seal Kit',1),(3163,150,'Alternator complete',1),(3164,150,'Brush',1),(3165,150,'Brush Holder',1),(3166,150,'Brush Set',1),(3167,150,'Bushing',1),(3168,150,'Capacitor',1),(3169,150,'Diode',1),(3170,150,'Rectifier Set',1),(3171,150,'Repair Kit',1),(3172,150,'Rotor',1),(3173,151,'Battery Clamp',1),(3174,151,'Battery Tray',1),(3175,151,'Brake Wheel Cylinder Bracket',1),(3176,151,'Clamp',1),(3177,151,'Clamp Kit',1),(3178,151,'Differential Axle Bracket',1),(3179,151,'Fuel Pump Hanger Assembly',1),(3180,151,'Fuel Tank Strap',1),(3181,151,'Glove Box Strap ',1),(3182,151,'Hose Clamp',1),(3183,151,'Idler Arm Bracket Assembly',1),(3184,151,'Leaf Spring Hanger ',1),(3185,151,'Mirror Bracket',1),(3186,151,'Mount',1),(3187,151,'Mount Bracket',1),(3188,151,'Oil Filter Bracket',1),(3189,151,'Radiator Mount',1),(3190,151,'Shock Absorber Mounting Bolt',1),(3191,151,'Shock Mount Bracket',1),(3192,151,'Strut Bracket',1),(3193,151,'Strut Mount Bracket',1),(3194,152,'Air Suspension Air Helper Spring Compressor Kit',1),(3195,152,'Air Suspension Air Helper Spring Kit',1),(3196,152,'Air Suspension Air Spring',1),(3197,152,'Air Suspension Air Spring Hardware Kit',1),(3198,152,'Bonnet Hinge Spring',1),(3199,152,'Brake Lever Retaining Spring',1),(3200,152,'Brake Lever Return Spring',1),(3201,152,'Brush Spring',1),(3202,152,'Coil Spring ',1),(3203,152,'Leaf Helper Spring ',1),(3204,152,'Leaf Spring ',1),(3205,152,'Starter Brush Spring',1),(3206,152,'Valve Spring',1),(3207,153,'Axle Shaft Bearing Assembly',1),(3208,153,'Bearing',1),(3209,153,'Bearing and Hub Assembly',1),(3210,153,'Camshaft Bearing',1),(3211,153,'Commutator End Bearing',1),(3212,153,'Compressor Bearing',1),(3213,153,'Connecting Rod Bearing',1),(3214,153,'Connecting Rod Bearing Set',1),(3215,153,'Countershaft Bearing',1),(3216,153,'Crankshaft Main Bearing',1),(3217,153,'Crankshaft Main Bearing Set',1),(3218,153,'Differential Bearing',1),(3219,153,'Differential Pilot Bearing',1),(3220,153,'Differential Pinion Bearing Set',1),(3221,153,'Drive  Belt Idler Pulley Bearing',1),(3222,153,'Drive Shaft Bearing ',1),(3223,153,'Drive Shaft Center Support Bearing ',1),(3224,153,'Drive Sprocket Bearing',1),(3225,153,'Idler Shaft Bearing',1),(3226,153,'Input Shaft Bearing',1),(3227,153,'Input Shaft Thrust Bearing',1),(3228,153,'King Pin Bearing',1),(3229,153,'Knuckle Bearing',1),(3230,153,'Low Gear Roller Bearing',1),(3231,153,'Main Bearing Repair Sleeve',1),(3232,153,'Main Bearing Shim Set',1),(3233,153,'Main Shaft Bearing',1),(3234,153,'Main Shaft Thrust Bearing',1),(3235,153,'Oil Pump Housing Bearing',1),(3236,153,'Output Shaft Bearing',1),(3237,153,'Output Shaft Thrust Bearing',1),(3238,153,'Pedal Bearing',1),(3239,153,'Pilot Bearing',1),(3240,153,'Pinion Bearing',1),(3241,153,'Pinion Shaft Bearing',1),(3242,153,'Pitman Shaft Bearing',1),(3243,153,'Release Bearing',1),(3244,153,'Release Bearing and Slave Cylinder Assembly',1),(3245,153,'Secondary Gear Bearing',1),(3246,153,'Shaft Bearing',1),(3247,153,'Shift Shaft Bearing',1),(3248,153,'Side Sliding Door Roller ',1),(3249,153,'Side Sliding Door Roller Assembly ',1),(3250,153,'Starter Bearing',1),(3251,153,'Strut Mount Bearing',1),(3252,153,'Timing Idler Bearing',1),(3253,153,'Transfer Shaft Bearing',1),(3254,153,'Wheel Bearing',1),(3255,153,'Wheel Bearing and Hub Assembly',1),(3256,154,'4WD Actuator Cable',1),(3257,154,'4WD Actuator Wire Harness',1),(3258,154,'Accelerator Cable',1),(3259,154,'Cable',1),(3260,154,'Electrical Fan Motor Wiring Harness',1),(3261,154,'Electrical Ground Cable',1),(3262,154,'Fuel Door Release Cable',1),(3263,154,'Fuel Pump Wiring Harness',1),(3264,154,'Lid Release Cable',1),(3265,154,'Liftgate Release Cable',1),(3266,154,'Release Cable',1),(3267,154,'Shift Cable',1),(3268,154,'Spark Plug Wire Set',1),(3269,154,'Starter Cable',1),(3270,154,'Tail Light Harness',1),(3271,154,'Tailgate Release Cable',1),(3272,155,'Heat Shield',1),(3273,155,'Terminal Protector',1),(3274,156,'Coolant Thermostat',1),(3275,156,'Voltage Regulator ',1),(3276,157,'Air Suspension Air Spring Seal Kit',1),(3277,157,'Air Suspension O-Ring and Seal Kit',1),(3278,157,'Auxiliary Shaft Seal',1),(3279,157,'Axle Differential Seal',1),(3280,157,'Axle Shaft Seal',1),(3281,157,'Bearing and Seal Overhaul Kit',1),(3282,157,'Brake Booster Gasket',1),(3283,157,'Breather Gasket',1),(3284,157,'Caliper Piston Seal',1),(3285,157,'Camshaft Gasket',1),(3286,157,'Camshaft Guide O-Ring',1),(3287,157,'Camshaft Housing Gasket',1),(3288,157,'Camshaft Housing Seal',1),(3289,157,'Camshaft O-Ring',1),(3290,157,'Camshaft Seal',1),(3291,157,'Camshaft Seal Kit',1),(3292,157,'Clutch Fork Seal',1),(3293,157,'Coil Spring Seat',1),(3294,157,'Crankcase Cover Gasket Set',1),(3295,157,'Crankshaft Seal',1),(3296,157,'Crankshaft Seal Kit',1),(3297,157,'Cylinder Head Gasket',1),(3298,157,'Cylinder Head Gasket Set',1),(3299,157,'Differential Carrier Gasket',1),(3300,157,'Differential Pinion Seal',1),(3301,157,'Differential Side Cover Seal',1),(3302,157,'Drive Axle Seal',1),(3303,157,'Drive Shaft Seal',1),(3304,157,'Exhaust Gasket',1),(3305,157,'Flywheel Housing Gasket ',1),(3306,157,'Fuel Rail O-Ring Kit',1),(3307,157,'Gasket Set',1),(3308,157,'Idler Shaft Seal',1),(3309,157,'Injector O-Ring',1),(3310,157,'Inlet Gasket',1),(3311,157,'Input Shaft Seal',1),(3312,157,'Intake Manifold Gasket',1),(3313,157,'Intake Manifold Gasket Set',1),(3314,157,'Knuckle Seal',1),(3315,157,'Main Bearing Gasket Set',1),(3316,157,'Main Shaft Seal',1),(3317,157,'Manifold Flange Gasket',1),(3318,157,'Manifold Gasket',1),(3319,157,'Manifold Gasket Set',1),(3320,157,'Multi Purpose Seal Ring ',1),(3321,157,'Nozzle O-Ring',1),(3322,157,'Oil Cooler Gasket',1),(3323,157,'Oil Cooler Seal',1),(3324,157,'Oil Pan Gasket',1),(3325,157,'Oil Pump Gasket Kit',1),(3326,157,'Oil Pump O-Ring',1),(3327,157,'Oil Pump Seal',1),(3328,157,'Oil Pump Seal Kit',1),(3329,157,'Oil Strainer Gasket',1),(3330,157,'Oil Sump Gasket',1),(3331,157,'Output Shaft Seal',1),(3332,157,'Pilot Bearing Seal',1),(3333,157,'Pinion Seal',1),(3334,157,'Pinion Shaft Seal',1),(3335,157,'Pipe Flange Gasket',1),(3336,157,'Seal',1),(3337,157,'Side Cover Gasket',1),(3338,157,'Side Cover Seal',1),(3339,157,'Timing Belt Kit with Seals',1),(3340,157,'Timing Cover Gasket',1),(3341,157,'Timing Cover Gasket Set',1),(3342,157,'Timing Cover Seal',1),(3343,157,'Timing Cover Seal Kit',1),(3344,157,'Transfer Shaft Seal',1),(3345,157,'Valve Cover Gasket',1),(3346,157,'Valve Cover Gasket Set',1),(3347,157,'Valve Stem Seal Set',1),(3348,157,'Water Pump Gasket',1),(3349,157,'Water Pump O-Ring',1),(3350,157,'Window Seal',1),(3351,158,'4WD Locking Hub',1),(3352,158,'Axle Hub',1),(3353,158,'Axle Hub Assembly',1),(3354,158,'Hub',1),(3355,158,'Rotor and Hub Assembly',1),(3356,158,'Wheel Hub',1),(3357,159,'Axle Shaft Bearing Assembly',1),(3358,159,'Bearing',1),(3359,159,'Bearing and Hub Assembly',1),(3360,159,'Camshaft Bearing',1),(3361,159,'Commutator End Bearing',1),(3362,159,'Compressor Bearing',1),(3363,159,'Connecting Rod Bearing',1),(3364,159,'Connecting Rod Bearing Set',1),(3365,159,'Countershaft Bearing',1),(3366,159,'Crankshaft Main Bearing',1),(3367,159,'Crankshaft Main Bearing Set',1),(3368,159,'Differential Bearing',1),(3369,159,'Differential Pilot Bearing',1),(3370,159,'Differential Pinion Bearing Set',1),(3371,159,'Drive  Belt Idler Pulley Bearing',1),(3372,159,'Drive Shaft Bearing ',1),(3373,159,'Drive Shaft Center Support Bearing ',1),(3374,159,'Drive Sprocket Bearing',1),(3375,159,'Idler Shaft Bearing',1),(3376,159,'Input Shaft Bearing',1),(3377,159,'Input Shaft Thrust Bearing',1),(3378,159,'King Pin Bearing',1),(3379,159,'Knuckle Bearing',1),(3380,159,'Low Gear Roller Bearing',1),(3381,159,'Main Bearing Repair Sleeve',1),(3382,159,'Main Bearing Shim Set',1),(3383,159,'Main Shaft Bearing',1),(3384,159,'Main Shaft Thrust Bearing',1),(3385,159,'Oil Pump Housing Bearing',1),(3386,159,'Output Shaft Bearing',1),(3387,159,'Output Shaft Thrust Bearing',1),(3388,159,'Pedal Bearing',1),(3389,159,'Pilot Bearing',1),(3390,159,'Pinion Bearing',1),(3391,159,'Pinion Shaft Bearing',1),(3392,159,'Pitman Shaft Bearing',1),(3393,159,'Release Bearing',1),(3394,159,'Release Bearing and Slave Cylinder Assembly',1),(3395,159,'Secondary Gear Bearing',1),(3396,159,'Shaft Bearing',1),(3397,159,'Shift Shaft Bearing',1),(3398,159,'Side Sliding Door Roller ',1),(3399,159,'Side Sliding Door Roller Assembly ',1),(3400,159,'Starter Bearing',1),(3401,159,'Strut Mount Bearing',1),(3402,159,'Timing Idler Bearing',1),(3403,159,'Transfer Shaft Bearing',1),(3404,159,'Wheel Bearing',1),(3405,159,'Wheel Bearing and Hub Assembly',1),(3406,160,'Ball Joint',1),(3407,160,'Ball Joint Kit',1),(3408,160,'C/V Axle Shaft',1),(3409,160,'C/V Intermediate Shaft',1),(3410,160,'C/V Joint',1),(3411,160,'C/V Joint Half Shaft',1),(3412,160,'Control Arm',1),(3413,160,'Control Arm and Ball Joint Assembly',1),(3414,160,'Control Arm Kit',1),(3415,160,'Control Arm Link',1),(3416,160,'Differential Axle Pinion Race',1),(3417,160,'Drive Shaft ',1),(3418,160,'Drive Shaft Center Support ',1),(3419,160,'Drive Shaft Coupler ',1),(3420,160,'Drive Shaft CV Joint ',1),(3421,160,'Drive Shaft Flex Joint ',1),(3422,160,'Idler Arm Repair Kit',1),(3423,160,'Intermediate Shaft',1),(3424,160,'Linkage Assembly',1),(3425,160,'Oil Pump Drive Shaft',1),(3426,160,'Rocker Arm',1),(3427,160,'Rocker Arm Adjusting Screw',1),(3428,160,'Rocker Arm and Shaft Assembly',1),(3429,160,'Rocker Arm Ball',1),(3430,160,'Rocker Arm Ball Stud Assembly',1),(3431,160,'Rocker Arm Bridge',1),(3432,160,'Rocker Arm Kit',1),(3433,160,'Steering Shaft',1),(3434,160,'Shaft Universal Joint',1),(3435,160,'Steering Idler Arm',1),(3436,160,'Thrust Arm and Ball Joint',1),(3437,160,'Universal Joint ',1),(3438,160,'Universal Joint Strap Kit',1),(3439,161,'C/V Joint Boot',1),(3440,161,'C/V Joint Boot Kit',1),(3441,161,'Caliper Piston Boot',1),(3442,161,'Drive Shaft Boot ',1),(3443,161,'Spark Plug Boot',1),(3444,162,'Ball Joint Nut / Washer',1),(3445,162,'Belt Tensioner Bolt',1),(3446,162,'Bolt',1),(3447,162,'Bolt Washer Set',1),(3448,162,'Brake Hose to Caliper Bolt',1),(3449,162,'Brake Lever Anchor Nut',1),(3450,162,'C/V Joint Nut',1),(3451,162,'Caliper Bolt',1),(3452,162,'Caliper Bolt Kit',1),(3453,162,'Control Arm Bolt',1),(3454,162,'Coolant Bleeder Screw',1),(3455,162,'Crankshaft Thrust Washer Set',1),(3456,162,'Cylinder Head Bolt',1),(3457,162,'Cylinder Head Bolt Set',1),(3458,162,'Engine Mount Bolt',1),(3459,162,'Exhaust Stud',1),(3460,162,'Flywheel Bolt',1),(3461,162,'Knuckle Stud',1),(3462,162,'Leaf Spring Bolt ',1),(3463,162,'Leaf Spring Center Bolt ',1),(3464,162,'Leaf Spring Hanger Bolt ',1),(3465,162,'Manifold Stud and Nut',1),(3466,162,'Push Nut ',1),(3467,162,'Rocker Arm Bolt',1),(3468,162,'Rocker Arm Stud',1),(3469,162,'Stud',1),(3470,162,'Washer ',1),(3471,163,'4WD Actuator Fork',1),(3472,163,'Brake Lever',1),(3473,163,'Control Lever',1),(3474,163,'Fork',1),(3475,163,'Fork Kit',1),(3476,163,'Shift Fork',1),(3477,164,'Air Bag Safety Module',1),(3478,164,'Control Module',1),(3479,165,'Battery Clamp',1),(3480,165,'Battery Tray',1),(3481,165,'Brake Wheel Cylinder Bracket',1),(3482,165,'Clamp',1),(3483,165,'Clamp Kit',1),(3484,165,'Differential Axle Bracket',1),(3485,165,'Fuel Pump Hanger Assembly',1),(3486,165,'Fuel Tank Strap',1),(3487,165,'Glove Box Strap ',1),(3488,165,'Hose Clamp',1),(3489,165,'Idler Arm Bracket Assembly',1),(3490,165,'Leaf Spring Hanger ',1),(3491,165,'Mirror Bracket',1),(3492,165,'Mount',1),(3493,165,'Mount Bracket',1),(3494,165,'Oil Filter Bracket',1),(3495,165,'Radiator Mount',1),(3496,165,'Shock Absorber Mounting Bolt',1),(3497,165,'Shock Mount Bracket',1),(3498,165,'Strut Bracket',1),(3499,165,'Strut Mount Bracket',1),(3500,166,'Coolant Water Bypass Gasket',1),(3501,166,'Coolant Water Inlet Gasket',1),(3502,166,'CV Joint Half Shaft Seal',1),(3503,166,'Cylinder Head Installation Gasket Set',1),(3504,166,'Cylinder Head Side Cover Gasket',1),(3505,166,'Differential Bearing and Seal Kit',1),(3506,166,'Differential Housing Cover Gasket',1),(3507,166,'Engine Block Cover Gasket',1),(3508,166,'injector Pump Mounting Gasket',1),(3509,166,'Intake Manifold Cover Gasket',1),(3510,166,'Main Shaft Extension Seal',1),(3511,166,'Main Shaft Thrust Seal',1),(3512,166,'Major Overhaul  Kit',1),(3513,166,'Oil Dipstick Tube Seal',1),(3514,166,'Oil Drain Plug Gasket',1),(3515,166,'Oil Filler Cap Gasket',1),(3516,166,'Oil Filter Adapter O-Ring',1),(3517,166,'Oil Filter Mounting O-Ring',1),(3518,166,'Oil Pressure Relief Valve Gasket',1),(3519,166,'Oil Pump Cover Seal',1),(3520,166,'Oil Pump Housing Seal',1),(3521,166,'Overhaul Kit',1),(3522,166,'Pipe to Manifold Gasket',1),(3523,166,'Push Rod Tube Seal',1),(3524,166,'System O-Ring and Gasket Kit',1),(3525,166,'Timing Cover Dust Seal Set',1),(3526,166,'Water Pump Backing Plate Gasket',1),(3527,166,'Water Pump Housing Gasket',1),(3528,166,'Water Pump Housing O-Ring',1),(3529,166,'Wheel Bearing and Seal Kit',1),(3530,167,'4WD Axle Actuator Housing',1),(3531,167,'Air Filter Housing ',1),(3532,167,'Differential Housing ',1),(3533,167,'Gearbox Housing',1),(3534,168,'Flywheel',1),(3535,169,'Gear Box ',1),(3536,169,'Gearbox Assembly',1),(3537,169,'Steering Gear',1),(3538,169,'Timing Camshaft Gear',1),(3539,169,'Timing Camshaft Gear Spacer',1),(3540,169,'Timing Crankshaft Gear',1),(3541,170,'Diesel Glow Plug ',1),(3542,170,'Oil Drain Plug',1),(3543,170,'Oil Pan Drain Plug',1),(3544,170,'Spark Plug ',1),(3545,171,'Camshaft Repair Sleeve',1),(3546,171,'Clutch Fork Repair Sleeve',1),(3547,171,'Oil Pump Housing Repair Sleeve',1),(3548,171,'Shift Shaft Repair Sleeve',1),(3549,172,'Alignment Camber Bushing',1),(3550,172,'Boot Hinge Bushing',1),(3551,172,'Boot Hinge Pin & Bushing Kit',1),(3552,172,'Brake Bushing',1),(3553,172,'Brake Pedal Bushing',1),(3554,172,'Caliper Bushing',1),(3555,172,'Control Arm Bushing',1),(3556,172,'Door Hinge Bushing',1),(3557,172,'Hinge Pin & Bushing Kit',1),(3558,172,'Idler Arm Bushing',1),(3559,172,'Idler Arm Bushing Kit',1),(3560,172,'Knuckle Bushing',1),(3561,172,'Leaf Spring Bushing ',1),(3562,172,'Mount Bushing',1),(3563,172,'Pedal Bushing',1),(3564,172,'Pilot Bushing',1),(3565,172,'Piston Pin Bushing',1),(3566,172,'Piston Pin Bushing Set',1),(3567,172,'Radiator Mount Bushing',1),(3568,172,'Rocker Arm Bushing',1),(3569,172,'Shift Bushing',1),(3570,172,'Shift Lever Bushing',1),(3571,172,'Shift Rod Bushing',1),(3572,172,'Shock Absorber Bushing',1),(3573,172,'Stabilizer Bar Bushing',1),(3574,172,'Stabilizer Bar Link Bushing',1),(3575,172,'Starter Bushing',1),(3576,172,'Tension Rod Bushing',1),(3577,172,'Thrust Arm Bushing',1),(3578,173,'Catalytic Converter',1),(3579,173,'Cigarette Lighter ',1),(3580,173,'Coolant Water Outlet',1),(3581,173,'Damper',1),(3582,173,'Dipstick',1),(3583,173,'Fuel Distributor',1),(3584,173,'Harmonic Balancer',1),(3585,173,'Intercooler ',1),(3586,173,'Nozzle Holder',1),(3587,173,'OE Replacement Horn Kit ',1),(3588,173,'Oil Cooler',1),(3589,173,'Oil Dipstick',1),(3590,173,'Oil Dipstick Tube Funnel',1),(3591,173,'Oil Strainer',1),(3592,173,'Pedal Pad',1),(3593,173,'Rotor Shim',1),(3594,173,'RPM Limiter',1),(3595,173,'Spare Tire Carrier ',1),(3596,173,'Spark Plug Wire Holder',1),(3597,173,'Strut',1),(3598,173,'Strut Assembly',1),(3599,173,'Strut Assembly Kit',1),(3600,173,'Strut Cartridge',1),(3601,173,'Supercharger ',1),(3602,173,'Vibration Dampener',1),(3603,173,'Wheel Trim Ring',1),(3604,174,'4WD Actuator Cable',1),(3605,174,'4WD Actuator Wire Harness',1),(3606,174,'Accelerator Cable',1),(3607,174,'Cable',1),(3608,174,'Electrical Fan Motor Wiring Harness',1),(3609,174,'Electrical Ground Cable',1),(3610,174,'Fuel Door Release Cable',1),(3611,174,'Fuel Pump Wiring Harness',1),(3612,174,'Lid Release Cable',1),(3613,174,'Liftgate Release Cable',1),(3614,174,'Release Cable',1),(3615,174,'Shift Cable',1),(3616,174,'Spark Plug Wire Set',1),(3617,174,'Starter Cable',1),(3618,174,'Tail Light Harness',1),(3619,174,'Tailgate Release Cable',1),(3620,175,'4WD Switch',1),(3621,175,'Air Suspension Air Compressor Isolator',1),(3622,175,'Automatic Temperature Control Switch ',1),(3623,175,'Back Up Lamp Switch ',1),(3624,175,'Battery Isolation Switch',1),(3625,175,'Blower Control Switch',1),(3626,175,'Blower Fan Switch',1),(3627,175,'Bonnet Open Indicator Switch',1),(3628,175,'Brake Light Switch',1),(3629,175,'Coolant Temperature Switch',1),(3630,175,'Dimmer Switch',1),(3631,175,'Driver Information Display Switch ',1),(3632,175,'Glove Box Lamp Switch ',1),(3633,175,'Hazard Warning Switch',1),(3634,175,'Headlight Switch',1),(3635,175,'Heater Control Switch',1),(3636,175,'Interior Light Switch',1),(3637,175,'Keyless Entry Kit ',1),(3638,175,'Mirror Switch',1),(3639,175,'Neutral Safety Switch ',1),(3640,175,'Oil Pressure Switch',1),(3641,175,'Oil Temperature Switch',1),(3642,175,'Open Warning Switch',1),(3643,175,'Panel Dimmer Switch',1),(3644,175,'Pedal Position Switch',1),(3645,175,'Power Sliding Door Switch ',1),(3646,175,'Push Button Switch ',1),(3647,175,'Ride Height Switch ',1),(3648,175,'Selector Switch',1),(3649,175,'Shift Control Switch',1),(3650,175,'Sliding Door Contact Assembly ',1),(3651,175,'Starter Safety Switch',1),(3652,175,'Sunroof Switch ',1),(3653,175,'Sunroof Switch Retaining Clip ',1),(3654,175,'Switch Kit',1),(3655,175,'Temperature Switch',1),(3656,175,'Thermal Limiter Switch ',1),(3657,175,'Washer Switch',1),(3658,175,'Washer Switch Lever',1),(3659,175,'Window Switch',1),(3660,175,'Wiper Switch',1),(3661,176,'Anti-Rattle Clip',1),(3662,176,'Anti-Rattle Clip Set',1),(3663,176,'Brake Hose Clip',1),(3664,176,'Brake Hose Lock',1),(3665,176,'Brake Spring Hold Down Pin',1),(3666,176,'Brake Spring Hold Down Pin Clip',1),(3667,176,'Caliper Guide Pin Clip Retainer',1),(3668,176,'Camshaft Dowel Pin',1),(3669,176,'Cotter Pin ',1),(3670,176,'Cylinder Head Dowel Pin',1),(3671,176,'Dowel Pin ',1),(3672,176,'Parking Brake C-Clip',1),(3673,176,'Universal Joint C-clip',1),(3674,177,'4WD Actuator Relay',1),(3675,177,'Air Bag Relay',1),(3676,177,'Air Suspension Air Compressor Relay',1),(3677,177,'All Wheel Drive Control Relay',1),(3678,177,'Antenna Relay',1),(3679,177,'Anti-Theft Relay ',1),(3680,177,'Audio Amplifier Relay ',1),(3681,177,'Auto Shut Down Relay ',1),(3682,177,'Automatic Headlight Control Relay ',1),(3683,177,'Automatic Temperature Control (ATC) Relay Connector',1),(3684,177,'Auxiliary Battery Relay ',1),(3685,177,'Auxiliary Engine Cooling Fan Relay ',1),(3686,177,'Battery Charge Relay',1),(3687,177,'Boot Window Relay',1),(3688,177,'Brake and Turn Signal Relay',1),(3689,177,'Brake Light Relay',1),(3690,177,'Cargo Light Relay ',1),(3691,177,'Cigarette Lighter Relay ',1),(3692,177,'Cold Start Relay',1),(3693,177,'Compressor Relay',1),(3694,177,'Concealed Headlight Relay ',1),(3695,177,'Condenser Fan Motor Relay',1),(3696,177,'Cutoff Relay',1),(3697,177,'Delay Relay',1),(3698,177,'Diesel Glow Plug Relay',1),(3699,177,'Door Open Warning Relay',1),(3700,177,'Fog Light Relay ',1),(3701,177,'Fuel Pump Relay',1),(3702,177,'Hazard Warning Flasher',1),(3703,177,'Hazard Warning Relay',1),(3704,177,'Headlight Relay',1),(3705,177,'Horn Relay ',1),(3706,177,'Injection Pump Relay',1),(3707,177,'Interior Light Relay',1),(3708,177,'Keyless Entry Relay ',1),(3709,177,'Low Fuel Warning Relay ',1),(3710,177,'Main Relay ',1),(3711,177,'Mirror Relay',1),(3712,177,'Oil Level Relay',1),(3713,177,'Overload Protection Relay ',1),(3714,177,'Power Window Relay',1),(3715,177,'Pulse Wiper Relay ',1),(3716,177,'Seat Belt Warning Relay',1),(3717,177,'Start, Run Relay ',1),(3718,177,'Starter Cutoff Relay',1),(3719,177,'Starter Motor Control Relay',1),(3720,177,'Starter Relay',1),(3721,177,'Sunroof Relay ',1),(3722,177,'Tail Light Relay',1),(3723,177,'Temperature Control Relay ',1),(3724,177,'Vacuum Pump Relay',1),(3725,177,'Washer Pump Relay ',1),(3726,177,'Washer Relay',1),(3727,177,'Window Relay',1),(3728,177,'Wiper Motor Relay',1),(3729,177,'Wiper Relay',1),(3730,177,'Wiring Harness Relay',1),(3731,178,'Battery ',1),(3732,178,'Battery Terminal (+VE)',1),(3733,178,'Battery Terminal (-VE)',1),(3734,179,'Battery Clamp',1),(3735,179,'Battery Tray',1),(3736,179,'Brake Wheel Cylinder Bracket',1),(3737,179,'Clamp',1),(3738,179,'Clamp Kit',1),(3739,179,'Differential Axle Bracket',1),(3740,179,'Fuel Pump Hanger Assembly',1),(3741,179,'Fuel Tank Strap',1),(3742,179,'Glove Box Strap ',1),(3743,179,'Hose Clamp',1),(3744,179,'Idler Arm Bracket Assembly',1),(3745,179,'Leaf Spring Hanger ',1),(3746,179,'Mirror Bracket',1),(3747,179,'Mount',1),(3748,179,'Mount Bracket',1),(3749,179,'Oil Filter Bracket',1),(3750,179,'Radiator Mount',1),(3751,179,'Shock Absorber Mounting Bolt',1),(3752,179,'Shock Mount Bracket',1),(3753,179,'Strut Bracket',1),(3754,179,'Strut Mount Bracket',1),(3755,180,'Axle Shaft Bearing Assembly',1),(3756,180,'Bearing',1),(3757,180,'Bearing and Hub Assembly',1),(3758,180,'Camshaft Bearing',1),(3759,180,'Commutator End Bearing',1),(3760,180,'Compressor Bearing',1),(3761,180,'Connecting Rod Bearing',1),(3762,180,'Connecting Rod Bearing Set',1),(3763,180,'Countershaft Bearing',1),(3764,180,'Crankshaft Main Bearing',1),(3765,180,'Crankshaft Main Bearing Set',1),(3766,180,'Differential Bearing',1),(3767,180,'Differential Pilot Bearing',1),(3768,180,'Differential Pinion Bearing Set',1),(3769,180,'Drive  Belt Idler Pulley Bearing',1),(3770,180,'Drive Shaft Bearing ',1),(3771,180,'Drive Shaft Center Support Bearing ',1),(3772,180,'Drive Sprocket Bearing',1),(3773,180,'Idler Shaft Bearing',1),(3774,180,'Input Shaft Bearing',1),(3775,180,'Input Shaft Thrust Bearing',1),(3776,180,'King Pin Bearing',1),(3777,180,'Knuckle Bearing',1),(3778,180,'Low Gear Roller Bearing',1),(3779,180,'Main Bearing Repair Sleeve',1),(3780,180,'Main Bearing Shim Set',1),(3781,180,'Main Shaft Bearing',1),(3782,180,'Main Shaft Thrust Bearing',1),(3783,180,'Oil Pump Housing Bearing',1),(3784,180,'Output Shaft Bearing',1),(3785,180,'Output Shaft Thrust Bearing',1),(3786,180,'Pedal Bearing',1),(3787,180,'Pilot Bearing',1),(3788,180,'Pinion Bearing',1),(3789,180,'Pinion Shaft Bearing',1),(3790,180,'Pitman Shaft Bearing',1),(3791,180,'Release Bearing',1),(3792,180,'Release Bearing and Slave Cylinder Assembly',1),(3793,180,'Secondary Gear Bearing',1),(3794,180,'Shaft Bearing',1),(3795,180,'Shift Shaft Bearing',1),(3796,180,'Side Sliding Door Roller ',1),(3797,180,'Side Sliding Door Roller Assembly ',1),(3798,180,'Starter Bearing',1),(3799,180,'Strut Mount Bearing',1),(3800,180,'Timing Idler Bearing',1),(3801,180,'Transfer Shaft Bearing',1),(3802,180,'Wheel Bearing',1),(3803,180,'Wheel Bearing and Hub Assembly',1),(3804,181,'Starter Brush',1),(3805,182,'Air Suspension Air Helper Spring Compressor Kit',1),(3806,182,'Air Suspension Air Helper Spring Kit',1),(3807,182,'Air Suspension Air Spring',1),(3808,182,'Air Suspension Air Spring Hardware Kit',1),(3809,182,'Bonnet Hinge Spring',1),(3810,182,'Brake Lever Retaining Spring',1),(3811,182,'Brake Lever Return Spring',1),(3812,182,'Brush Spring',1),(3813,182,'Coil Spring ',1),(3814,182,'Leaf Helper Spring ',1),(3815,182,'Leaf Spring ',1),(3816,182,'Starter Brush Spring',1),(3817,182,'Valve Spring',1),(3818,183,'Alignment Camber Bushing',1),(3819,183,'Boot Hinge Bushing',1),(3820,183,'Boot Hinge Pin & Bushing Kit',1),(3821,183,'Brake Bushing',1),(3822,183,'Brake Pedal Bushing',1),(3823,183,'Caliper Bushing',1),(3824,183,'Control Arm Bushing',1),(3825,183,'Door Hinge Bushing',1),(3826,183,'Hinge Pin & Bushing Kit',1),(3827,183,'Idler Arm Bushing',1),(3828,183,'Idler Arm Bushing Kit',1),(3829,183,'Knuckle Bushing',1),(3830,183,'Leaf Spring Bushing ',1),(3831,183,'Mount Bushing',1),(3832,183,'Pedal Bushing',1),(3833,183,'Pilot Bushing',1),(3834,183,'Piston Pin Bushing',1),(3835,183,'Piston Pin Bushing Set',1),(3836,183,'Radiator Mount Bushing',1),(3837,183,'Rocker Arm Bushing',1),(3838,183,'Shift Bushing',1),(3839,183,'Shift Lever Bushing',1),(3840,183,'Shift Rod Bushing',1),(3841,183,'Shock Absorber Bushing',1),(3842,183,'Stabilizer Bar Bushing',1),(3843,183,'Stabilizer Bar Link Bushing',1),(3844,183,'Starter Bushing',1),(3845,183,'Tension Rod Bushing',1),(3846,183,'Thrust Arm Bushing',1),(3847,184,'4WD Actuator Cable',1),(3848,184,'4WD Actuator Wire Harness',1),(3849,184,'Accelerator Cable',1),(3850,184,'Cable',1),(3851,184,'Electrical Fan Motor Wiring Harness',1),(3852,184,'Electrical Ground Cable',1),(3853,184,'Fuel Door Release Cable',1),(3854,184,'Fuel Pump Wiring Harness',1),(3855,184,'Lid Release Cable',1),(3856,184,'Liftgate Release Cable',1),(3857,184,'Release Cable',1),(3858,184,'Shift Cable',1),(3859,184,'Spark Plug Wire Set',1),(3860,184,'Starter Cable',1),(3861,184,'Tail Light Harness',1),(3862,184,'Tailgate Release Cable',1),(3863,185,'Boot Window Motor',1),(3864,185,'Condenser Fan Motor',1),(3865,185,'Door Lock Actuator Motor',1),(3866,185,'Fan Motor',1),(3867,185,'Power Sliding Door Motor',1),(3868,185,'Power Window Motor',1),(3869,185,'Power Window Motor Mount Repair Kit',1),(3870,185,'Starter Motor',1),(3871,185,'Sunroof Motor ',1),(3872,185,'Vacuum Motor',1),(3873,185,'Washer Fluid Pump Motor Connector',1),(3874,185,'Wiper Motor',1),(3875,186,'4WD Hub Locking Solenoid',1),(3876,186,'Starter Solenoid',1),(3877,187,'Axle Shaft Bearing Assembly',1),(3878,187,'Bearing',1),(3879,187,'Bearing and Hub Assembly',1),(3880,187,'Camshaft Bearing',1),(3881,187,'Commutator End Bearing',1),(3882,187,'Compressor Bearing',1),(3883,187,'Connecting Rod Bearing',1),(3884,187,'Connecting Rod Bearing Set',1),(3885,187,'Countershaft Bearing',1),(3886,187,'Crankshaft Main Bearing',1),(3887,187,'Crankshaft Main Bearing Set',1),(3888,187,'Differential Bearing',1),(3889,187,'Differential Pilot Bearing',1),(3890,187,'Differential Pinion Bearing Set',1),(3891,187,'Drive  Belt Idler Pulley Bearing',1),(3892,187,'Drive Shaft Bearing ',1),(3893,187,'Drive Shaft Center Support Bearing ',1),(3894,187,'Drive Sprocket Bearing',1),(3895,187,'Idler Shaft Bearing',1),(3896,187,'Input Shaft Bearing',1),(3897,187,'Input Shaft Thrust Bearing',1),(3898,187,'King Pin Bearing',1),(3899,187,'Knuckle Bearing',1),(3900,187,'Low Gear Roller Bearing',1),(3901,187,'Main Bearing Repair Sleeve',1),(3902,187,'Main Bearing Shim Set',1),(3903,187,'Main Shaft Bearing',1),(3904,187,'Main Shaft Thrust Bearing',1),(3905,187,'Oil Pump Housing Bearing',1),(3906,187,'Output Shaft Bearing',1),(3907,187,'Output Shaft Thrust Bearing',1),(3908,187,'Pedal Bearing',1),(3909,187,'Pilot Bearing',1),(3910,187,'Pinion Bearing',1),(3911,187,'Pinion Shaft Bearing',1),(3912,187,'Pitman Shaft Bearing',1),(3913,187,'Release Bearing',1),(3914,187,'Release Bearing and Slave Cylinder Assembly',1),(3915,187,'Secondary Gear Bearing',1),(3916,187,'Shaft Bearing',1),(3917,187,'Shift Shaft Bearing',1),(3918,187,'Side Sliding Door Roller ',1),(3919,187,'Side Sliding Door Roller Assembly ',1),(3920,187,'Starter Bearing',1),(3921,187,'Strut Mount Bearing',1),(3922,187,'Timing Idler Bearing',1),(3923,187,'Transfer Shaft Bearing',1),(3924,187,'Wheel Bearing',1),(3925,187,'Wheel Bearing and Hub Assembly',1),(3926,188,'Coolant Water Bypass Gasket',1),(3927,188,'Coolant Water Inlet Gasket',1),(3928,188,'CV Joint Half Shaft Seal',1),(3929,188,'Cylinder Head Installation Gasket Set',1),(3930,188,'Cylinder Head Side Cover Gasket',1),(3931,188,'Differential Bearing and Seal Kit',1),(3932,188,'Differential Housing Cover Gasket',1),(3933,188,'Engine Block Cover Gasket',1),(3934,188,'injector Pump Mounting Gasket',1),(3935,188,'Intake Manifold Cover Gasket',1),(3936,188,'Main Shaft Extension Seal',1),(3937,188,'Main Shaft Thrust Seal',1),(3938,188,'Major Overhaul  Kit',1),(3939,188,'Oil Dipstick Tube Seal',1),(3940,188,'Oil Drain Plug Gasket',1),(3941,188,'Oil Filler Cap Gasket',1),(3942,188,'Oil Filter Adapter O-Ring',1),(3943,188,'Oil Filter Mounting O-Ring',1),(3944,188,'Oil Pressure Relief Valve Gasket',1),(3945,188,'Oil Pump Cover Seal',1),(3946,188,'Oil Pump Housing Seal',1),(3947,188,'Overhaul Kit',1),(3948,188,'Pipe to Manifold Gasket',1),(3949,188,'Push Rod Tube Seal',1),(3950,188,'System O-Ring and Gasket Kit',1),(3951,188,'Timing Cover Dust Seal Set',1),(3952,188,'Water Pump Backing Plate Gasket',1),(3953,188,'Water Pump Housing Gasket',1),(3954,188,'Water Pump Housing O-Ring',1),(3955,188,'Wheel Bearing and Seal Kit',1),(3956,189,'Catalytic Converter',1),(3957,189,'Cigarette Lighter ',1),(3958,189,'Coolant Water Outlet',1),(3959,189,'Damper',1),(3960,189,'Dipstick',1),(3961,189,'Fuel Distributor',1),(3962,189,'Harmonic Balancer',1),(3963,189,'Intercooler ',1),(3964,189,'Nozzle Holder',1),(3965,189,'OE Replacement Horn Kit ',1),(3966,189,'Oil Cooler',1),(3967,189,'Oil Dipstick',1),(3968,189,'Oil Dipstick Tube Funnel',1),(3969,189,'Oil Strainer',1),(3970,189,'Pedal Pad',1),(3971,189,'Rotor Shim',1),(3972,189,'RPM Limiter',1),(3973,189,'Spare Tire Carrier ',1),(3974,189,'Spark Plug Wire Holder',1),(3975,189,'Strut',1),(3976,189,'Strut Assembly',1),(3977,189,'Strut Assembly Kit',1),(3978,189,'Strut Cartridge',1),(3979,189,'Supercharger ',1),(3980,189,'Vibration Dampener',1),(3981,189,'Wheel Trim Ring',1),(3982,190,'4WD Actuator Valve',1),(3983,190,'Air Suspension Solenoid Valve Unit',1),(3984,190,'Exhaust Valve',1),(3985,190,'Exhaust Valve Kit',1),(3986,190,'Intake Valve',1),(3987,190,'Intake Valve Kit',1),(3988,190,'Valve',1),(3989,190,'Valve Guide',1),(3990,190,'Valve Kit',1),(3991,190,'Valve Seat',1),(3992,190,'Valve Spring Shim',1),(3993,191,'Breather Cap',1),(3994,191,'Coolant Recovery Tank Cap',1),(3995,191,'Fuel Tank Cap',1),(3996,191,'Oil Filler Cap',1),(3997,191,'Radiator Radiator Cap',1),(3998,191,'Strut Mount Cap',1),(3999,191,'Wheel Cap',1),(4000,192,'4WD Locking Hub',1),(4001,192,'Axle Hub',1),(4002,192,'Axle Hub Assembly',1),(4003,192,'Hub',1),(4004,192,'Rotor and Hub Assembly',1),(4005,192,'Wheel Hub',1),(4006,193,'Oil Strainer Cover',1),(4007,193,'Valve Cover Bolt Kit',1),(4008,193,'Valve Cover Repair Kit',1),(4009,193,'Wheel Nut Cover',1),(4010,194,'Ball Joint Nut / Washer',1),(4011,194,'Belt Tensioner Bolt',1),(4012,194,'Bolt',1),(4013,194,'Bolt Washer Set',1),(4014,194,'Brake Hose to Caliper Bolt',1),(4015,194,'Brake Lever Anchor Nut',1),(4016,194,'C/V Joint Nut',1),(4017,194,'Caliper Bolt',1),(4018,194,'Caliper Bolt Kit',1),(4019,194,'Control Arm Bolt',1),(4020,194,'Coolant Bleeder Screw',1),(4021,194,'Crankshaft Thrust Washer Set',1),(4022,194,'Cylinder Head Bolt',1),(4023,194,'Cylinder Head Bolt Set',1),(4024,194,'Engine Mount Bolt',1),(4025,194,'Exhaust Stud',1),(4026,194,'Flywheel Bolt',1),(4027,194,'Knuckle Stud',1),(4028,194,'Leaf Spring Bolt ',1),(4029,194,'Leaf Spring Center Bolt ',1),(4030,194,'Leaf Spring Hanger Bolt ',1),(4031,194,'Manifold Stud and Nut',1),(4032,194,'Push Nut ',1),(4033,194,'Rocker Arm Bolt',1),(4034,194,'Rocker Arm Stud',1),(4035,194,'Stud',1),(4036,194,'Washer ',1),(4037,195,'Battery Clamp',1),(4038,195,'Battery Tray',1),(4039,195,'Brake Wheel Cylinder Bracket',1),(4040,195,'Clamp',1),(4041,195,'Clamp Kit',1),(4042,195,'Differential Axle Bracket',1),(4043,195,'Fuel Pump Hanger Assembly',1),(4044,195,'Fuel Tank Strap',1),(4045,195,'Glove Box Strap ',1),(4046,195,'Hose Clamp',1),(4047,195,'Idler Arm Bracket Assembly',1),(4048,195,'Leaf Spring Hanger ',1),(4049,195,'Mirror Bracket',1),(4050,195,'Mount',1),(4051,195,'Mount Bracket',1),(4052,195,'Oil Filter Bracket',1),(4053,195,'Radiator Mount',1),(4054,195,'Shock Absorber Mounting Bolt',1),(4055,195,'Shock Mount Bracket',1),(4056,195,'Strut Bracket',1),(4057,195,'Strut Mount Bracket',1),(4058,196,'Air Suspension Air Spring Seal Kit',1),(4059,196,'Air Suspension O-Ring and Seal Kit',1),(4060,196,'Auxiliary Shaft Seal',1),(4061,196,'Axle Differential Seal',1),(4062,196,'Axle Shaft Seal',1),(4063,196,'Bearing and Seal Overhaul Kit',1),(4064,196,'Brake Booster Gasket',1),(4065,196,'Breather Gasket',1),(4066,196,'Caliper Piston Seal',1),(4067,196,'Camshaft Gasket',1),(4068,196,'Camshaft Guide O-Ring',1),(4069,196,'Camshaft Housing Gasket',1),(4070,196,'Camshaft Housing Seal',1),(4071,196,'Camshaft O-Ring',1),(4072,196,'Camshaft Seal',1),(4073,196,'Camshaft Seal Kit',1),(4074,196,'Clutch Fork Seal',1),(4075,196,'Coil Spring Seat',1),(4076,196,'Crankcase Cover Gasket Set',1),(4077,196,'Crankshaft Seal',1),(4078,196,'Crankshaft Seal Kit',1),(4079,196,'Cylinder Head Gasket',1),(4080,196,'Cylinder Head Gasket Set',1),(4081,196,'Differential Carrier Gasket',1),(4082,196,'Differential Pinion Seal',1),(4083,196,'Differential Side Cover Seal',1),(4084,196,'Drive Axle Seal',1),(4085,196,'Drive Shaft Seal',1),(4086,196,'Exhaust Gasket',1),(4087,196,'Flywheel Housing Gasket ',1),(4088,196,'Fuel Rail O-Ring Kit',1),(4089,196,'Gasket Set',1),(4090,196,'Idler Shaft Seal',1),(4091,196,'Injector O-Ring',1),(4092,196,'Inlet Gasket',1),(4093,196,'Input Shaft Seal',1),(4094,196,'Intake Manifold Gasket',1),(4095,196,'Intake Manifold Gasket Set',1),(4096,196,'Knuckle Seal',1),(4097,196,'Main Bearing Gasket Set',1),(4098,196,'Main Shaft Seal',1),(4099,196,'Manifold Flange Gasket',1),(4100,196,'Manifold Gasket',1),(4101,196,'Manifold Gasket Set',1),(4102,196,'Multi Purpose Seal Ring ',1),(4103,196,'Nozzle O-Ring',1),(4104,196,'Oil Cooler Gasket',1),(4105,196,'Oil Cooler Seal',1),(4106,196,'Oil Pan Gasket',1),(4107,196,'Oil Pump Gasket Kit',1),(4108,196,'Oil Pump O-Ring',1),(4109,196,'Oil Pump Seal',1),(4110,196,'Oil Pump Seal Kit',1),(4111,196,'Oil Strainer Gasket',1),(4112,196,'Oil Sump Gasket',1),(4113,196,'Output Shaft Seal',1),(4114,196,'Pilot Bearing Seal',1),(4115,196,'Pinion Seal',1),(4116,196,'Pinion Shaft Seal',1),(4117,196,'Pipe Flange Gasket',1),(4118,196,'Seal',1),(4119,196,'Side Cover Gasket',1),(4120,196,'Side Cover Seal',1),(4121,196,'Timing Belt Kit with Seals',1),(4122,196,'Timing Cover Gasket',1),(4123,196,'Timing Cover Gasket Set',1),(4124,196,'Timing Cover Seal',1),(4125,196,'Timing Cover Seal Kit',1),(4126,196,'Transfer Shaft Seal',1),(4127,196,'Valve Cover Gasket',1),(4128,196,'Valve Cover Gasket Set',1),(4129,196,'Valve Stem Seal Set',1),(4130,196,'Water Pump Gasket',1),(4131,196,'Water Pump O-Ring',1),(4132,196,'Window Seal',1),(4133,197,'Flange',1),(4134,198,'Air Cleaner Intake Hose',1),(4135,198,'Air Injection Pipe',1),(4136,198,'Brake Drum Brake Hydraulic Hose',1),(4137,198,'Brake Hose',1),(4138,198,'Brake Hydraulic Hose',1),(4139,198,'Breather Hose',1),(4140,198,'Coolant Bypass Hose',1),(4141,198,'Coolant by-Pass Hose',1),(4142,198,'Coolant Hose',1),(4143,198,'Coolant Hose Flange',1),(4144,198,'Coolant Pipe',1),(4145,198,'Fuel Hose',1),(4146,198,'Fuel Line',1),(4147,198,'Header Pipe',1),(4148,198,'Hose Assembly',1),(4149,198,'Hydraulic Hose',1),(4150,198,'Idler Arm Grease Hose Kit',1),(4151,198,'Intercooler Hose',1),(4152,198,'Intermediate Pipe',1),(4153,198,'Oil Cooler Hose',1),(4154,198,'Radiator Coolant Hose Kit',1),(4155,198,'Refrigerant Discharge Hose',1),(4156,198,'Refrigerant Suction Hose',1),(4157,198,'Reservoir Line Hose',1),(4158,198,'Service Kit',1),(4159,198,'Tail Pipe Chrome Tip',1),(4160,198,'Tail Pipe Tip',1),(4161,198,'Tail Pipe with Muffler',1),(4162,198,'Vacuum Hose',1),(4163,198,'Washer Hose',1),(4164,198,'Y Pipe',1),(4165,199,'Heat Shield',1),(4166,199,'Terminal Protector',1),(4167,200,'Intake Manifold',1),(4168,200,'Manifold',1),(4169,201,'Muffler Assembly',1),(4170,201,'Muffler Gasket',1),(4171,201,'Muffler Gasket Set',1),(4172,201,'Muffler Hanger',1),(4173,201,'Muffler Mount',1),(4174,201,'Muffler Strap',1),(4175,202,'Coolant Water Bypass Gasket',1),(4176,202,'Coolant Water Inlet Gasket',1),(4177,202,'CV Joint Half Shaft Seal',1),(4178,202,'Cylinder Head Installation Gasket Set',1),(4179,202,'Cylinder Head Side Cover Gasket',1),(4180,202,'Differential Bearing and Seal Kit',1),(4181,202,'Differential Housing Cover Gasket',1),(4182,202,'Engine Block Cover Gasket',1),(4183,202,'injector Pump Mounting Gasket',1),(4184,202,'Intake Manifold Cover Gasket',1),(4185,202,'Main Shaft Extension Seal',1),(4186,202,'Main Shaft Thrust Seal',1),(4187,202,'Major Overhaul  Kit',1),(4188,202,'Oil Dipstick Tube Seal',1),(4189,202,'Oil Drain Plug Gasket',1),(4190,202,'Oil Filler Cap Gasket',1),(4191,202,'Oil Filter Adapter O-Ring',1),(4192,202,'Oil Filter Mounting O-Ring',1),(4193,202,'Oil Pressure Relief Valve Gasket',1),(4194,202,'Oil Pump Cover Seal',1),(4195,202,'Oil Pump Housing Seal',1),(4196,202,'Overhaul Kit',1),(4197,202,'Pipe to Manifold Gasket',1),(4198,202,'Push Rod Tube Seal',1),(4199,202,'System O-Ring and Gasket Kit',1),(4200,202,'Timing Cover Dust Seal Set',1),(4201,202,'Water Pump Backing Plate Gasket',1),(4202,202,'Water Pump Housing Gasket',1),(4203,202,'Water Pump Housing O-Ring',1),(4204,202,'Wheel Bearing and Seal Kit',1),(4205,203,'Bonnet ',1),(4206,203,'Boot',1),(4207,204,'Air Suspension Air Helper Spring Compressor Kit',1),(4208,204,'Air Suspension Air Helper Spring Kit',1),(4209,204,'Air Suspension Air Spring',1),(4210,204,'Air Suspension Air Spring Hardware Kit',1),(4211,204,'Bonnet Hinge Spring',1),(4212,204,'Brake Lever Retaining Spring',1),(4213,204,'Brake Lever Return Spring',1),(4214,204,'Brush Spring',1),(4215,204,'Coil Spring ',1),(4216,204,'Leaf Helper Spring ',1),(4217,204,'Leaf Spring ',1),(4218,204,'Starter Brush Spring',1),(4219,204,'Valve Spring',1),(4220,205,'Bonnet Latch Assembly',1),(4221,205,'Bonnet Release Handle',1),(4222,205,'Bonnet Safety Catch Pull Handle',1),(4223,205,'Boot Handle',1),(4224,205,'Boot Latch',1),(4225,205,'Boot Lock',1),(4226,205,'Coded Door Lock Set',1),(4227,205,'Crank Handle',1),(4228,205,'Door Lock Actuator',1),(4229,205,'Glove Box Lock ',1),(4230,205,'Glove Box Lock Kit ',1),(4231,205,'Heater Control Knob',1),(4232,205,'Interior Door Handle',1),(4233,205,'Interior Door Handle Assembly',1),(4234,205,'Interior Door Pull Handle',1),(4235,205,'Knob',1),(4236,205,'Latch Assembly',1),(4237,205,'Latch Release Actuator',1),(4238,205,'Liftgate Latch Handle ',1),(4239,205,'Liftgate Lock Actuator ',1),(4240,205,'Lock',1),(4241,205,'Outside Door Handle ',1),(4242,205,'Parking Brake Release Handle',1),(4243,205,'Seat Adjustment Handle',1),(4244,205,'Seat Adjustment Knob',1),(4245,205,'Seat Back Recliner Adjustment Handle',1),(4246,205,'Sliding Window Latch ',1),(4247,205,'Spare Tire Compartment Cover Latch ',1),(4248,205,'Strut Rod Lock Nut',1),(4249,205,'Wiper Control Knob',1),(4250,206,'Bonnet Lift Support',1),(4251,206,'Boot Lift Support',1),(4252,207,'Alignment Camber Bushing',1),(4253,207,'Boot Hinge Bushing',1),(4254,207,'Boot Hinge Pin & Bushing Kit',1),(4255,207,'Brake Bushing',1),(4256,207,'Brake Pedal Bushing',1),(4257,207,'Caliper Bushing',1),(4258,207,'Control Arm Bushing',1),(4259,207,'Door Hinge Bushing',1),(4260,207,'Hinge Pin & Bushing Kit',1),(4261,207,'Idler Arm Bushing',1),(4262,207,'Idler Arm Bushing Kit',1),(4263,207,'Knuckle Bushing',1),(4264,207,'Leaf Spring Bushing ',1),(4265,207,'Mount Bushing',1),(4266,207,'Pedal Bushing',1),(4267,207,'Pilot Bushing',1),(4268,207,'Piston Pin Bushing',1),(4269,207,'Piston Pin Bushing Set',1),(4270,207,'Radiator Mount Bushing',1),(4271,207,'Rocker Arm Bushing',1),(4272,207,'Shift Bushing',1),(4273,207,'Shift Lever Bushing',1),(4274,207,'Shift Rod Bushing',1),(4275,207,'Shock Absorber Bushing',1),(4276,207,'Stabilizer Bar Bushing',1),(4277,207,'Stabilizer Bar Link Bushing',1),(4278,207,'Starter Bushing',1),(4279,207,'Tension Rod Bushing',1),(4280,207,'Thrust Arm Bushing',1),(4281,208,'Door Hinge',1),(4282,209,'4WD Actuator Connector',1),(4283,209,'4WD Hub Locking Solenoid Connector',1),(4284,209,'4WD Switch Connector',1),(4285,209,'Air Bag Arming Sensor Connector',1),(4286,209,'Air Bag Connector',1),(4287,209,'Air Bag Diagnostic Module Connector',1),(4288,209,'Air Bag Disable Module Connector',1),(4289,209,'Air Bag Inflator Connector',1),(4290,209,'Air Bag Instrument Panel Module Connector',1),(4291,209,'Air Bag Module Connector',1),(4292,209,'Air Bag Safety Clockspring Connector',1),(4293,209,'Air Bag Sensor Connector',1),(4294,209,'Air Bag Side Impact Module Connector',1),(4295,209,'Air Suspension  Compressor Motor Connector',1),(4296,209,'Air Suspension  Module Connector',1),(4297,209,'Air Suspension  Sensor Connector',1),(4298,209,'Air Suspension  Solenoid Connector',1),(4299,209,'Air Suspension  Switch Connector',1),(4300,209,'Brake Light Connector',1),(4301,209,'Brake Light Switch Connector',1),(4302,209,'Coolant Hose Connector',1),(4303,209,'Door Lock Actuator Connector',1),(4304,209,'Glove Box Lamp Connector ',1),(4305,209,'Headlight Connector',1),(4306,209,'Mass Air Flow Connector ',1),(4307,209,'Mass Air Flow Sensor Connector ',1),(4308,209,'Mirror Connector',1),(4309,209,'Mirror Control Connector',1),(4310,209,'Oil Cooler Line Connector',1),(4311,209,'Panel Connector',1),(4312,209,'Panel Fuse Box Connector',1),(4313,209,'Panel Harness Connector',1),(4314,209,'Parking Brake Switch Connector',1),(4315,209,'Pedal Position Switch Connector',1),(4316,209,'Power Window Motor Connector',1),(4317,209,'Power Window Relay Connector',1),(4318,209,'Power Window Switch Connector',1),(4319,209,'Spark Plug Wire Connector',1),(4320,209,'Starter Motor Relay Connector',1),(4321,209,'Sunroof / Moonroof Connector ',1),(4322,209,'Sunroof Relay Connector ',1),(4323,209,'Sunroof Switch Connector ',1),(4324,209,'Washer Pump Connector',1),(4325,209,'Washer Pump Motor Connector',1),(4326,209,'Washer Relay Connector',1),(4327,209,'Water in Fuel Sensor Connector ',1),(4328,209,'Window Switch Connector',1),(4329,209,'Window Switch Illuminate Lamp Connector',1),(4330,209,'Wiper and Washer Switch Connector',1),(4331,209,'Wiper Control Module Connector',1),(4332,209,'Wiper Motor Connector',1),(4333,210,'Boot Window Motor',1),(4334,210,'Condenser Fan Motor',1),(4335,210,'Door Lock Actuator Motor',1),(4336,210,'Fan Motor',1),(4337,210,'Power Sliding Door Motor',1),(4338,210,'Power Window Motor',1),(4339,210,'Power Window Motor Mount Repair Kit',1),(4340,210,'Starter Motor',1),(4341,210,'Sunroof Motor ',1),(4342,210,'Vacuum Motor',1),(4343,210,'Washer Fluid Pump Motor Connector',1),(4344,210,'Wiper Motor',1),(4345,211,'4WD Actuator Cable',1),(4346,211,'4WD Actuator Wire Harness',1),(4347,211,'Accelerator Cable',1),(4348,211,'Cable',1),(4349,211,'Electrical Fan Motor Wiring Harness',1),(4350,211,'Electrical Ground Cable',1),(4351,211,'Fuel Door Release Cable',1),(4352,211,'Fuel Pump Wiring Harness',1),(4353,211,'Lid Release Cable',1),(4354,211,'Liftgate Release Cable',1),(4355,211,'Release Cable',1),(4356,211,'Shift Cable',1),(4357,211,'Spark Plug Wire Set',1),(4358,211,'Starter Cable',1),(4359,211,'Tail Light Harness',1),(4360,211,'Tailgate Release Cable',1),(4361,212,'Mirror',1),(4362,212,'Mirror Cover',1),(4363,212,'Mirror Glass',1),(4364,213,'Battery Clamp',1),(4365,213,'Battery Tray',1),(4366,213,'Brake Wheel Cylinder Bracket',1),(4367,213,'Clamp',1),(4368,213,'Clamp Kit',1),(4369,213,'Differential Axle Bracket',1),(4370,213,'Fuel Pump Hanger Assembly',1),(4371,213,'Fuel Tank Strap',1),(4372,213,'Glove Box Strap ',1),(4373,213,'Hose Clamp',1),(4374,213,'Idler Arm Bracket Assembly',1),(4375,213,'Leaf Spring Hanger ',1),(4376,213,'Mirror Bracket',1),(4377,213,'Mount',1),(4378,213,'Mount Bracket',1),(4379,213,'Oil Filter Bracket',1),(4380,213,'Radiator Mount',1),(4381,213,'Shock Absorber Mounting Bolt',1),(4382,213,'Shock Mount Bracket',1),(4383,213,'Strut Bracket',1),(4384,213,'Strut Mount Bracket',1),(4385,214,'4WD Actuator Relay',1),(4386,214,'Air Bag Relay',1),(4387,214,'Air Suspension Air Compressor Relay',1),(4388,214,'All Wheel Drive Control Relay',1),(4389,214,'Antenna Relay',1),(4390,214,'Anti-Theft Relay ',1),(4391,214,'Audio Amplifier Relay ',1),(4392,214,'Auto Shut Down Relay ',1),(4393,214,'Automatic Headlight Control Relay ',1),(4394,214,'Automatic Temperature Control (ATC) Relay Connector',1),(4395,214,'Auxiliary Battery Relay ',1),(4396,214,'Auxiliary Engine Cooling Fan Relay ',1),(4397,214,'Battery Charge Relay',1),(4398,214,'Boot Window Relay',1),(4399,214,'Brake and Turn Signal Relay',1),(4400,214,'Brake Light Relay',1),(4401,214,'Cargo Light Relay ',1),(4402,214,'Cigarette Lighter Relay ',1),(4403,214,'Cold Start Relay',1),(4404,214,'Compressor Relay',1),(4405,214,'Concealed Headlight Relay ',1),(4406,214,'Condenser Fan Motor Relay',1),(4407,214,'Cutoff Relay',1),(4408,214,'Delay Relay',1),(4409,214,'Diesel Glow Plug Relay',1),(4410,214,'Door Open Warning Relay',1),(4411,214,'Fog Light Relay ',1),(4412,214,'Fuel Pump Relay',1),(4413,214,'Hazard Warning Flasher',1),(4414,214,'Hazard Warning Relay',1),(4415,214,'Headlight Relay',1),(4416,214,'Horn Relay ',1),(4417,214,'Injection Pump Relay',1),(4418,214,'Interior Light Relay',1),(4419,214,'Keyless Entry Relay ',1),(4420,214,'Low Fuel Warning Relay ',1),(4421,214,'Main Relay ',1),(4422,214,'Mirror Relay',1),(4423,214,'Oil Level Relay',1),(4424,214,'Overload Protection Relay ',1),(4425,214,'Power Window Relay',1),(4426,214,'Pulse Wiper Relay ',1),(4427,214,'Seat Belt Warning Relay',1),(4428,214,'Start, Run Relay ',1),(4429,214,'Starter Cutoff Relay',1),(4430,214,'Starter Motor Control Relay',1),(4431,214,'Starter Relay',1),(4432,214,'Sunroof Relay ',1),(4433,214,'Tail Light Relay',1),(4434,214,'Temperature Control Relay ',1),(4435,214,'Vacuum Pump Relay',1),(4436,214,'Washer Pump Relay ',1),(4437,214,'Washer Relay',1),(4438,214,'Window Relay',1),(4439,214,'Wiper Motor Relay',1),(4440,214,'Wiper Relay',1),(4441,214,'Wiring Harness Relay',1),(4442,215,'4WD Switch',1),(4443,215,'Air Suspension Air Compressor Isolator',1),(4444,215,'Automatic Temperature Control Switch ',1),(4445,215,'Back Up Lamp Switch ',1),(4446,215,'Battery Isolation Switch',1),(4447,215,'Blower Control Switch',1),(4448,215,'Blower Fan Switch',1),(4449,215,'Bonnet Open Indicator Switch',1),(4450,215,'Brake Light Switch',1),(4451,215,'Coolant Temperature Switch',1),(4452,215,'Dimmer Switch',1),(4453,215,'Driver Information Display Switch ',1),(4454,215,'Glove Box Lamp Switch ',1),(4455,215,'Hazard Warning Switch',1),(4456,215,'Headlight Switch',1),(4457,215,'Heater Control Switch',1),(4458,215,'Interior Light Switch',1),(4459,215,'Keyless Entry Kit ',1),(4460,215,'Mirror Switch',1),(4461,215,'Neutral Safety Switch ',1),(4462,215,'Oil Pressure Switch',1),(4463,215,'Oil Temperature Switch',1),(4464,215,'Open Warning Switch',1),(4465,215,'Panel Dimmer Switch',1),(4466,215,'Pedal Position Switch',1),(4467,215,'Power Sliding Door Switch ',1),(4468,215,'Push Button Switch ',1),(4469,215,'Ride Height Switch ',1),(4470,215,'Selector Switch',1),(4471,215,'Shift Control Switch',1),(4472,215,'Sliding Door Contact Assembly ',1),(4473,215,'Starter Safety Switch',1),(4474,215,'Sunroof Switch ',1),(4475,215,'Sunroof Switch Retaining Clip ',1),(4476,215,'Switch Kit',1),(4477,215,'Temperature Switch',1),(4478,215,'Thermal Limiter Switch ',1),(4479,215,'Washer Switch',1),(4480,215,'Washer Switch Lever',1),(4481,215,'Window Switch',1),(4482,215,'Wiper Switch',1),(4483,216,'Axle Shaft Bearing Assembly',1),(4484,216,'Bearing',1),(4485,216,'Bearing and Hub Assembly',1),(4486,216,'Camshaft Bearing',1),(4487,216,'Commutator End Bearing',1),(4488,216,'Compressor Bearing',1),(4489,216,'Connecting Rod Bearing',1),(4490,216,'Connecting Rod Bearing Set',1),(4491,216,'Countershaft Bearing',1),(4492,216,'Crankshaft Main Bearing',1),(4493,216,'Crankshaft Main Bearing Set',1),(4494,216,'Differential Bearing',1),(4495,216,'Differential Pilot Bearing',1),(4496,216,'Differential Pinion Bearing Set',1),(4497,216,'Drive  Belt Idler Pulley Bearing',1),(4498,216,'Drive Shaft Bearing ',1),(4499,216,'Drive Shaft Center Support Bearing ',1),(4500,216,'Drive Sprocket Bearing',1),(4501,216,'Idler Shaft Bearing',1),(4502,216,'Input Shaft Bearing',1),(4503,216,'Input Shaft Thrust Bearing',1),(4504,216,'King Pin Bearing',1),(4505,216,'Knuckle Bearing',1),(4506,216,'Low Gear Roller Bearing',1),(4507,216,'Main Bearing Repair Sleeve',1),(4508,216,'Main Bearing Shim Set',1),(4509,216,'Main Shaft Bearing',1),(4510,216,'Main Shaft Thrust Bearing',1),(4511,216,'Oil Pump Housing Bearing',1),(4512,216,'Output Shaft Bearing',1),(4513,216,'Output Shaft Thrust Bearing',1),(4514,216,'Pedal Bearing',1),(4515,216,'Pilot Bearing',1),(4516,216,'Pinion Bearing',1),(4517,216,'Pinion Shaft Bearing',1),(4518,216,'Pitman Shaft Bearing',1),(4519,216,'Release Bearing',1),(4520,216,'Release Bearing and Slave Cylinder Assembly',1),(4521,216,'Secondary Gear Bearing',1),(4522,216,'Shaft Bearing',1),(4523,216,'Shift Shaft Bearing',1),(4524,216,'Side Sliding Door Roller ',1),(4525,216,'Side Sliding Door Roller Assembly ',1),(4526,216,'Starter Bearing',1),(4527,216,'Strut Mount Bearing',1),(4528,216,'Timing Idler Bearing',1),(4529,216,'Transfer Shaft Bearing',1),(4530,216,'Wheel Bearing',1),(4531,216,'Wheel Bearing and Hub Assembly',1),(4532,217,'Air Suspension Air Spring Seal Kit',1),(4533,217,'Air Suspension O-Ring and Seal Kit',1),(4534,217,'Auxiliary Shaft Seal',1),(4535,217,'Axle Differential Seal',1),(4536,217,'Axle Shaft Seal',1),(4537,217,'Bearing and Seal Overhaul Kit',1),(4538,217,'Brake Booster Gasket',1),(4539,217,'Breather Gasket',1),(4540,217,'Caliper Piston Seal',1),(4541,217,'Camshaft Gasket',1),(4542,217,'Camshaft Guide O-Ring',1),(4543,217,'Camshaft Housing Gasket',1),(4544,217,'Camshaft Housing Seal',1),(4545,217,'Camshaft O-Ring',1),(4546,217,'Camshaft Seal',1),(4547,217,'Camshaft Seal Kit',1),(4548,217,'Clutch Fork Seal',1),(4549,217,'Coil Spring Seat',1),(4550,217,'Crankcase Cover Gasket Set',1),(4551,217,'Crankshaft Seal',1),(4552,217,'Crankshaft Seal Kit',1),(4553,217,'Cylinder Head Gasket',1),(4554,217,'Cylinder Head Gasket Set',1),(4555,217,'Differential Carrier Gasket',1),(4556,217,'Differential Pinion Seal',1),(4557,217,'Differential Side Cover Seal',1),(4558,217,'Drive Axle Seal',1),(4559,217,'Drive Shaft Seal',1),(4560,217,'Exhaust Gasket',1),(4561,217,'Flywheel Housing Gasket ',1),(4562,217,'Fuel Rail O-Ring Kit',1),(4563,217,'Gasket Set',1),(4564,217,'Idler Shaft Seal',1),(4565,217,'Injector O-Ring',1),(4566,217,'Inlet Gasket',1),(4567,217,'Input Shaft Seal',1),(4568,217,'Intake Manifold Gasket',1),(4569,217,'Intake Manifold Gasket Set',1),(4570,217,'Knuckle Seal',1),(4571,217,'Main Bearing Gasket Set',1),(4572,217,'Main Shaft Seal',1),(4573,217,'Manifold Flange Gasket',1),(4574,217,'Manifold Gasket',1),(4575,217,'Manifold Gasket Set',1),(4576,217,'Multi Purpose Seal Ring ',1),(4577,217,'Nozzle O-Ring',1),(4578,217,'Oil Cooler Gasket',1),(4579,217,'Oil Cooler Seal',1),(4580,217,'Oil Pan Gasket',1),(4581,217,'Oil Pump Gasket Kit',1),(4582,217,'Oil Pump O-Ring',1),(4583,217,'Oil Pump Seal',1),(4584,217,'Oil Pump Seal Kit',1),(4585,217,'Oil Strainer Gasket',1),(4586,217,'Oil Sump Gasket',1),(4587,217,'Output Shaft Seal',1),(4588,217,'Pilot Bearing Seal',1),(4589,217,'Pinion Seal',1),(4590,217,'Pinion Shaft Seal',1),(4591,217,'Pipe Flange Gasket',1),(4592,217,'Seal',1),(4593,217,'Side Cover Gasket',1),(4594,217,'Side Cover Seal',1),(4595,217,'Timing Belt Kit with Seals',1),(4596,217,'Timing Cover Gasket',1),(4597,217,'Timing Cover Gasket Set',1),(4598,217,'Timing Cover Seal',1),(4599,217,'Timing Cover Seal Kit',1),(4600,217,'Transfer Shaft Seal',1),(4601,217,'Valve Cover Gasket',1),(4602,217,'Valve Cover Gasket Set',1),(4603,217,'Valve Stem Seal Set',1),(4604,217,'Water Pump Gasket',1),(4605,217,'Water Pump O-Ring',1),(4606,217,'Window Seal',1),(4607,218,'4WD Actuator Cable',1),(4608,218,'4WD Actuator Wire Harness',1),(4609,218,'Accelerator Cable',1),(4610,218,'Cable',1),(4611,218,'Electrical Fan Motor Wiring Harness',1),(4612,218,'Electrical Ground Cable',1),(4613,218,'Fuel Door Release Cable',1),(4614,218,'Fuel Pump Wiring Harness',1),(4615,218,'Lid Release Cable',1),(4616,218,'Liftgate Release Cable',1),(4617,218,'Release Cable',1),(4618,218,'Shift Cable',1),(4619,218,'Spark Plug Wire Set',1),(4620,218,'Starter Cable',1),(4621,218,'Tail Light Harness',1),(4622,218,'Tailgate Release Cable',1),(4623,219,'Brake and Clutch Master Cylinder Assembly',1),(4624,219,'Brake Booster with Brake Master Cylinder',1),(4625,219,'Brake Master Cylinder',1),(4626,219,'Brake Master Cylinder Repair Kit',1),(4627,219,'Brake Wheel Cylinder',1),(4628,219,'Brake Wheel Cylinder Link',1),(4629,219,'Brake Wheel Cylinder Repair Kit',1),(4630,219,'Clutch Cylinder Sleeve',1),(4631,219,'Clutch Master and Slave Cylinder Assembly',1),(4632,219,'Clutch Master Cylinder',1),(4633,219,'Clutch Master Cylinder Repair Kit',1),(4634,219,'Clutch Slave Cylinder',1),(4635,219,'Clutch Slave Cylinder Kit',1),(4636,219,'Clutch Slave Cylinder Repair Kit',1),(4637,220,'Camshaft Repair Sleeve',1),(4638,220,'Clutch Fork Repair Sleeve',1),(4639,220,'Oil Pump Housing Repair Sleeve',1),(4640,220,'Shift Shaft Repair Sleeve',1),(4641,221,'Air Suspension Air Spring Seal Kit',1),(4642,221,'Air Suspension O-Ring and Seal Kit',1),(4643,221,'Auxiliary Shaft Seal',1),(4644,221,'Axle Differential Seal',1),(4645,221,'Axle Shaft Seal',1),(4646,221,'Bearing and Seal Overhaul Kit',1),(4647,221,'Brake Booster Gasket',1),(4648,221,'Breather Gasket',1),(4649,221,'Caliper Piston Seal',1),(4650,221,'Camshaft Gasket',1),(4651,221,'Camshaft Guide O-Ring',1),(4652,221,'Camshaft Housing Gasket',1),(4653,221,'Camshaft Housing Seal',1),(4654,221,'Camshaft O-Ring',1),(4655,221,'Camshaft Seal',1),(4656,221,'Camshaft Seal Kit',1),(4657,221,'Clutch Fork Seal',1),(4658,221,'Coil Spring Seat',1),(4659,221,'Crankcase Cover Gasket Set',1),(4660,221,'Crankshaft Seal',1),(4661,221,'Crankshaft Seal Kit',1),(4662,221,'Cylinder Head Gasket',1),(4663,221,'Cylinder Head Gasket Set',1),(4664,221,'Differential Carrier Gasket',1),(4665,221,'Differential Pinion Seal',1),(4666,221,'Differential Side Cover Seal',1),(4667,221,'Drive Axle Seal',1),(4668,221,'Drive Shaft Seal',1),(4669,221,'Exhaust Gasket',1),(4670,221,'Flywheel Housing Gasket ',1),(4671,221,'Fuel Rail O-Ring Kit',1),(4672,221,'Gasket Set',1),(4673,221,'Idler Shaft Seal',1),(4674,221,'Injector O-Ring',1),(4675,221,'Inlet Gasket',1),(4676,221,'Input Shaft Seal',1),(4677,221,'Intake Manifold Gasket',1),(4678,221,'Intake Manifold Gasket Set',1),(4679,221,'Knuckle Seal',1),(4680,221,'Main Bearing Gasket Set',1),(4681,221,'Main Shaft Seal',1),(4682,221,'Manifold Flange Gasket',1),(4683,221,'Manifold Gasket',1),(4684,221,'Manifold Gasket Set',1),(4685,221,'Multi Purpose Seal Ring ',1),(4686,221,'Nozzle O-Ring',1),(4687,221,'Oil Cooler Gasket',1),(4688,221,'Oil Cooler Seal',1),(4689,221,'Oil Pan Gasket',1),(4690,221,'Oil Pump Gasket Kit',1),(4691,221,'Oil Pump O-Ring',1),(4692,221,'Oil Pump Seal',1),(4693,221,'Oil Pump Seal Kit',1),(4694,221,'Oil Strainer Gasket',1),(4695,221,'Oil Sump Gasket',1),(4696,221,'Output Shaft Seal',1),(4697,221,'Pilot Bearing Seal',1),(4698,221,'Pinion Seal',1),(4699,221,'Pinion Shaft Seal',1),(4700,221,'Pipe Flange Gasket',1),(4701,221,'Seal',1),(4702,221,'Side Cover Gasket',1),(4703,221,'Side Cover Seal',1),(4704,221,'Timing Belt Kit with Seals',1),(4705,221,'Timing Cover Gasket',1),(4706,221,'Timing Cover Gasket Set',1),(4707,221,'Timing Cover Seal',1),(4708,221,'Timing Cover Seal Kit',1),(4709,221,'Transfer Shaft Seal',1),(4710,221,'Valve Cover Gasket',1),(4711,221,'Valve Cover Gasket Set',1),(4712,221,'Valve Stem Seal Set',1),(4713,221,'Water Pump Gasket',1),(4714,221,'Water Pump O-Ring',1),(4715,221,'Window Seal',1),(4716,222,'Axle Shaft Bearing Assembly',1),(4717,222,'Bearing',1),(4718,222,'Bearing and Hub Assembly',1),(4719,222,'Camshaft Bearing',1),(4720,222,'Commutator End Bearing',1),(4721,222,'Compressor Bearing',1),(4722,222,'Connecting Rod Bearing',1),(4723,222,'Connecting Rod Bearing Set',1),(4724,222,'Countershaft Bearing',1),(4725,222,'Crankshaft Main Bearing',1),(4726,222,'Crankshaft Main Bearing Set',1),(4727,222,'Differential Bearing',1),(4728,222,'Differential Pilot Bearing',1),(4729,222,'Differential Pinion Bearing Set',1),(4730,222,'Drive  Belt Idler Pulley Bearing',1),(4731,222,'Drive Shaft Bearing ',1),(4732,222,'Drive Shaft Center Support Bearing ',1),(4733,222,'Drive Sprocket Bearing',1),(4734,222,'Idler Shaft Bearing',1),(4735,222,'Input Shaft Bearing',1),(4736,222,'Input Shaft Thrust Bearing',1),(4737,222,'King Pin Bearing',1),(4738,222,'Knuckle Bearing',1),(4739,222,'Low Gear Roller Bearing',1),(4740,222,'Main Bearing Repair Sleeve',1),(4741,222,'Main Bearing Shim Set',1),(4742,222,'Main Shaft Bearing',1),(4743,222,'Main Shaft Thrust Bearing',1),(4744,222,'Oil Pump Housing Bearing',1),(4745,222,'Output Shaft Bearing',1),(4746,222,'Output Shaft Thrust Bearing',1),(4747,222,'Pedal Bearing',1),(4748,222,'Pilot Bearing',1),(4749,222,'Pinion Bearing',1),(4750,222,'Pinion Shaft Bearing',1),(4751,222,'Pitman Shaft Bearing',1),(4752,222,'Release Bearing',1),(4753,222,'Release Bearing and Slave Cylinder Assembly',1),(4754,222,'Secondary Gear Bearing',1),(4755,222,'Shaft Bearing',1),(4756,222,'Shift Shaft Bearing',1),(4757,222,'Side Sliding Door Roller ',1),(4758,222,'Side Sliding Door Roller Assembly ',1),(4759,222,'Starter Bearing',1),(4760,222,'Strut Mount Bearing',1),(4761,222,'Timing Idler Bearing',1),(4762,222,'Transfer Shaft Bearing',1),(4763,222,'Wheel Bearing',1),(4764,222,'Wheel Bearing and Hub Assembly',1),(4765,223,'Air Cleaner Intake Hose',1),(4766,223,'Air Injection Pipe',1),(4767,223,'Brake Drum Brake Hydraulic Hose',1),(4768,223,'Brake Hose',1),(4769,223,'Brake Hydraulic Hose',1),(4770,223,'Breather Hose',1),(4771,223,'Coolant Bypass Hose',1),(4772,223,'Coolant by-Pass Hose',1),(4773,223,'Coolant Hose',1),(4774,223,'Coolant Hose Flange',1),(4775,223,'Coolant Pipe',1),(4776,223,'Fuel Hose',1),(4777,223,'Fuel Line',1),(4778,223,'Header Pipe',1),(4779,223,'Hose Assembly',1),(4780,223,'Hydraulic Hose',1),(4781,223,'Idler Arm Grease Hose Kit',1),(4782,223,'Intercooler Hose',1),(4783,223,'Intermediate Pipe',1),(4784,223,'Oil Cooler Hose',1),(4785,223,'Radiator Coolant Hose Kit',1),(4786,223,'Refrigerant Discharge Hose',1),(4787,223,'Refrigerant Suction Hose',1),(4788,223,'Reservoir Line Hose',1),(4789,223,'Service Kit',1),(4790,223,'Tail Pipe Chrome Tip',1),(4791,223,'Tail Pipe Tip',1),(4792,223,'Tail Pipe with Muffler',1),(4793,223,'Vacuum Hose',1),(4794,223,'Washer Hose',1),(4795,223,'Y Pipe',1),(4796,224,'Alignment Camber Bushing',1),(4797,224,'Boot Hinge Bushing',1),(4798,224,'Boot Hinge Pin & Bushing Kit',1),(4799,224,'Brake Bushing',1),(4800,224,'Brake Pedal Bushing',1),(4801,224,'Caliper Bushing',1),(4802,224,'Control Arm Bushing',1),(4803,224,'Door Hinge Bushing',1),(4804,224,'Hinge Pin & Bushing Kit',1),(4805,224,'Idler Arm Bushing',1),(4806,224,'Idler Arm Bushing Kit',1),(4807,224,'Knuckle Bushing',1),(4808,224,'Leaf Spring Bushing ',1),(4809,224,'Mount Bushing',1),(4810,224,'Pedal Bushing',1),(4811,224,'Pilot Bushing',1),(4812,224,'Piston Pin Bushing',1),(4813,224,'Piston Pin Bushing Set',1),(4814,224,'Radiator Mount Bushing',1),(4815,224,'Rocker Arm Bushing',1),(4816,224,'Shift Bushing',1),(4817,224,'Shift Lever Bushing',1),(4818,224,'Shift Rod Bushing',1),(4819,224,'Shock Absorber Bushing',1),(4820,224,'Stabilizer Bar Bushing',1),(4821,224,'Stabilizer Bar Link Bushing',1),(4822,224,'Starter Bushing',1),(4823,224,'Tension Rod Bushing',1),(4824,224,'Thrust Arm Bushing',1),(4825,225,'Pressure Plate',1),(4826,226,'Pressure Plate and Disc Set',1),(4827,227,'Bonnet Latch Assembly',1),(4828,227,'Bonnet Release Handle',1),(4829,227,'Bonnet Safety Catch Pull Handle',1),(4830,227,'Boot Handle',1),(4831,227,'Boot Latch',1),(4832,227,'Boot Lock',1),(4833,227,'Coded Door Lock Set',1),(4834,227,'Crank Handle',1),(4835,227,'Door Lock Actuator',1),(4836,227,'Glove Box Lock ',1),(4837,227,'Glove Box Lock Kit ',1),(4838,227,'Heater Control Knob',1),(4839,227,'Interior Door Handle',1),(4840,227,'Interior Door Handle Assembly',1),(4841,227,'Interior Door Pull Handle',1),(4842,227,'Knob',1),(4843,227,'Latch Assembly',1),(4844,227,'Latch Release Actuator',1),(4845,227,'Liftgate Latch Handle ',1),(4846,227,'Liftgate Lock Actuator ',1),(4847,227,'Lock',1),(4848,227,'Outside Door Handle ',1),(4849,227,'Parking Brake Release Handle',1),(4850,227,'Seat Adjustment Handle',1),(4851,227,'Seat Adjustment Knob',1),(4852,227,'Seat Back Recliner Adjustment Handle',1),(4853,227,'Sliding Window Latch ',1),(4854,227,'Spare Tire Compartment Cover Latch ',1),(4855,227,'Strut Rod Lock Nut',1),(4856,227,'Wiper Control Knob',1),(4857,228,'4WD Actuator Connector',1),(4858,228,'4WD Hub Locking Solenoid Connector',1),(4859,228,'4WD Switch Connector',1),(4860,228,'Air Bag Arming Sensor Connector',1),(4861,228,'Air Bag Connector',1),(4862,228,'Air Bag Diagnostic Module Connector',1),(4863,228,'Air Bag Disable Module Connector',1),(4864,228,'Air Bag Inflator Connector',1),(4865,228,'Air Bag Instrument Panel Module Connector',1),(4866,228,'Air Bag Module Connector',1),(4867,228,'Air Bag Safety Clockspring Connector',1),(4868,228,'Air Bag Sensor Connector',1),(4869,228,'Air Bag Side Impact Module Connector',1),(4870,228,'Air Suspension  Compressor Motor Connector',1),(4871,228,'Air Suspension  Module Connector',1),(4872,228,'Air Suspension  Sensor Connector',1),(4873,228,'Air Suspension  Solenoid Connector',1),(4874,228,'Air Suspension  Switch Connector',1),(4875,228,'Brake Light Connector',1),(4876,228,'Brake Light Switch Connector',1),(4877,228,'Coolant Hose Connector',1),(4878,228,'Door Lock Actuator Connector',1),(4879,228,'Glove Box Lamp Connector ',1),(4880,228,'Headlight Connector',1),(4881,228,'Mass Air Flow Connector ',1),(4882,228,'Mass Air Flow Sensor Connector ',1),(4883,228,'Mirror Connector',1),(4884,228,'Mirror Control Connector',1),(4885,228,'Oil Cooler Line Connector',1),(4886,228,'Panel Connector',1),(4887,228,'Panel Fuse Box Connector',1),(4888,228,'Panel Harness Connector',1),(4889,228,'Parking Brake Switch Connector',1),(4890,228,'Pedal Position Switch Connector',1),(4891,228,'Power Window Motor Connector',1),(4892,228,'Power Window Relay Connector',1),(4893,228,'Power Window Switch Connector',1),(4894,228,'Spark Plug Wire Connector',1),(4895,228,'Starter Motor Relay Connector',1),(4896,228,'Sunroof / Moonroof Connector ',1),(4897,228,'Sunroof Relay Connector ',1),(4898,228,'Sunroof Switch Connector ',1),(4899,228,'Washer Pump Connector',1),(4900,228,'Washer Pump Motor Connector',1),(4901,228,'Washer Relay Connector',1),(4902,228,'Water in Fuel Sensor Connector ',1),(4903,228,'Window Switch Connector',1),(4904,228,'Window Switch Illuminate Lamp Connector',1),(4905,228,'Wiper and Washer Switch Connector',1),(4906,228,'Wiper Control Module Connector',1),(4907,228,'Wiper Motor Connector',1),(4908,229,'4WD Switch',1),(4909,229,'Air Suspension Air Compressor Isolator',1),(4910,229,'Automatic Temperature Control Switch ',1),(4911,229,'Back Up Lamp Switch ',1),(4912,229,'Battery Isolation Switch',1),(4913,229,'Blower Control Switch',1),(4914,229,'Blower Fan Switch',1),(4915,229,'Bonnet Open Indicator Switch',1),(4916,229,'Brake Light Switch',1),(4917,229,'Coolant Temperature Switch',1),(4918,229,'Dimmer Switch',1),(4919,229,'Driver Information Display Switch ',1),(4920,229,'Glove Box Lamp Switch ',1),(4921,229,'Hazard Warning Switch',1),(4922,229,'Headlight Switch',1),(4923,229,'Heater Control Switch',1),(4924,229,'Interior Light Switch',1),(4925,229,'Keyless Entry Kit ',1),(4926,229,'Mirror Switch',1),(4927,229,'Neutral Safety Switch ',1),(4928,229,'Oil Pressure Switch',1),(4929,229,'Oil Temperature Switch',1),(4930,229,'Open Warning Switch',1),(4931,229,'Panel Dimmer Switch',1),(4932,229,'Pedal Position Switch',1),(4933,229,'Power Sliding Door Switch ',1),(4934,229,'Push Button Switch ',1),(4935,229,'Ride Height Switch ',1),(4936,229,'Selector Switch',1),(4937,229,'Shift Control Switch',1),(4938,229,'Sliding Door Contact Assembly ',1),(4939,229,'Starter Safety Switch',1),(4940,229,'Sunroof Switch ',1),(4941,229,'Sunroof Switch Retaining Clip ',1),(4942,229,'Switch Kit',1),(4943,229,'Temperature Switch',1),(4944,229,'Thermal Limiter Switch ',1),(4945,229,'Washer Switch',1),(4946,229,'Washer Switch Lever',1),(4947,229,'Window Switch',1),(4948,229,'Wiper Switch',1),(4949,230,'Air Bag Safety Passenger Air Bag Indicator Lamp',1),(4950,230,'Brake Light',1),(4951,230,'Brake Light Bulb',1),(4952,230,'Cargo Area Light',1),(4953,230,'Center High Mount Stop Light ',1),(4954,230,'Clock Light ',1),(4955,230,'Cornering Light ',1),(4956,230,'Courtesy Light Bulb ',1),(4957,230,'Flasher',1),(4958,230,'Fog Light ',1),(4959,230,'Fog Light Bulb ',1),(4960,230,'Glove Box Light Bulb ',1),(4961,230,'Hazard Warning and Turn Signal Flasher',1),(4962,230,'HeadLamp Retainer ',1),(4963,230,'Headlight ',1),(4964,230,'Headlight Assembly',1),(4965,230,'Headlight Bulb',1),(4966,230,'Headlight Bulb Cap',1),(4967,230,'Headlight Bulb Retainer',1),(4968,230,'Indicator Light',1),(4969,230,'License Lamp Lense ',1),(4970,230,'License Light Bulb ',1),(4971,230,'Panel Light Bulb',1),(4972,230,'Parking Brake Warning Light',1),(4973,230,'Parking Light',1),(4974,230,'Parking Light Bulb',1),(4975,230,'Side Marker Light ',1),(4976,230,'Side Marker Light Assembly',1),(4977,230,'Side Marker Light Bulb ',1),(4978,230,'Side Marker Light Socket ',1),(4979,230,'Tail Light Assembly',1),(4980,230,'Tail Light Bulb',1),(4981,230,'Under Bonnet Light ',1),(4982,230,'Vanity Mirror Light Bulb ',1),(4983,231,'Battery Clamp',1),(4984,231,'Battery Tray',1),(4985,231,'Brake Wheel Cylinder Bracket',1),(4986,231,'Clamp',1),(4987,231,'Clamp Kit',1),(4988,231,'Differential Axle Bracket',1),(4989,231,'Fuel Pump Hanger Assembly',1),(4990,231,'Fuel Tank Strap',1),(4991,231,'Glove Box Strap ',1),(4992,231,'Hose Clamp',1),(4993,231,'Idler Arm Bracket Assembly',1),(4994,231,'Leaf Spring Hanger ',1),(4995,231,'Mirror Bracket',1),(4996,231,'Mount',1),(4997,231,'Mount Bracket',1),(4998,231,'Oil Filter Bracket',1),(4999,231,'Radiator Mount',1),(5000,231,'Shock Absorber Mounting Bolt',1),(5001,231,'Shock Mount Bracket',1),(5002,231,'Strut Bracket',1),(5003,231,'Strut Mount Bracket',1),(5004,232,'Boot Window Motor',1),(5005,232,'Condenser Fan Motor',1),(5006,232,'Door Lock Actuator Motor',1),(5007,232,'Fan Motor',1),(5008,232,'Power Sliding Door Motor',1),(5009,232,'Power Window Motor',1),(5010,232,'Power Window Motor Mount Repair Kit',1),(5011,232,'Starter Motor',1),(5012,232,'Sunroof Motor ',1),(5013,232,'Vacuum Motor',1),(5014,232,'Washer Fluid Pump Motor Connector',1),(5015,232,'Wiper Motor',1),(5016,233,'4WD Actuator Relay',1),(5017,233,'Air Bag Relay',1),(5018,233,'Air Suspension Air Compressor Relay',1),(5019,233,'All Wheel Drive Control Relay',1),(5020,233,'Antenna Relay',1),(5021,233,'Anti-Theft Relay ',1),(5022,233,'Audio Amplifier Relay ',1),(5023,233,'Auto Shut Down Relay ',1),(5024,233,'Automatic Headlight Control Relay ',1),(5025,233,'Automatic Temperature Control (ATC) Relay Connector',1),(5026,233,'Auxiliary Battery Relay ',1),(5027,233,'Auxiliary Engine Cooling Fan Relay ',1),(5028,233,'Battery Charge Relay',1),(5029,233,'Boot Window Relay',1),(5030,233,'Brake and Turn Signal Relay',1),(5031,233,'Brake Light Relay',1),(5032,233,'Cargo Light Relay ',1),(5033,233,'Cigarette Lighter Relay ',1),(5034,233,'Cold Start Relay',1),(5035,233,'Compressor Relay',1),(5036,233,'Concealed Headlight Relay ',1),(5037,233,'Condenser Fan Motor Relay',1),(5038,233,'Cutoff Relay',1),(5039,233,'Delay Relay',1),(5040,233,'Diesel Glow Plug Relay',1),(5041,233,'Door Open Warning Relay',1),(5042,233,'Fog Light Relay ',1),(5043,233,'Fuel Pump Relay',1),(5044,233,'Hazard Warning Flasher',1),(5045,233,'Hazard Warning Relay',1),(5046,233,'Headlight Relay',1),(5047,233,'Horn Relay ',1),(5048,233,'Injection Pump Relay',1),(5049,233,'Interior Light Relay',1),(5050,233,'Keyless Entry Relay ',1),(5051,233,'Low Fuel Warning Relay ',1),(5052,233,'Main Relay ',1),(5053,233,'Mirror Relay',1),(5054,233,'Oil Level Relay',1),(5055,233,'Overload Protection Relay ',1),(5056,233,'Power Window Relay',1),(5057,233,'Pulse Wiper Relay ',1),(5058,233,'Seat Belt Warning Relay',1),(5059,233,'Start, Run Relay ',1),(5060,233,'Starter Cutoff Relay',1),(5061,233,'Starter Motor Control Relay',1),(5062,233,'Starter Relay',1),(5063,233,'Sunroof Relay ',1),(5064,233,'Tail Light Relay',1),(5065,233,'Temperature Control Relay ',1),(5066,233,'Vacuum Pump Relay',1),(5067,233,'Washer Pump Relay ',1),(5068,233,'Washer Relay',1),(5069,233,'Window Relay',1),(5070,233,'Wiper Motor Relay',1),(5071,233,'Wiper Relay',1),(5072,233,'Wiring Harness Relay',1),(5073,234,'Ball Joint Nut / Washer',1),(5074,234,'Belt Tensioner Bolt',1),(5075,234,'Bolt',1),(5076,234,'Bolt Washer Set',1),(5077,234,'Brake Hose to Caliper Bolt',1),(5078,234,'Brake Lever Anchor Nut',1),(5079,234,'C/V Joint Nut',1),(5080,234,'Caliper Bolt',1),(5081,234,'Caliper Bolt Kit',1),(5082,234,'Control Arm Bolt',1),(5083,234,'Coolant Bleeder Screw',1),(5084,234,'Crankshaft Thrust Washer Set',1),(5085,234,'Cylinder Head Bolt',1),(5086,234,'Cylinder Head Bolt Set',1),(5087,234,'Engine Mount Bolt',1),(5088,234,'Exhaust Stud',1),(5089,234,'Flywheel Bolt',1),(5090,234,'Knuckle Stud',1),(5091,234,'Leaf Spring Bolt ',1),(5092,234,'Leaf Spring Center Bolt ',1),(5093,234,'Leaf Spring Hanger Bolt ',1),(5094,234,'Manifold Stud and Nut',1),(5095,234,'Push Nut ',1),(5096,234,'Rocker Arm Bolt',1),(5097,234,'Rocker Arm Stud',1),(5098,234,'Stud',1),(5099,234,'Washer ',1),(5100,235,'Air Cleaner Intake Hose',1),(5101,235,'Air Injection Pipe',1),(5102,235,'Brake Drum Brake Hydraulic Hose',1),(5103,235,'Brake Hose',1),(5104,235,'Brake Hydraulic Hose',1),(5105,235,'Breather Hose',1),(5106,235,'Coolant Bypass Hose',1),(5107,235,'Coolant by-Pass Hose',1),(5108,235,'Coolant Hose',1),(5109,235,'Coolant Hose Flange',1),(5110,235,'Coolant Pipe',1),(5111,235,'Fuel Hose',1),(5112,235,'Fuel Line',1),(5113,235,'Header Pipe',1),(5114,235,'Hose Assembly',1),(5115,235,'Hydraulic Hose',1),(5116,235,'Idler Arm Grease Hose Kit',1),(5117,235,'Intercooler Hose',1),(5118,235,'Intermediate Pipe',1),(5119,235,'Oil Cooler Hose',1),(5120,235,'Radiator Coolant Hose Kit',1),(5121,235,'Refrigerant Discharge Hose',1),(5122,235,'Refrigerant Suction Hose',1),(5123,235,'Reservoir Line Hose',1),(5124,235,'Service Kit',1),(5125,235,'Tail Pipe Chrome Tip',1),(5126,235,'Tail Pipe Tip',1),(5127,235,'Tail Pipe with Muffler',1),(5128,235,'Vacuum Hose',1),(5129,235,'Washer Hose',1),(5130,235,'Y Pipe',1),(5131,236,'4WD Actuator Connector',1),(5132,236,'4WD Hub Locking Solenoid Connector',1),(5133,236,'4WD Switch Connector',1),(5134,236,'Air Bag Arming Sensor Connector',1),(5135,236,'Air Bag Connector',1),(5136,236,'Air Bag Diagnostic Module Connector',1),(5137,236,'Air Bag Disable Module Connector',1),(5138,236,'Air Bag Inflator Connector',1),(5139,236,'Air Bag Instrument Panel Module Connector',1),(5140,236,'Air Bag Module Connector',1),(5141,236,'Air Bag Safety Clockspring Connector',1),(5142,236,'Air Bag Sensor Connector',1),(5143,236,'Air Bag Side Impact Module Connector',1),(5144,236,'Air Suspension  Compressor Motor Connector',1),(5145,236,'Air Suspension  Module Connector',1),(5146,236,'Air Suspension  Sensor Connector',1),(5147,236,'Air Suspension  Solenoid Connector',1),(5148,236,'Air Suspension  Switch Connector',1),(5149,236,'Brake Light Connector',1),(5150,236,'Brake Light Switch Connector',1),(5151,236,'Coolant Hose Connector',1),(5152,236,'Door Lock Actuator Connector',1),(5153,236,'Glove Box Lamp Connector ',1),(5154,236,'Headlight Connector',1),(5155,236,'Mass Air Flow Connector ',1),(5156,236,'Mass Air Flow Sensor Connector ',1),(5157,236,'Mirror Connector',1),(5158,236,'Mirror Control Connector',1),(5159,236,'Oil Cooler Line Connector',1),(5160,236,'Panel Connector',1),(5161,236,'Panel Fuse Box Connector',1),(5162,236,'Panel Harness Connector',1),(5163,236,'Parking Brake Switch Connector',1),(5164,236,'Pedal Position Switch Connector',1),(5165,236,'Power Window Motor Connector',1),(5166,236,'Power Window Relay Connector',1),(5167,236,'Power Window Switch Connector',1),(5168,236,'Spark Plug Wire Connector',1),(5169,236,'Starter Motor Relay Connector',1),(5170,236,'Sunroof / Moonroof Connector ',1),(5171,236,'Sunroof Relay Connector ',1),(5172,236,'Sunroof Switch Connector ',1),(5173,236,'Washer Pump Connector',1),(5174,236,'Washer Pump Motor Connector',1),(5175,236,'Washer Relay Connector',1),(5176,236,'Water in Fuel Sensor Connector ',1),(5177,236,'Window Switch Connector',1),(5178,236,'Window Switch Illuminate Lamp Connector',1),(5179,236,'Wiper and Washer Switch Connector',1),(5180,236,'Wiper Control Module Connector',1),(5181,236,'Wiper Motor Connector',1),(5182,237,'Coolant Recovery Tank',1),(5183,237,'Fuel Tank',1),(5184,237,'Reservoir',1),(5185,237,'Vacuum Reservoir',1),(5186,237,'Washer Fluid Reservoir',1),(5187,238,'Breather Cap',1),(5188,238,'Coolant Recovery Tank Cap',1),(5189,238,'Fuel Tank Cap',1),(5190,238,'Oil Filler Cap',1),(5191,238,'Radiator Radiator Cap',1),(5192,238,'Strut Mount Cap',1),(5193,238,'Wheel Cap',1),(5194,239,'Coolant Thermostat',1),(5195,239,'Voltage Regulator ',1),(5196,240,'Catalytic Converter',1),(5197,240,'Cigarette Lighter ',1),(5198,240,'Coolant Water Outlet',1),(5199,240,'Damper',1),(5200,240,'Dipstick',1),(5201,240,'Fuel Distributor',1),(5202,240,'Harmonic Balancer',1),(5203,240,'Intercooler ',1),(5204,240,'Nozzle Holder',1),(5205,240,'OE Replacement Horn Kit ',1),(5206,240,'Oil Cooler',1),(5207,240,'Oil Dipstick',1),(5208,240,'Oil Dipstick Tube Funnel',1),(5209,240,'Oil Strainer',1),(5210,240,'Pedal Pad',1),(5211,240,'Rotor Shim',1),(5212,240,'RPM Limiter',1),(5213,240,'Spare Tire Carrier ',1),(5214,240,'Spark Plug Wire Holder',1),(5215,240,'Strut',1),(5216,240,'Strut Assembly',1),(5217,240,'Strut Assembly Kit',1),(5218,240,'Strut Cartridge',1),(5219,240,'Supercharger ',1),(5220,240,'Vibration Dampener',1),(5221,240,'Wheel Trim Ring',1),(5222,241,'Dual Radiator and Condenser Fan Assembly ',1),(5223,241,'Oil Cooler',1),(5224,241,'Radiator Radiator',1),(5225,242,'Condenser Fan Assembly',1),(5226,242,'Fan',1),(5227,242,'Fan Assembly',1),(5228,242,'Fan Blade',1),(5229,242,'Fan Clutch',1),(5230,242,'Fan Controller',1),(5231,243,'Boot Window Motor',1),(5232,243,'Condenser Fan Motor',1),(5233,243,'Door Lock Actuator Motor',1),(5234,243,'Fan Motor',1),(5235,243,'Power Sliding Door Motor',1),(5236,243,'Power Window Motor',1),(5237,243,'Power Window Motor Mount Repair Kit',1),(5238,243,'Starter Motor',1),(5239,243,'Sunroof Motor ',1),(5240,243,'Vacuum Motor',1),(5241,243,'Washer Fluid Pump Motor Connector',1),(5242,243,'Wiper Motor',1),(5243,244,'Air Suspension Air Spring Seal Kit',1),(5244,244,'Air Suspension O-Ring and Seal Kit',1),(5245,244,'Auxiliary Shaft Seal',1),(5246,244,'Axle Differential Seal',1),(5247,244,'Axle Shaft Seal',1),(5248,244,'Bearing and Seal Overhaul Kit',1),(5249,244,'Brake Booster Gasket',1),(5250,244,'Breather Gasket',1),(5251,244,'Caliper Piston Seal',1),(5252,244,'Camshaft Gasket',1),(5253,244,'Camshaft Guide O-Ring',1),(5254,244,'Camshaft Housing Gasket',1),(5255,244,'Camshaft Housing Seal',1),(5256,244,'Camshaft O-Ring',1),(5257,244,'Camshaft Seal',1),(5258,244,'Camshaft Seal Kit',1),(5259,244,'Clutch Fork Seal',1),(5260,244,'Coil Spring Seat',1),(5261,244,'Crankcase Cover Gasket Set',1),(5262,244,'Crankshaft Seal',1),(5263,244,'Crankshaft Seal Kit',1),(5264,244,'Cylinder Head Gasket',1),(5265,244,'Cylinder Head Gasket Set',1),(5266,244,'Differential Carrier Gasket',1),(5267,244,'Differential Pinion Seal',1),(5268,244,'Differential Side Cover Seal',1),(5269,244,'Drive Axle Seal',1),(5270,244,'Drive Shaft Seal',1),(5271,244,'Exhaust Gasket',1),(5272,244,'Flywheel Housing Gasket ',1),(5273,244,'Fuel Rail O-Ring Kit',1),(5274,244,'Gasket Set',1),(5275,244,'Idler Shaft Seal',1),(5276,244,'Injector O-Ring',1),(5277,244,'Inlet Gasket',1),(5278,244,'Input Shaft Seal',1),(5279,244,'Intake Manifold Gasket',1),(5280,244,'Intake Manifold Gasket Set',1),(5281,244,'Knuckle Seal',1),(5282,244,'Main Bearing Gasket Set',1),(5283,244,'Main Shaft Seal',1),(5284,244,'Manifold Flange Gasket',1),(5285,244,'Manifold Gasket',1),(5286,244,'Manifold Gasket Set',1),(5287,244,'Multi Purpose Seal Ring ',1),(5288,244,'Nozzle O-Ring',1),(5289,244,'Oil Cooler Gasket',1),(5290,244,'Oil Cooler Seal',1),(5291,244,'Oil Pan Gasket',1),(5292,244,'Oil Pump Gasket Kit',1),(5293,244,'Oil Pump O-Ring',1),(5294,244,'Oil Pump Seal',1),(5295,244,'Oil Pump Seal Kit',1),(5296,244,'Oil Strainer Gasket',1),(5297,244,'Oil Sump Gasket',1),(5298,244,'Output Shaft Seal',1),(5299,244,'Pilot Bearing Seal',1),(5300,244,'Pinion Seal',1),(5301,244,'Pinion Shaft Seal',1),(5302,244,'Pipe Flange Gasket',1),(5303,244,'Seal',1),(5304,244,'Side Cover Gasket',1),(5305,244,'Side Cover Seal',1),(5306,244,'Timing Belt Kit with Seals',1),(5307,244,'Timing Cover Gasket',1),(5308,244,'Timing Cover Gasket Set',1),(5309,244,'Timing Cover Seal',1),(5310,244,'Timing Cover Seal Kit',1),(5311,244,'Transfer Shaft Seal',1),(5312,244,'Valve Cover Gasket',1),(5313,244,'Valve Cover Gasket Set',1),(5314,244,'Valve Stem Seal Set',1),(5315,244,'Water Pump Gasket',1),(5316,244,'Water Pump O-Ring',1),(5317,244,'Window Seal',1),(5318,245,'Battery Clamp',1),(5319,245,'Battery Tray',1),(5320,245,'Brake Wheel Cylinder Bracket',1),(5321,245,'Clamp',1),(5322,245,'Clamp Kit',1),(5323,245,'Differential Axle Bracket',1),(5324,245,'Fuel Pump Hanger Assembly',1),(5325,245,'Fuel Tank Strap',1),(5326,245,'Glove Box Strap ',1),(5327,245,'Hose Clamp',1),(5328,245,'Idler Arm Bracket Assembly',1),(5329,245,'Leaf Spring Hanger ',1),(5330,245,'Mirror Bracket',1),(5331,245,'Mount',1),(5332,245,'Mount Bracket',1),(5333,245,'Oil Filter Bracket',1),(5334,245,'Radiator Mount',1),(5335,245,'Shock Absorber Mounting Bolt',1),(5336,245,'Shock Mount Bracket',1),(5337,245,'Strut Bracket',1),(5338,245,'Strut Mount Bracket',1),(5339,246,'Alignment Camber Bushing',1),(5340,246,'Boot Hinge Bushing',1),(5341,246,'Boot Hinge Pin & Bushing Kit',1),(5342,246,'Brake Bushing',1),(5343,246,'Brake Pedal Bushing',1),(5344,246,'Caliper Bushing',1),(5345,246,'Control Arm Bushing',1),(5346,246,'Door Hinge Bushing',1),(5347,246,'Hinge Pin & Bushing Kit',1),(5348,246,'Idler Arm Bushing',1),(5349,246,'Idler Arm Bushing Kit',1),(5350,246,'Knuckle Bushing',1),(5351,246,'Leaf Spring Bushing ',1),(5352,246,'Mount Bushing',1),(5353,246,'Pedal Bushing',1),(5354,246,'Pilot Bushing',1),(5355,246,'Piston Pin Bushing',1),(5356,246,'Piston Pin Bushing Set',1),(5357,246,'Radiator Mount Bushing',1),(5358,246,'Rocker Arm Bushing',1),(5359,246,'Shift Bushing',1),(5360,246,'Shift Lever Bushing',1),(5361,246,'Shift Rod Bushing',1),(5362,246,'Shock Absorber Bushing',1),(5363,246,'Stabilizer Bar Bushing',1),(5364,246,'Stabilizer Bar Link Bushing',1),(5365,246,'Starter Bushing',1),(5366,246,'Tension Rod Bushing',1),(5367,246,'Thrust Arm Bushing',1),(5368,247,'Brake Booster Hydraulic Motor Pump',1),(5369,247,'Fuel Lift Pump',1),(5370,247,'Fuel Pump',1),(5371,247,'Fuel Tank & Pump Assembly Combination',1),(5372,247,'Injector Pump',1),(5373,247,'Injector Pump Installation Kit',1),(5374,247,'Injector Repair Kit',1),(5375,247,'Mechanical Fuel Pump ',1),(5376,247,'Oil Pump',1),(5377,247,'Power Steering Pump',1),(5378,247,'Vacuum Pump',1),(5379,247,'Washer Pump',1),(5380,247,'Water Pump',1),(5381,247,'Water Pump Assembly',1),(5382,248,'Automatic Belt Tensioner Assembly',1),(5383,248,'Clutch Pulley',1),(5384,248,'Drive Belt',1),(5385,248,'Drive Belt Idler Assembly',1),(5386,248,'Drive Belt Idler Bearing',1),(5387,248,'Drive Belt Idler Pulley',1),(5388,248,'Drive Belt Idler Pulley Spacer',1),(5389,248,'Drive Belt Kit',1),(5390,248,'Injector Pump Belt',1),(5391,248,'Injector Pump Drive Gear',1),(5392,248,'Oil Pump Chain',1),(5393,248,'Oil Pump Chain Tensioner',1),(5394,248,'Oil Pump Drive Gear',1),(5395,248,'Oil Pump Sprocket',1),(5396,248,'Pulley',1),(5397,248,'Pump Belt',1),(5398,248,'Pump Pulley',1),(5399,248,'Seat Belt Buckle Button Stop',1),(5400,248,'Seat Belt Light',1),(5401,248,'Timing Belt',1),(5402,248,'Timing Belt Component Kit',1),(5403,248,'Timing Belt Guide',1),(5404,248,'Timing Belt Idler',1),(5405,248,'Timing Belt Idler Tensioner Shaft',1),(5406,248,'Timing Belt Tensioner',1),(5407,248,'Timing Belt Tensioner Adjuster',1),(5408,248,'Timing Chain',1),(5409,248,'Timing Chain Guide',1),(5410,248,'Timing Idler Pulley',1),(5411,248,'Water Pump Pulley',1),(5412,249,'Anti-Rattle Clip',1),(5413,249,'Anti-Rattle Clip Set',1),(5414,249,'Brake Hose Clip',1),(5415,249,'Brake Hose Lock',1),(5416,249,'Brake Spring Hold Down Pin',1),(5417,249,'Brake Spring Hold Down Pin Clip',1),(5418,249,'Caliper Guide Pin Clip Retainer',1),(5419,249,'Camshaft Dowel Pin',1),(5420,249,'Cotter Pin ',1),(5421,249,'Cylinder Head Dowel Pin',1),(5422,249,'Dowel Pin ',1),(5423,249,'Parking Brake C-Clip',1),(5424,249,'Universal Joint C-clip',1),(5425,250,'Air Bag Safety Passenger Air Bag Indicator Lamp',1),(5426,250,'Brake Light',1),(5427,250,'Brake Light Bulb',1),(5428,250,'Cargo Area Light',1),(5429,250,'Center High Mount Stop Light ',1),(5430,250,'Clock Light ',1),(5431,250,'Cornering Light ',1),(5432,250,'Courtesy Light Bulb ',1),(5433,250,'Flasher',1),(5434,250,'Fog Light ',1),(5435,250,'Fog Light Bulb ',1),(5436,250,'Glove Box Light Bulb ',1),(5437,250,'Hazard Warning and Turn Signal Flasher',1),(5438,250,'HeadLamp Retainer ',1),(5439,250,'Headlight ',1),(5440,250,'Headlight Assembly',1),(5441,250,'Headlight Bulb',1),(5442,250,'Headlight Bulb Cap',1),(5443,250,'Headlight Bulb Retainer',1),(5444,250,'Indicator Light',1),(5445,250,'License Lamp Lense ',1),(5446,250,'License Light Bulb ',1),(5447,250,'Panel Light Bulb',1),(5448,250,'Parking Brake Warning Light',1),(5449,250,'Parking Light',1),(5450,250,'Parking Light Bulb',1),(5451,250,'Side Marker Light ',1),(5452,250,'Side Marker Light Assembly',1),(5453,250,'Side Marker Light Bulb ',1),(5454,250,'Side Marker Light Socket ',1),(5455,250,'Tail Light Assembly',1),(5456,250,'Tail Light Bulb',1),(5457,250,'Under Bonnet Light ',1),(5458,250,'Vanity Mirror Light Bulb ',1),(5459,251,'Air Suspension Air Spring Seal Kit',1),(5460,251,'Air Suspension O-Ring and Seal Kit',1),(5461,251,'Auxiliary Shaft Seal',1),(5462,251,'Axle Differential Seal',1),(5463,251,'Axle Shaft Seal',1),(5464,251,'Bearing and Seal Overhaul Kit',1),(5465,251,'Brake Booster Gasket',1),(5466,251,'Breather Gasket',1),(5467,251,'Caliper Piston Seal',1),(5468,251,'Camshaft Gasket',1),(5469,251,'Camshaft Guide O-Ring',1),(5470,251,'Camshaft Housing Gasket',1),(5471,251,'Camshaft Housing Seal',1),(5472,251,'Camshaft O-Ring',1),(5473,251,'Camshaft Seal',1),(5474,251,'Camshaft Seal Kit',1),(5475,251,'Clutch Fork Seal',1),(5476,251,'Coil Spring Seat',1),(5477,251,'Crankcase Cover Gasket Set',1),(5478,251,'Crankshaft Seal',1),(5479,251,'Crankshaft Seal Kit',1),(5480,251,'Cylinder Head Gasket',1),(5481,251,'Cylinder Head Gasket Set',1),(5482,251,'Differential Carrier Gasket',1),(5483,251,'Differential Pinion Seal',1),(5484,251,'Differential Side Cover Seal',1),(5485,251,'Drive Axle Seal',1),(5486,251,'Drive Shaft Seal',1),(5487,251,'Exhaust Gasket',1),(5488,251,'Flywheel Housing Gasket ',1),(5489,251,'Fuel Rail O-Ring Kit',1),(5490,251,'Gasket Set',1),(5491,251,'Idler Shaft Seal',1),(5492,251,'Injector O-Ring',1),(5493,251,'Inlet Gasket',1),(5494,251,'Input Shaft Seal',1),(5495,251,'Intake Manifold Gasket',1),(5496,251,'Intake Manifold Gasket Set',1),(5497,251,'Knuckle Seal',1),(5498,251,'Main Bearing Gasket Set',1),(5499,251,'Main Shaft Seal',1),(5500,251,'Manifold Flange Gasket',1),(5501,251,'Manifold Gasket',1),(5502,251,'Manifold Gasket Set',1),(5503,251,'Multi Purpose Seal Ring ',1),(5504,251,'Nozzle O-Ring',1),(5505,251,'Oil Cooler Gasket',1),(5506,251,'Oil Cooler Seal',1),(5507,251,'Oil Pan Gasket',1),(5508,251,'Oil Pump Gasket Kit',1),(5509,251,'Oil Pump O-Ring',1),(5510,251,'Oil Pump Seal',1),(5511,251,'Oil Pump Seal Kit',1),(5512,251,'Oil Strainer Gasket',1),(5513,251,'Oil Sump Gasket',1),(5514,251,'Output Shaft Seal',1),(5515,251,'Pilot Bearing Seal',1),(5516,251,'Pinion Seal',1),(5517,251,'Pinion Shaft Seal',1),(5518,251,'Pipe Flange Gasket',1),(5519,251,'Seal',1),(5520,251,'Side Cover Gasket',1),(5521,251,'Side Cover Seal',1),(5522,251,'Timing Belt Kit with Seals',1),(5523,251,'Timing Cover Gasket',1),(5524,251,'Timing Cover Gasket Set',1),(5525,251,'Timing Cover Seal',1),(5526,251,'Timing Cover Seal Kit',1),(5527,251,'Transfer Shaft Seal',1),(5528,251,'Valve Cover Gasket',1),(5529,251,'Valve Cover Gasket Set',1),(5530,251,'Valve Stem Seal Set',1),(5531,251,'Water Pump Gasket',1),(5532,251,'Water Pump O-Ring',1),(5533,251,'Window Seal',1),(5534,252,'Ball Joint Nut / Washer',1),(5535,252,'Belt Tensioner Bolt',1),(5536,252,'Bolt',1),(5537,252,'Bolt Washer Set',1),(5538,252,'Brake Hose to Caliper Bolt',1),(5539,252,'Brake Lever Anchor Nut',1),(5540,252,'C/V Joint Nut',1),(5541,252,'Caliper Bolt',1),(5542,252,'Caliper Bolt Kit',1),(5543,252,'Control Arm Bolt',1),(5544,252,'Coolant Bleeder Screw',1),(5545,252,'Crankshaft Thrust Washer Set',1),(5546,252,'Cylinder Head Bolt',1),(5547,252,'Cylinder Head Bolt Set',1),(5548,252,'Engine Mount Bolt',1),(5549,252,'Exhaust Stud',1),(5550,252,'Flywheel Bolt',1),(5551,252,'Knuckle Stud',1),(5552,252,'Leaf Spring Bolt ',1),(5553,252,'Leaf Spring Center Bolt ',1),(5554,252,'Leaf Spring Hanger Bolt ',1),(5555,252,'Manifold Stud and Nut',1),(5556,252,'Push Nut ',1),(5557,252,'Rocker Arm Bolt',1),(5558,252,'Rocker Arm Stud',1),(5559,252,'Stud',1),(5560,252,'Washer ',1),(5561,253,'Catalytic Converter',1),(5562,253,'Cigarette Lighter ',1),(5563,253,'Coolant Water Outlet',1),(5564,253,'Damper',1),(5565,253,'Dipstick',1),(5566,253,'Fuel Distributor',1),(5567,253,'Harmonic Balancer',1),(5568,253,'Intercooler ',1),(5569,253,'Nozzle Holder',1),(5570,253,'OE Replacement Horn Kit ',1),(5571,253,'Oil Cooler',1),(5572,253,'Oil Dipstick',1),(5573,253,'Oil Dipstick Tube Funnel',1),(5574,253,'Oil Strainer',1),(5575,253,'Pedal Pad',1),(5576,253,'Rotor Shim',1),(5577,253,'RPM Limiter',1),(5578,253,'Spare Tire Carrier ',1),(5579,253,'Spark Plug Wire Holder',1),(5580,253,'Strut',1),(5581,253,'Strut Assembly',1),(5582,253,'Strut Assembly Kit',1),(5583,253,'Strut Cartridge',1),(5584,253,'Supercharger ',1),(5585,253,'Vibration Dampener',1),(5586,253,'Wheel Trim Ring',1),(5587,254,'Gear Box ',1),(5588,254,'Gearbox Assembly',1),(5589,254,'Steering Gear',1),(5590,254,'Timing Camshaft Gear',1),(5591,254,'Timing Camshaft Gear Spacer',1),(5592,254,'Timing Crankshaft Gear',1),(5593,255,'Battery Clamp',1),(5594,255,'Battery Tray',1),(5595,255,'Brake Wheel Cylinder Bracket',1),(5596,255,'Clamp',1),(5597,255,'Clamp Kit',1),(5598,255,'Differential Axle Bracket',1),(5599,255,'Fuel Pump Hanger Assembly',1),(5600,255,'Fuel Tank Strap',1),(5601,255,'Glove Box Strap ',1),(5602,255,'Hose Clamp',1),(5603,255,'Idler Arm Bracket Assembly',1),(5604,255,'Leaf Spring Hanger ',1),(5605,255,'Mirror Bracket',1),(5606,255,'Mount',1),(5607,255,'Mount Bracket',1),(5608,255,'Oil Filter Bracket',1),(5609,255,'Radiator Mount',1),(5610,255,'Shock Absorber Mounting Bolt',1),(5611,255,'Shock Mount Bracket',1),(5612,255,'Strut Bracket',1),(5613,255,'Strut Mount Bracket',1),(5614,256,'Alignment Camber Bushing',1),(5615,256,'Boot Hinge Bushing',1),(5616,256,'Boot Hinge Pin & Bushing Kit',1),(5617,256,'Brake Bushing',1),(5618,256,'Brake Pedal Bushing',1),(5619,256,'Caliper Bushing',1),(5620,256,'Control Arm Bushing',1),(5621,256,'Door Hinge Bushing',1),(5622,256,'Hinge Pin & Bushing Kit',1),(5623,256,'Idler Arm Bushing',1),(5624,256,'Idler Arm Bushing Kit',1),(5625,256,'Knuckle Bushing',1),(5626,256,'Leaf Spring Bushing ',1),(5627,256,'Mount Bushing',1),(5628,256,'Pedal Bushing',1),(5629,256,'Pilot Bushing',1),(5630,256,'Piston Pin Bushing',1),(5631,256,'Piston Pin Bushing Set',1),(5632,256,'Radiator Mount Bushing',1),(5633,256,'Rocker Arm Bushing',1),(5634,256,'Shift Bushing',1),(5635,256,'Shift Lever Bushing',1),(5636,256,'Shift Rod Bushing',1),(5637,256,'Shock Absorber Bushing',1),(5638,256,'Stabilizer Bar Bushing',1),(5639,256,'Stabilizer Bar Link Bushing',1),(5640,256,'Starter Bushing',1),(5641,256,'Tension Rod Bushing',1),(5642,256,'Thrust Arm Bushing',1),(5643,257,'Air Cleaner Intake Hose',1),(5644,257,'Air Injection Pipe',1),(5645,257,'Brake Drum Brake Hydraulic Hose',1),(5646,257,'Brake Hose',1),(5647,257,'Brake Hydraulic Hose',1),(5648,257,'Breather Hose',1),(5649,257,'Coolant Bypass Hose',1),(5650,257,'Coolant by-Pass Hose',1),(5651,257,'Coolant Hose',1),(5652,257,'Coolant Hose Flange',1),(5653,257,'Coolant Pipe',1),(5654,257,'Fuel Hose',1),(5655,257,'Fuel Line',1),(5656,257,'Header Pipe',1),(5657,257,'Hose Assembly',1),(5658,257,'Hydraulic Hose',1),(5659,257,'Idler Arm Grease Hose Kit',1),(5660,257,'Intercooler Hose',1),(5661,257,'Intermediate Pipe',1),(5662,257,'Oil Cooler Hose',1),(5663,257,'Radiator Coolant Hose Kit',1),(5664,257,'Refrigerant Discharge Hose',1),(5665,257,'Refrigerant Suction Hose',1),(5666,257,'Reservoir Line Hose',1),(5667,257,'Service Kit',1),(5668,257,'Tail Pipe Chrome Tip',1),(5669,257,'Tail Pipe Tip',1),(5670,257,'Tail Pipe with Muffler',1),(5671,257,'Vacuum Hose',1),(5672,257,'Washer Hose',1),(5673,257,'Y Pipe',1),(5674,258,'Ball Joint',1),(5675,258,'Ball Joint Kit',1),(5676,258,'C/V Axle Shaft',1),(5677,258,'C/V Intermediate Shaft',1),(5678,258,'C/V Joint',1),(5679,258,'C/V Joint Half Shaft',1),(5680,258,'Control Arm',1),(5681,258,'Control Arm and Ball Joint Assembly',1),(5682,258,'Control Arm Kit',1),(5683,258,'Control Arm Link',1),(5684,258,'Differential Axle Pinion Race',1),(5685,258,'Drive Shaft ',1),(5686,258,'Drive Shaft Center Support ',1),(5687,258,'Drive Shaft Coupler ',1),(5688,258,'Drive Shaft CV Joint ',1),(5689,258,'Drive Shaft Flex Joint ',1),(5690,258,'Idler Arm Repair Kit',1),(5691,258,'Intermediate Shaft',1),(5692,258,'Linkage Assembly',1),(5693,258,'Oil Pump Drive Shaft',1),(5694,258,'Rocker Arm',1),(5695,258,'Rocker Arm Adjusting Screw',1),(5696,258,'Rocker Arm and Shaft Assembly',1),(5697,258,'Rocker Arm Ball',1),(5698,258,'Rocker Arm Ball Stud Assembly',1),(5699,258,'Rocker Arm Bridge',1),(5700,258,'Rocker Arm Kit',1),(5701,258,'Steering Shaft',1),(5702,258,'Shaft Universal Joint',1),(5703,258,'Steering Idler Arm',1),(5704,258,'Thrust Arm and Ball Joint',1),(5705,258,'Universal Joint ',1),(5706,258,'Universal Joint Strap Kit',1),(5707,259,'Axle Shaft Bearing Assembly',1),(5708,259,'Bearing',1),(5709,259,'Bearing and Hub Assembly',1),(5710,259,'Camshaft Bearing',1),(5711,259,'Commutator End Bearing',1),(5712,259,'Compressor Bearing',1),(5713,259,'Connecting Rod Bearing',1),(5714,259,'Connecting Rod Bearing Set',1),(5715,259,'Countershaft Bearing',1),(5716,259,'Crankshaft Main Bearing',1),(5717,259,'Crankshaft Main Bearing Set',1),(5718,259,'Differential Bearing',1),(5719,259,'Differential Pilot Bearing',1),(5720,259,'Differential Pinion Bearing Set',1),(5721,259,'Drive  Belt Idler Pulley Bearing',1),(5722,259,'Drive Shaft Bearing ',1),(5723,259,'Drive Shaft Center Support Bearing ',1),(5724,259,'Drive Sprocket Bearing',1),(5725,259,'Idler Shaft Bearing',1),(5726,259,'Input Shaft Bearing',1),(5727,259,'Input Shaft Thrust Bearing',1),(5728,259,'King Pin Bearing',1),(5729,259,'Knuckle Bearing',1),(5730,259,'Low Gear Roller Bearing',1),(5731,259,'Main Bearing Repair Sleeve',1),(5732,259,'Main Bearing Shim Set',1),(5733,259,'Main Shaft Bearing',1),(5734,259,'Main Shaft Thrust Bearing',1),(5735,259,'Oil Pump Housing Bearing',1),(5736,259,'Output Shaft Bearing',1),(5737,259,'Output Shaft Thrust Bearing',1),(5738,259,'Pedal Bearing',1),(5739,259,'Pilot Bearing',1),(5740,259,'Pinion Bearing',1),(5741,259,'Pinion Shaft Bearing',1),(5742,259,'Pitman Shaft Bearing',1),(5743,259,'Release Bearing',1),(5744,259,'Release Bearing and Slave Cylinder Assembly',1),(5745,259,'Secondary Gear Bearing',1),(5746,259,'Shaft Bearing',1),(5747,259,'Shift Shaft Bearing',1),(5748,259,'Side Sliding Door Roller ',1),(5749,259,'Side Sliding Door Roller Assembly ',1),(5750,259,'Starter Bearing',1),(5751,259,'Strut Mount Bearing',1),(5752,259,'Timing Idler Bearing',1),(5753,259,'Transfer Shaft Bearing',1),(5754,259,'Wheel Bearing',1),(5755,259,'Wheel Bearing and Hub Assembly',1),(5756,260,'Knuckle',1),(5757,260,'Knuckle Race',1),(5758,261,'Air Suspension Air Spring Seal Kit',1),(5759,261,'Air Suspension O-Ring and Seal Kit',1),(5760,261,'Auxiliary Shaft Seal',1),(5761,261,'Axle Differential Seal',1),(5762,261,'Axle Shaft Seal',1),(5763,261,'Bearing and Seal Overhaul Kit',1),(5764,261,'Brake Booster Gasket',1),(5765,261,'Breather Gasket',1),(5766,261,'Caliper Piston Seal',1),(5767,261,'Camshaft Gasket',1),(5768,261,'Camshaft Guide O-Ring',1),(5769,261,'Camshaft Housing Gasket',1),(5770,261,'Camshaft Housing Seal',1),(5771,261,'Camshaft O-Ring',1),(5772,261,'Camshaft Seal',1),(5773,261,'Camshaft Seal Kit',1),(5774,261,'Clutch Fork Seal',1),(5775,261,'Coil Spring Seat',1),(5776,261,'Crankcase Cover Gasket Set',1),(5777,261,'Crankshaft Seal',1),(5778,261,'Crankshaft Seal Kit',1),(5779,261,'Cylinder Head Gasket',1),(5780,261,'Cylinder Head Gasket Set',1),(5781,261,'Differential Carrier Gasket',1),(5782,261,'Differential Pinion Seal',1),(5783,261,'Differential Side Cover Seal',1),(5784,261,'Drive Axle Seal',1),(5785,261,'Drive Shaft Seal',1),(5786,261,'Exhaust Gasket',1),(5787,261,'Flywheel Housing Gasket ',1),(5788,261,'Fuel Rail O-Ring Kit',1),(5789,261,'Gasket Set',1),(5790,261,'Idler Shaft Seal',1),(5791,261,'Injector O-Ring',1),(5792,261,'Inlet Gasket',1),(5793,261,'Input Shaft Seal',1),(5794,261,'Intake Manifold Gasket',1),(5795,261,'Intake Manifold Gasket Set',1),(5796,261,'Knuckle Seal',1),(5797,261,'Main Bearing Gasket Set',1),(5798,261,'Main Shaft Seal',1),(5799,261,'Manifold Flange Gasket',1),(5800,261,'Manifold Gasket',1),(5801,261,'Manifold Gasket Set',1),(5802,261,'Multi Purpose Seal Ring ',1),(5803,261,'Nozzle O-Ring',1),(5804,261,'Oil Cooler Gasket',1),(5805,261,'Oil Cooler Seal',1),(5806,261,'Oil Pan Gasket',1),(5807,261,'Oil Pump Gasket Kit',1),(5808,261,'Oil Pump O-Ring',1),(5809,261,'Oil Pump Seal',1),(5810,261,'Oil Pump Seal Kit',1),(5811,261,'Oil Strainer Gasket',1),(5812,261,'Oil Sump Gasket',1),(5813,261,'Output Shaft Seal',1),(5814,261,'Pilot Bearing Seal',1),(5815,261,'Pinion Seal',1),(5816,261,'Pinion Shaft Seal',1),(5817,261,'Pipe Flange Gasket',1),(5818,261,'Seal',1),(5819,261,'Side Cover Gasket',1),(5820,261,'Side Cover Seal',1),(5821,261,'Timing Belt Kit with Seals',1),(5822,261,'Timing Cover Gasket',1),(5823,261,'Timing Cover Gasket Set',1),(5824,261,'Timing Cover Seal',1),(5825,261,'Timing Cover Seal Kit',1),(5826,261,'Transfer Shaft Seal',1),(5827,261,'Valve Cover Gasket',1),(5828,261,'Valve Cover Gasket Set',1),(5829,261,'Valve Stem Seal Set',1),(5830,261,'Water Pump Gasket',1),(5831,261,'Water Pump O-Ring',1),(5832,261,'Window Seal',1),(5833,262,'Ball Joint Nut / Washer',1),(5834,262,'Belt Tensioner Bolt',1),(5835,262,'Bolt',1),(5836,262,'Bolt Washer Set',1),(5837,262,'Brake Hose to Caliper Bolt',1),(5838,262,'Brake Lever Anchor Nut',1),(5839,262,'C/V Joint Nut',1),(5840,262,'Caliper Bolt',1),(5841,262,'Caliper Bolt Kit',1),(5842,262,'Control Arm Bolt',1),(5843,262,'Coolant Bleeder Screw',1),(5844,262,'Crankshaft Thrust Washer Set',1),(5845,262,'Cylinder Head Bolt',1),(5846,262,'Cylinder Head Bolt Set',1),(5847,262,'Engine Mount Bolt',1),(5848,262,'Exhaust Stud',1),(5849,262,'Flywheel Bolt',1),(5850,262,'Knuckle Stud',1),(5851,262,'Leaf Spring Bolt ',1),(5852,262,'Leaf Spring Center Bolt ',1),(5853,262,'Leaf Spring Hanger Bolt ',1),(5854,262,'Manifold Stud and Nut',1),(5855,262,'Push Nut ',1),(5856,262,'Rocker Arm Bolt',1),(5857,262,'Rocker Arm Stud',1),(5858,262,'Stud',1),(5859,262,'Washer ',1),(5860,263,'Brake Booster Hydraulic Motor Pump',1),(5861,263,'Fuel Lift Pump',1),(5862,263,'Fuel Pump',1),(5863,263,'Fuel Tank & Pump Assembly Combination',1),(5864,263,'Injector Pump',1),(5865,263,'Injector Pump Installation Kit',1),(5866,263,'Injector Repair Kit',1),(5867,263,'Mechanical Fuel Pump ',1),(5868,263,'Oil Pump',1),(5869,263,'Power Steering Pump',1),(5870,263,'Vacuum Pump',1),(5871,263,'Washer Pump',1),(5872,263,'Water Pump',1),(5873,263,'Water Pump Assembly',1),(5874,264,'Automatic Belt Tensioner Assembly',1),(5875,264,'Clutch Pulley',1),(5876,264,'Drive Belt',1),(5877,264,'Drive Belt Idler Assembly',1),(5878,264,'Drive Belt Idler Bearing',1),(5879,264,'Drive Belt Idler Pulley',1),(5880,264,'Drive Belt Idler Pulley Spacer',1),(5881,264,'Drive Belt Kit',1),(5882,264,'Injector Pump Belt',1),(5883,264,'Injector Pump Drive Gear',1),(5884,264,'Oil Pump Chain',1),(5885,264,'Oil Pump Chain Tensioner',1),(5886,264,'Oil Pump Drive Gear',1),(5887,264,'Oil Pump Sprocket',1),(5888,264,'Pulley',1),(5889,264,'Pump Belt',1),(5890,264,'Pump Pulley',1),(5891,264,'Seat Belt Buckle Button Stop',1),(5892,264,'Seat Belt Light',1),(5893,264,'Timing Belt',1),(5894,264,'Timing Belt Component Kit',1),(5895,264,'Timing Belt Guide',1),(5896,264,'Timing Belt Idler',1),(5897,264,'Timing Belt Idler Tensioner Shaft',1),(5898,264,'Timing Belt Tensioner',1),(5899,264,'Timing Belt Tensioner Adjuster',1),(5900,264,'Timing Chain',1),(5901,264,'Timing Chain Guide',1),(5902,264,'Timing Idler Pulley',1),(5903,264,'Water Pump Pulley',1),(5904,265,'Coolant Recovery Tank',1),(5905,265,'Fuel Tank',1),(5906,265,'Reservoir',1),(5907,265,'Vacuum Reservoir',1),(5908,265,'Washer Fluid Reservoir',1),(5909,266,'Air Cleaner Assembly',1),(5910,266,'Air Filter ',1),(5911,266,'Brake Fluid',1),(5912,266,'Breather Filter',1),(5913,266,'Cabin Air Filter ',1),(5914,266,'Coolant Filter',1),(5915,266,'Engine Oil ',1),(5916,266,'Fuel Filter',1),(5917,266,'Fuel Pump Filter',1),(5918,266,'Grease',1),(5919,266,'Oil Filter',1),(5920,266,'Oil Filter Adapter',1),(5921,266,'Oil Pan and Filter Kit',1),(5922,266,'R134A Refrigerant Oil ',1),(5923,266,'Steering Fluid',1),(5924,266,'Water Separator Filter',1),(5925,267,'Connecting Rod',1),(5926,267,'Push Rod',1),(5927,267,'Push Rod Cover Grommet Set',1),(5928,267,'Strut Rod Kit',1),(5929,267,'Tension Rod',1),(5930,267,'Tie Rod',1),(5931,267,'Tie Rod Assembly',1),(5932,267,'Tie Rod End',1),(5933,268,'Air Cleaner Intake Hose',1),(5934,268,'Air Injection Pipe',1),(5935,268,'Brake Drum Brake Hydraulic Hose',1),(5936,268,'Brake Hose',1),(5937,268,'Brake Hydraulic Hose',1),(5938,268,'Breather Hose',1),(5939,268,'Coolant Bypass Hose',1),(5940,268,'Coolant by-Pass Hose',1),(5941,268,'Coolant Hose',1),(5942,268,'Coolant Hose Flange',1),(5943,268,'Coolant Pipe',1),(5944,268,'Fuel Hose',1),(5945,268,'Fuel Line',1),(5946,268,'Header Pipe',1),(5947,268,'Hose Assembly',1),(5948,268,'Hydraulic Hose',1),(5949,268,'Idler Arm Grease Hose Kit',1),(5950,268,'Intercooler Hose',1),(5951,268,'Intermediate Pipe',1),(5952,268,'Oil Cooler Hose',1),(5953,268,'Radiator Coolant Hose Kit',1),(5954,268,'Refrigerant Discharge Hose',1),(5955,268,'Refrigerant Suction Hose',1),(5956,268,'Reservoir Line Hose',1),(5957,268,'Service Kit',1),(5958,268,'Tail Pipe Chrome Tip',1),(5959,268,'Tail Pipe Tip',1),(5960,268,'Tail Pipe with Muffler',1),(5961,268,'Vacuum Hose',1),(5962,268,'Washer Hose',1),(5963,268,'Y Pipe',1),(5964,269,'Oil Return Tube',1),(5965,270,'Catalytic Converter',1),(5966,270,'Cigarette Lighter ',1),(5967,270,'Coolant Water Outlet',1),(5968,270,'Damper',1),(5969,270,'Dipstick',1),(5970,270,'Fuel Distributor',1),(5971,270,'Harmonic Balancer',1),(5972,270,'Intercooler ',1),(5973,270,'Nozzle Holder',1),(5974,270,'OE Replacement Horn Kit ',1),(5975,270,'Oil Cooler',1),(5976,270,'Oil Dipstick',1),(5977,270,'Oil Dipstick Tube Funnel',1),(5978,270,'Oil Strainer',1),(5979,270,'Pedal Pad',1),(5980,270,'Rotor Shim',1),(5981,270,'RPM Limiter',1),(5982,270,'Spare Tire Carrier ',1),(5983,270,'Spark Plug Wire Holder',1),(5984,270,'Strut',1),(5985,270,'Strut Assembly',1),(5986,270,'Strut Assembly Kit',1),(5987,270,'Strut Cartridge',1),(5988,270,'Supercharger ',1),(5989,270,'Vibration Dampener',1),(5990,270,'Wheel Trim Ring',1),(5991,271,'Diesel Glow Plug ',1),(5992,271,'Oil Drain Plug',1),(5993,271,'Oil Pan Drain Plug',1),(5994,271,'Spark Plug ',1),(5995,272,'4WD Switch',1),(5996,272,'Air Suspension Air Compressor Isolator',1),(5997,272,'Automatic Temperature Control Switch ',1),(5998,272,'Back Up Lamp Switch ',1),(5999,272,'Battery Isolation Switch',1),(6000,272,'Blower Control Switch',1),(6001,272,'Blower Fan Switch',1),(6002,272,'Bonnet Open Indicator Switch',1),(6003,272,'Brake Light Switch',1),(6004,272,'Coolant Temperature Switch',1),(6005,272,'Dimmer Switch',1),(6006,272,'Driver Information Display Switch ',1),(6007,272,'Glove Box Lamp Switch ',1),(6008,272,'Hazard Warning Switch',1),(6009,272,'Headlight Switch',1),(6010,272,'Heater Control Switch',1),(6011,272,'Interior Light Switch',1),(6012,272,'Keyless Entry Kit ',1),(6013,272,'Mirror Switch',1),(6014,272,'Neutral Safety Switch ',1),(6015,272,'Oil Pressure Switch',1),(6016,272,'Oil Temperature Switch',1),(6017,272,'Open Warning Switch',1),(6018,272,'Panel Dimmer Switch',1),(6019,272,'Pedal Position Switch',1),(6020,272,'Power Sliding Door Switch ',1),(6021,272,'Push Button Switch ',1),(6022,272,'Ride Height Switch ',1),(6023,272,'Selector Switch',1),(6024,272,'Shift Control Switch',1),(6025,272,'Sliding Door Contact Assembly ',1),(6026,272,'Starter Safety Switch',1),(6027,272,'Sunroof Switch ',1),(6028,272,'Sunroof Switch Retaining Clip ',1),(6029,272,'Switch Kit',1),(6030,272,'Temperature Switch',1),(6031,272,'Thermal Limiter Switch ',1),(6032,272,'Washer Switch',1),(6033,272,'Washer Switch Lever',1),(6034,272,'Window Switch',1),(6035,272,'Wiper Switch',1),(6036,273,'Bonnet Latch Assembly',1),(6037,273,'Bonnet Release Handle',1),(6038,273,'Bonnet Safety Catch Pull Handle',1),(6039,273,'Boot Handle',1),(6040,273,'Boot Latch',1),(6041,273,'Boot Lock',1),(6042,273,'Coded Door Lock Set',1),(6043,273,'Crank Handle',1),(6044,273,'Door Lock Actuator',1),(6045,273,'Glove Box Lock ',1),(6046,273,'Glove Box Lock Kit ',1),(6047,273,'Heater Control Knob',1),(6048,273,'Interior Door Handle',1),(6049,273,'Interior Door Handle Assembly',1),(6050,273,'Interior Door Pull Handle',1),(6051,273,'Knob',1),(6052,273,'Latch Assembly',1),(6053,273,'Latch Release Actuator',1),(6054,273,'Liftgate Latch Handle ',1),(6055,273,'Liftgate Lock Actuator ',1),(6056,273,'Lock',1),(6057,273,'Outside Door Handle ',1),(6058,273,'Parking Brake Release Handle',1),(6059,273,'Seat Adjustment Handle',1),(6060,273,'Seat Adjustment Knob',1),(6061,273,'Seat Back Recliner Adjustment Handle',1),(6062,273,'Sliding Window Latch ',1),(6063,273,'Spare Tire Compartment Cover Latch ',1),(6064,273,'Strut Rod Lock Nut',1),(6065,273,'Wiper Control Knob',1),(6066,274,'Automatic Belt Tensioner Assembly',1),(6067,274,'Clutch Pulley',1),(6068,274,'Drive Belt',1),(6069,274,'Drive Belt Idler Assembly',1),(6070,274,'Drive Belt Idler Bearing',1),(6071,274,'Drive Belt Idler Pulley',1),(6072,274,'Drive Belt Idler Pulley Spacer',1),(6073,274,'Drive Belt Kit',1),(6074,274,'Injector Pump Belt',1),(6075,274,'Injector Pump Drive Gear',1),(6076,274,'Oil Pump Chain',1),(6077,274,'Oil Pump Chain Tensioner',1),(6078,274,'Oil Pump Drive Gear',1),(6079,274,'Oil Pump Sprocket',1),(6080,274,'Pulley',1),(6081,274,'Pump Belt',1),(6082,274,'Pump Pulley',1),(6083,274,'Seat Belt Buckle Button Stop',1),(6084,274,'Seat Belt Light',1),(6085,274,'Timing Belt',1),(6086,274,'Timing Belt Component Kit',1),(6087,274,'Timing Belt Guide',1),(6088,274,'Timing Belt Idler',1),(6089,274,'Timing Belt Idler Tensioner Shaft',1),(6090,274,'Timing Belt Tensioner',1),(6091,274,'Timing Belt Tensioner Adjuster',1),(6092,274,'Timing Chain',1),(6093,274,'Timing Chain Guide',1),(6094,274,'Timing Idler Pulley',1),(6095,274,'Water Pump Pulley',1),(6096,275,'4WD Actuator Relay',1),(6097,275,'Air Bag Relay',1),(6098,275,'Air Suspension Air Compressor Relay',1),(6099,275,'All Wheel Drive Control Relay',1),(6100,275,'Antenna Relay',1),(6101,275,'Anti-Theft Relay ',1),(6102,275,'Audio Amplifier Relay ',1),(6103,275,'Auto Shut Down Relay ',1),(6104,275,'Automatic Headlight Control Relay ',1),(6105,275,'Automatic Temperature Control (ATC) Relay Connector',1),(6106,275,'Auxiliary Battery Relay ',1),(6107,275,'Auxiliary Engine Cooling Fan Relay ',1),(6108,275,'Battery Charge Relay',1),(6109,275,'Boot Window Relay',1),(6110,275,'Brake and Turn Signal Relay',1),(6111,275,'Brake Light Relay',1),(6112,275,'Cargo Light Relay ',1),(6113,275,'Cigarette Lighter Relay ',1),(6114,275,'Cold Start Relay',1),(6115,275,'Compressor Relay',1),(6116,275,'Concealed Headlight Relay ',1),(6117,275,'Condenser Fan Motor Relay',1),(6118,275,'Cutoff Relay',1),(6119,275,'Delay Relay',1),(6120,275,'Diesel Glow Plug Relay',1),(6121,275,'Door Open Warning Relay',1),(6122,275,'Fog Light Relay ',1),(6123,275,'Fuel Pump Relay',1),(6124,275,'Hazard Warning Flasher',1),(6125,275,'Hazard Warning Relay',1),(6126,275,'Headlight Relay',1),(6127,275,'Horn Relay ',1),(6128,275,'Injection Pump Relay',1),(6129,275,'Interior Light Relay',1),(6130,275,'Keyless Entry Relay ',1),(6131,275,'Low Fuel Warning Relay ',1),(6132,275,'Main Relay ',1),(6133,275,'Mirror Relay',1),(6134,275,'Oil Level Relay',1),(6135,275,'Overload Protection Relay ',1),(6136,275,'Power Window Relay',1),(6137,275,'Pulse Wiper Relay ',1),(6138,275,'Seat Belt Warning Relay',1),(6139,275,'Start, Run Relay ',1),(6140,275,'Starter Cutoff Relay',1),(6141,275,'Starter Motor Control Relay',1),(6142,275,'Starter Relay',1),(6143,275,'Sunroof Relay ',1),(6144,275,'Tail Light Relay',1),(6145,275,'Temperature Control Relay ',1),(6146,275,'Vacuum Pump Relay',1),(6147,275,'Washer Pump Relay ',1),(6148,275,'Washer Relay',1),(6149,275,'Window Relay',1),(6150,275,'Wiper Motor Relay',1),(6151,275,'Wiper Relay',1),(6152,275,'Wiring Harness Relay',1),(6153,276,'ELectrical Engine Control Module',1),(6154,276,'ELectrical Vehicle Control Module',1),(6155,276,'ELectrical Wiper Control Module',1),(6156,276,'Electronic Spark Control Module ',1),(6157,276,'Electronic Suspension Control Module ',1),(6158,276,'Injector Control Module',1),(6159,276,'Lighting Control Module ',1),(6160,276,'Seat Control Module',1),(6161,277,'Air Cleaner Intake Hose',1),(6162,277,'Air Injection Pipe',1),(6163,277,'Brake Drum Brake Hydraulic Hose',1),(6164,277,'Brake Hose',1),(6165,277,'Brake Hydraulic Hose',1),(6166,277,'Breather Hose',1),(6167,277,'Coolant Bypass Hose',1),(6168,277,'Coolant by-Pass Hose',1),(6169,277,'Coolant Hose',1),(6170,277,'Coolant Hose Flange',1),(6171,277,'Coolant Pipe',1),(6172,277,'Fuel Hose',1),(6173,277,'Fuel Line',1),(6174,277,'Header Pipe',1),(6175,277,'Hose Assembly',1),(6176,277,'Hydraulic Hose',1),(6177,277,'Idler Arm Grease Hose Kit',1),(6178,277,'Intercooler Hose',1),(6179,277,'Intermediate Pipe',1),(6180,277,'Oil Cooler Hose',1),(6181,277,'Radiator Coolant Hose Kit',1),(6182,277,'Refrigerant Discharge Hose',1),(6183,277,'Refrigerant Suction Hose',1),(6184,277,'Reservoir Line Hose',1),(6185,277,'Service Kit',1),(6186,277,'Tail Pipe Chrome Tip',1),(6187,277,'Tail Pipe Tip',1),(6188,277,'Tail Pipe with Muffler',1),(6189,277,'Vacuum Hose',1),(6190,277,'Washer Hose',1),(6191,277,'Y Pipe',1),(6192,278,'Boot Window Motor',1),(6193,278,'Condenser Fan Motor',1),(6194,278,'Door Lock Actuator Motor',1),(6195,278,'Fan Motor',1),(6196,278,'Power Sliding Door Motor',1),(6197,278,'Power Window Motor',1),(6198,278,'Power Window Motor Mount Repair Kit',1),(6199,278,'Starter Motor',1),(6200,278,'Sunroof Motor ',1),(6201,278,'Vacuum Motor',1),(6202,278,'Washer Fluid Pump Motor Connector',1),(6203,278,'Wiper Motor',1),(6204,279,'Brake Booster Hydraulic Motor Pump',1),(6205,279,'Fuel Lift Pump',1),(6206,279,'Fuel Pump',1),(6207,279,'Fuel Tank & Pump Assembly Combination',1),(6208,279,'Injector Pump',1),(6209,279,'Injector Pump Installation Kit',1),(6210,279,'Injector Repair Kit',1),(6211,279,'Mechanical Fuel Pump ',1),(6212,279,'Oil Pump',1),(6213,279,'Power Steering Pump',1),(6214,279,'Vacuum Pump',1),(6215,279,'Washer Pump',1),(6216,279,'Water Pump',1),(6217,279,'Water Pump Assembly',1),(6218,280,'Coolant Recovery Tank',1),(6219,280,'Fuel Tank',1),(6220,280,'Reservoir',1),(6221,280,'Vacuum Reservoir',1),(6222,280,'Washer Fluid Reservoir',1),(6223,281,'Coolant Recovery Tank',1),(6224,281,'Fuel Tank',1),(6225,281,'Reservoir',1),(6226,281,'Vacuum Reservoir',1),(6227,281,'Washer Fluid Reservoir',1),(6228,282,'Air Cleaner Intake Hose',1),(6229,282,'Air Injection Pipe',1),(6230,282,'Brake Drum Brake Hydraulic Hose',1),(6231,282,'Brake Hose',1),(6232,282,'Brake Hydraulic Hose',1),(6233,282,'Breather Hose',1),(6234,282,'Coolant Bypass Hose',1),(6235,282,'Coolant by-Pass Hose',1),(6236,282,'Coolant Hose',1),(6237,282,'Coolant Hose Flange',1),(6238,282,'Coolant Pipe',1),(6239,282,'Fuel Hose',1),(6240,282,'Fuel Line',1),(6241,282,'Header Pipe',1),(6242,282,'Hose Assembly',1),(6243,282,'Hydraulic Hose',1),(6244,282,'Idler Arm Grease Hose Kit',1),(6245,282,'Intercooler Hose',1),(6246,282,'Intermediate Pipe',1),(6247,282,'Oil Cooler Hose',1),(6248,282,'Radiator Coolant Hose Kit',1),(6249,282,'Refrigerant Discharge Hose',1),(6250,282,'Refrigerant Suction Hose',1),(6251,282,'Reservoir Line Hose',1),(6252,282,'Service Kit',1),(6253,282,'Tail Pipe Chrome Tip',1),(6254,282,'Tail Pipe Tip',1),(6255,282,'Tail Pipe with Muffler',1),(6256,282,'Vacuum Hose',1),(6257,282,'Washer Hose',1),(6258,282,'Y Pipe',1),(6259,283,'Washer Nozzle',1),(6260,283,'Wiper Arm',1),(6261,283,'Wiper Arm Cover',1),(6262,283,'Wiper Blade',1),(6263,283,'Wiper Blade Set',1),(6264,283,'Wiper Linkage',1),(6265,284,'Brake Booster Hydraulic Motor Pump',1),(6266,284,'Fuel Lift Pump',1),(6267,284,'Fuel Pump',1),(6268,284,'Fuel Tank & Pump Assembly Combination',1),(6269,284,'Injector Pump',1),(6270,284,'Injector Pump Installation Kit',1),(6271,284,'Injector Repair Kit',1),(6272,284,'Mechanical Fuel Pump ',1),(6273,284,'Oil Pump',1),(6274,284,'Power Steering Pump',1),(6275,284,'Vacuum Pump',1),(6276,284,'Washer Pump',1),(6277,284,'Water Pump',1),(6278,284,'Water Pump Assembly',1),(6279,285,'4WD Switch',1),(6280,285,'Air Suspension Air Compressor Isolator',1),(6281,285,'Automatic Temperature Control Switch ',1),(6282,285,'Back Up Lamp Switch ',1),(6283,285,'Battery Isolation Switch',1),(6284,285,'Blower Control Switch',1),(6285,285,'Blower Fan Switch',1),(6286,285,'Bonnet Open Indicator Switch',1),(6287,285,'Brake Light Switch',1),(6288,285,'Coolant Temperature Switch',1),(6289,285,'Dimmer Switch',1),(6290,285,'Driver Information Display Switch ',1),(6291,285,'Glove Box Lamp Switch ',1),(6292,285,'Hazard Warning Switch',1),(6293,285,'Headlight Switch',1),(6294,285,'Heater Control Switch',1),(6295,285,'Interior Light Switch',1),(6296,285,'Keyless Entry Kit ',1),(6297,285,'Mirror Switch',1),(6298,285,'Neutral Safety Switch ',1),(6299,285,'Oil Pressure Switch',1),(6300,285,'Oil Temperature Switch',1),(6301,285,'Open Warning Switch',1),(6302,285,'Panel Dimmer Switch',1),(6303,285,'Pedal Position Switch',1),(6304,285,'Power Sliding Door Switch ',1),(6305,285,'Push Button Switch ',1),(6306,285,'Ride Height Switch ',1),(6307,285,'Selector Switch',1),(6308,285,'Shift Control Switch',1),(6309,285,'Sliding Door Contact Assembly ',1),(6310,285,'Starter Safety Switch',1),(6311,285,'Sunroof Switch ',1),(6312,285,'Sunroof Switch Retaining Clip ',1),(6313,285,'Switch Kit',1),(6314,285,'Temperature Switch',1),(6315,285,'Thermal Limiter Switch ',1),(6316,285,'Washer Switch',1),(6317,285,'Washer Switch Lever',1),(6318,285,'Window Switch',1),(6319,285,'Wiper Switch',1),(6320,286,'4WD Actuator Connector',1),(6321,286,'4WD Hub Locking Solenoid Connector',1),(6322,286,'4WD Switch Connector',1),(6323,286,'Air Bag Arming Sensor Connector',1),(6324,286,'Air Bag Connector',1),(6325,286,'Air Bag Diagnostic Module Connector',1),(6326,286,'Air Bag Disable Module Connector',1),(6327,286,'Air Bag Inflator Connector',1),(6328,286,'Air Bag Instrument Panel Module Connector',1),(6329,286,'Air Bag Module Connector',1),(6330,286,'Air Bag Safety Clockspring Connector',1),(6331,286,'Air Bag Sensor Connector',1),(6332,286,'Air Bag Side Impact Module Connector',1),(6333,286,'Air Suspension  Compressor Motor Connector',1),(6334,286,'Air Suspension  Module Connector',1),(6335,286,'Air Suspension  Sensor Connector',1),(6336,286,'Air Suspension  Solenoid Connector',1),(6337,286,'Air Suspension  Switch Connector',1),(6338,286,'Brake Light Connector',1),(6339,286,'Brake Light Switch Connector',1),(6340,286,'Coolant Hose Connector',1),(6341,286,'Door Lock Actuator Connector',1),(6342,286,'Glove Box Lamp Connector ',1),(6343,286,'Headlight Connector',1),(6344,286,'Mass Air Flow Connector ',1),(6345,286,'Mass Air Flow Sensor Connector ',1),(6346,286,'Mirror Connector',1),(6347,286,'Mirror Control Connector',1),(6348,286,'Oil Cooler Line Connector',1),(6349,286,'Panel Connector',1),(6350,286,'Panel Fuse Box Connector',1),(6351,286,'Panel Harness Connector',1),(6352,286,'Parking Brake Switch Connector',1),(6353,286,'Pedal Position Switch Connector',1),(6354,286,'Power Window Motor Connector',1),(6355,286,'Power Window Relay Connector',1),(6356,286,'Power Window Switch Connector',1),(6357,286,'Spark Plug Wire Connector',1),(6358,286,'Starter Motor Relay Connector',1),(6359,286,'Sunroof / Moonroof Connector ',1),(6360,286,'Sunroof Relay Connector ',1),(6361,286,'Sunroof Switch Connector ',1),(6362,286,'Washer Pump Connector',1),(6363,286,'Washer Pump Motor Connector',1),(6364,286,'Washer Relay Connector',1),(6365,286,'Water in Fuel Sensor Connector ',1),(6366,286,'Window Switch Connector',1),(6367,286,'Window Switch Illuminate Lamp Connector',1),(6368,286,'Wiper and Washer Switch Connector',1),(6369,286,'Wiper Control Module Connector',1),(6370,286,'Wiper Motor Connector',1),(6371,287,'Bonnet Latch Assembly',1),(6372,287,'Bonnet Release Handle',1),(6373,287,'Bonnet Safety Catch Pull Handle',1),(6374,287,'Boot Handle',1),(6375,287,'Boot Latch',1),(6376,287,'Boot Lock',1),(6377,287,'Coded Door Lock Set',1),(6378,287,'Crank Handle',1),(6379,287,'Door Lock Actuator',1),(6380,287,'Glove Box Lock ',1),(6381,287,'Glove Box Lock Kit ',1),(6382,287,'Heater Control Knob',1),(6383,287,'Interior Door Handle',1),(6384,287,'Interior Door Handle Assembly',1),(6385,287,'Interior Door Pull Handle',1),(6386,287,'Knob',1),(6387,287,'Latch Assembly',1),(6388,287,'Latch Release Actuator',1),(6389,287,'Liftgate Latch Handle ',1),(6390,287,'Liftgate Lock Actuator ',1),(6391,287,'Lock',1),(6392,287,'Outside Door Handle ',1),(6393,287,'Parking Brake Release Handle',1),(6394,287,'Seat Adjustment Handle',1),(6395,287,'Seat Adjustment Knob',1),(6396,287,'Seat Back Recliner Adjustment Handle',1),(6397,287,'Sliding Window Latch ',1),(6398,287,'Spare Tire Compartment Cover Latch ',1),(6399,287,'Strut Rod Lock Nut',1),(6400,287,'Wiper Control Knob',1),(6401,288,'Boot Window Motor',1),(6402,288,'Condenser Fan Motor',1),(6403,288,'Door Lock Actuator Motor',1),(6404,288,'Fan Motor',1),(6405,288,'Power Sliding Door Motor',1),(6406,288,'Power Window Motor',1),(6407,288,'Power Window Motor Mount Repair Kit',1),(6408,288,'Starter Motor',1),(6409,288,'Sunroof Motor ',1),(6410,288,'Vacuum Motor',1),(6411,288,'Washer Fluid Pump Motor Connector',1),(6412,288,'Wiper Motor',1),(6413,289,'4WD Actuator Relay',1),(6414,289,'Air Bag Relay',1),(6415,289,'Air Suspension Air Compressor Relay',1),(6416,289,'All Wheel Drive Control Relay',1),(6417,289,'Antenna Relay',1),(6418,289,'Anti-Theft Relay ',1),(6419,289,'Audio Amplifier Relay ',1),(6420,289,'Auto Shut Down Relay ',1),(6421,289,'Automatic Headlight Control Relay ',1),(6422,289,'Automatic Temperature Control (ATC) Relay Connector',1),(6423,289,'Auxiliary Battery Relay ',1),(6424,289,'Auxiliary Engine Cooling Fan Relay ',1),(6425,289,'Battery Charge Relay',1),(6426,289,'Boot Window Relay',1),(6427,289,'Brake and Turn Signal Relay',1),(6428,289,'Brake Light Relay',1),(6429,289,'Cargo Light Relay ',1),(6430,289,'Cigarette Lighter Relay ',1),(6431,289,'Cold Start Relay',1),(6432,289,'Compressor Relay',1),(6433,289,'Concealed Headlight Relay ',1),(6434,289,'Condenser Fan Motor Relay',1),(6435,289,'Cutoff Relay',1),(6436,289,'Delay Relay',1),(6437,289,'Diesel Glow Plug Relay',1),(6438,289,'Door Open Warning Relay',1),(6439,289,'Fog Light Relay ',1),(6440,289,'Fuel Pump Relay',1),(6441,289,'Hazard Warning Flasher',1),(6442,289,'Hazard Warning Relay',1),(6443,289,'Headlight Relay',1),(6444,289,'Horn Relay ',1),(6445,289,'Injection Pump Relay',1),(6446,289,'Interior Light Relay',1),(6447,289,'Keyless Entry Relay ',1),(6448,289,'Low Fuel Warning Relay ',1),(6449,289,'Main Relay ',1),(6450,289,'Mirror Relay',1),(6451,289,'Oil Level Relay',1),(6452,289,'Overload Protection Relay ',1),(6453,289,'Power Window Relay',1),(6454,289,'Pulse Wiper Relay ',1),(6455,289,'Seat Belt Warning Relay',1),(6456,289,'Start, Run Relay ',1),(6457,289,'Starter Cutoff Relay',1),(6458,289,'Starter Motor Control Relay',1),(6459,289,'Starter Relay',1),(6460,289,'Sunroof Relay ',1),(6461,289,'Tail Light Relay',1),(6462,289,'Temperature Control Relay ',1),(6463,289,'Vacuum Pump Relay',1),(6464,289,'Washer Pump Relay ',1),(6465,289,'Washer Relay',1),(6466,289,'Window Relay',1),(6467,289,'Wiper Motor Relay',1),(6468,289,'Wiper Relay',1),(6469,289,'Wiring Harness Relay',1);

/*Table structure for table `tbl_sub_system` */

DROP TABLE IF EXISTS `tbl_sub_system`;

CREATE TABLE `tbl_sub_system` (
  `id` int(10) NOT NULL AUTO_INCREMENT,
  `system_id` int(10) NOT NULL,
  `title` varchar(50) NOT NULL,
  `is_default` int(10) NOT NULL DEFAULT '0',
  `status` int(10) NOT NULL DEFAULT '1',
  PRIMARY KEY (`id`),
  KEY `system_id` (`system_id`),
  CONSTRAINT `tbl_sub_system_ibfk_1` FOREIGN KEY (`system_id`) REFERENCES `tbl_system` (`id`) ON DELETE CASCADE ON UPDATE CASCADE
) ENGINE=InnoDB AUTO_INCREMENT=290 DEFAULT CHARSET=latin1;

/*Data for the table `tbl_sub_system` */

insert  into `tbl_sub_system`(`id`,`system_id`,`title`,`is_default`,`status`) values (1,6,'Def',1,1),(2,2,'Actuator',0,1),(3,2,'Wires and Cables ',0,1),(4,2,'Connectors',0,1),(5,2,'Levers',0,1),(6,2,'Relays',0,1),(7,2,'Valves',0,1),(8,2,'Housing',0,1),(9,2,'Solenoid',0,1),(10,2,'Hubs',0,1),(11,2,'Switches',0,1),(12,3,'ABS',0,1),(13,3,'Clips and pins',0,1),(14,3,'Bleeder Screws and Drain Corks ',0,1),(15,3,'Cylinders',0,1),(16,3,'Power Brake',0,1),(17,3,'Gaskets, Orings and seals',0,1),(18,3,'Pumps',0,1),(19,3,'Bushes',0,1),(20,3,'Brake pads, Discs and calipers',0,1),(21,3,'Brake Drums and shoes',0,1),(22,3,'Adjusters',0,1),(23,3,'Drums',0,1),(24,3,'Pipes and Hoses',0,1),(25,3,'Filters, Oils, Fluids and Other Service Parts',0,1),(26,3,'Bolts, nuts and washers',0,1),(27,3,'Sensors and Senders',0,1),(28,3,'Levers',0,1),(29,3,'Coils and Springs',0,1),(30,3,'Lights and Bulbs',0,1),(31,3,'Connectors',0,1),(32,3,'Relays',0,1),(33,3,'Switches',0,1),(34,3,'Fluid containers',0,1),(35,3,'Brackets, Clamps, Mountings and Straps ',0,1),(36,3,'Pistons',0,1),(37,3,'Boot Rubber',0,1),(38,3,'Hubs',0,1),(39,3,'Locks, Latch and Handles',0,1),(40,3,'Drums and Discs',0,1),(41,3,'Others',0,1),(42,4,'Sensors and Senders',0,1),(43,4,'Relays',0,1),(44,4,'Switches',0,1),(45,4,'Motors',0,1),(46,4,'Lights and Bulbs',0,1),(47,4,'Others',0,1),(48,4,'Corks ',0,1),(49,4,'Control Module',0,1),(50,4,'Wires and Cables',0,1),(51,4,'Pistons',0,1),(52,4,'Connectors',0,1),(53,4,'Locks, Latch and Handles',0,1),(54,4,'Fuses',0,1),(55,4,'Display',0,1),(56,4,'Adjusters',0,1),(57,4,'Radio',0,1),(58,4,'Boot Rubber',0,1),(59,5,'Wires and Cables ',0,1),(60,5,'Belts, Chains and Pulleys',0,1),(61,5,'Gaskets, Orings and seals',0,1),(62,5,'Bolts, nuts and washers',0,1),(63,5,'Caps',0,1),(64,5,'Filters, Oils, Fluids and Other Service Parts',0,1),(65,5,'Pipes and Hoses',0,1),(66,5,'Camshafts components',0,1),(67,5,'Bearings and accessories',0,1),(68,5,'Clips and pins',0,1),(69,5,'Timing Component',0,1),(70,5,'Sleeves',0,1),(71,5,'Rods',0,1),(72,5,'Gaskets, O-Ring and Seals',0,1),(73,5,'Crankshaft',0,1),(74,5,'Cylinder Head',0,1),(75,5,'Spacers',0,1),(76,5,'Valves',0,1),(77,5,'Others',0,1),(78,5,'Manifolds',0,1),(79,5,'Shafts, Joints and Arms',0,1),(80,5,'Brackets, Clamps, Mountings and Straps ',0,1),(81,5,'Bushes',0,1),(82,5,'Corks ',0,1),(83,5,'Fluid containers',0,1),(84,5,'Pumps',0,1),(85,5,'Covers',0,1),(86,5,'Pistons',0,1),(87,5,'Gears',0,1),(88,5,'Coils and Springs',0,1),(89,6,'Connectors',0,1),(90,6,'Relays',0,1),(91,6,'Springs and Coils',0,1),(92,6,'Sensors and Senders',0,1),(93,6,'Control Modules',0,1),(94,6,'Lights and Bulbs',0,1),(95,7,'Filters, Oils, Fluids and Other Service Parts',0,1),(96,7,'Pipes and Hoses',0,1),(97,7,'Housing',0,1),(98,7,'Others',0,1),(99,7,'Gaskets, Orings and seals',0,1),(100,7,'Switches',0,1),(101,7,'Connectors',0,1),(102,8,'Compressors',0,1),(103,8,'Connectors',0,1),(104,8,'Driers',0,1),(105,8,'Switches',0,1),(106,8,'Relays',0,1),(107,8,'Coils and Springs',0,1),(108,8,'Gaskets, Orings and seals',0,1),(109,8,'Springs and Coils',0,1),(110,8,'Valves',0,1),(111,8,'Bushes',0,1),(112,8,'Shafts, Joints and Arms',0,1),(113,8,'Bolts, nuts and washers',0,1),(114,8,'Bearings and accessories',0,1),(115,8,'Control Module',0,1),(116,8,'Filters, Oils, Fluids and Other Service Parts',0,1),(117,8,'Knuckle',0,1),(118,8,'Brackets, Clamps, Mountings and Straps ',0,1),(119,8,'Shocks Absorbers',0,1),(120,8,'Stabilizer',0,1),(121,8,'Others',0,1),(122,8,'Caps',0,1),(123,8,'Rods',0,1),(124,8,'Locks, Latch and Handles',0,1),(125,9,'Heaters',0,1),(126,9,'Relays',0,1),(127,9,'Others',0,1),(128,9,'Filters, Oils, Fluids and Other Service Parts',0,1),(129,9,'Pipes and Hoses',0,1),(130,9,'Pumps',0,1),(131,9,'Brackets, Clamps, Mountings and Straps ',0,1),(132,9,'Wires and cables',0,1),(133,9,'Gaskets, Orings and seals',0,1),(134,9,'Containers, Tanks and Reservoirs',0,1),(135,9,'Caps',0,1),(136,9,'Control Module',0,1),(137,9,'Belts, Chains and Pulleys',0,1),(138,9,'Gaskets, O-Ring and Seals',0,1),(139,9,'Sensors and Senders',0,1),(140,10,'Compressors',0,1),(141,10,'Condensors ',0,1),(142,10,'Filters, Oils, Fluids and Other Service Parts',0,1),(143,10,'Belts, Chains and Pulleys',0,1),(144,10,'Bearings and accessories',0,1),(145,10,'Fan',0,1),(146,10,'Motors',0,1),(147,10,'Evaporator',0,1),(148,10,'Pipes and Hoses',0,1),(149,10,'Gaskets, O-Ring and Seals',0,1),(150,11,'Charging alternator Components',0,1),(151,11,'Brackets, Clamps, Mountings and Straps ',0,1),(152,11,'Coils and Springs',0,1),(153,11,'Bearings and accessories',0,1),(154,11,'Wires and Cables',0,1),(155,11,'Insulators',0,1),(156,11,'Regulators',0,1),(157,12,'Gaskets, Orings and seals',0,1),(158,12,'Hubs',0,1),(159,12,'Bearings and accessories',0,1),(160,12,'Shafts, Joints and Arms',0,1),(161,12,'Boot Rubber',0,1),(162,12,'Bolts, nuts and washers',0,1),(163,12,'Levers',0,1),(164,12,'Control Modules',0,1),(165,12,'Brackets, Clamps, Mountings and Straps ',0,1),(166,12,'Gaskets, O-Ring and Seals',0,1),(167,12,'Housing',0,1),(168,12,'Flywheel',0,1),(169,12,'Gears',0,1),(170,12,'Corks ',0,1),(171,12,'Sleeves',0,1),(172,12,'Bushes',0,1),(173,12,'Others',0,1),(174,12,'Wires and Cables ',0,1),(175,12,'Switches',0,1),(176,12,'Clips and pins',0,1),(177,12,'Relays',0,1),(178,13,'Battery',0,1),(179,13,'Brackets, Clamps, Mountings and Straps ',0,1),(180,13,'Bearings and accessories',0,1),(181,13,'Starter component',0,1),(182,13,'Coils and Springs',0,1),(183,13,'Bushes',0,1),(184,13,'Wires and Cables ',0,1),(185,13,'Motors',0,1),(186,13,'Solenoid',0,1),(187,14,'Bearings and accessories',0,1),(188,14,'Gaskets, O-Ring and Seals',0,1),(189,14,'Others',0,1),(190,14,'valves',0,1),(191,14,'Caps',0,1),(192,14,'Hubs',0,1),(193,14,'Covers',0,1),(194,15,'Bolts, nuts and washers',0,1),(195,15,'Brackets, Clamps, Mountings and Straps ',0,1),(196,15,'Gaskets, Orings and seals',0,1),(197,15,'Joints',0,1),(198,15,'Pipes and Hoses',0,1),(199,15,'Insulators',0,1),(200,15,'Manifolds',0,1),(201,15,'Muffler Components',0,1),(202,15,'Gaskets, O-Ring and Seals',0,1),(203,16,'Doors',0,1),(204,16,'Coils and Springs',0,1),(205,16,'Locks, Latch and Handles',0,1),(206,16,'Support',0,1),(207,16,'Bushes',0,1),(208,16,'Hinges',0,1),(209,16,'Connectors',0,1),(210,16,'Motors',0,1),(211,16,'Wires and Cables',0,1),(212,16,'Mirrors',0,1),(213,16,'Brackets, Clamps, Mountings and Straps ',0,1),(214,16,'Relays',0,1),(215,16,'Switches',0,1),(216,16,'Bearings and accessories',0,1),(217,16,'Gaskets, Orings and seals',0,1),(218,17,'Wires and cables',0,1),(219,17,'Cylinders',0,1),(220,17,'Sleeves',0,1),(221,17,'Gaskets, Orings and seals',0,1),(222,17,'Bearings and accessories',0,1),(223,17,'Pipes and Hoses',0,1),(224,17,'Bushes',0,1),(225,17,'Flywheel, Clutch and Pressure plate',0,1),(226,17,'Clutch and Clutch plate ',0,1),(227,18,'Locks, Latch and Handles',0,1),(228,18,'Connectors',0,1),(229,18,'Switches',0,1),(230,18,'Lights and Bulbs',0,1),(231,18,'Brackets, Clamps, Mountings and Straps ',0,1),(232,18,'Motors',0,1),(233,18,'Relays',0,1),(234,19,'Bolts, nuts and washers',0,1),(235,19,'Pipes and Hoses',0,1),(236,19,'Connectors',0,1),(237,19,'Containers, Tanks and Reservoirs',0,1),(238,19,'Caps',0,1),(239,19,'Regulators',0,1),(240,19,'Others',0,1),(241,19,'Radiator',0,1),(242,19,'Fan',0,1),(243,19,'Motors',0,1),(244,19,'Gaskets, Orings and seals',0,1),(245,19,'Brackets, Clamps, Mountings and Straps ',0,1),(246,19,'Bushes',0,1),(247,19,'Pumps',0,1),(248,19,'Belts, Chains and Pulleys',0,1),(249,20,'Clips and pins',0,1),(250,20,'Lights and Bulbs',0,1),(251,20,'Gaskets, Orings and seals',0,1),(252,20,'Bolts, nuts and washers',0,1),(253,21,'Others',0,1),(254,21,'Gears',0,1),(255,21,'Brackets, Clamps, Mountings and Straps ',0,1),(256,21,'Bushes',0,1),(257,21,'Pipes and Hoses',0,1),(258,21,'Shafts, Joints and Arms',0,1),(259,21,'Bearings and accessories',0,1),(260,21,'Knuckle',0,1),(261,21,'Gaskets, Orings and Seals',0,1),(262,21,'Bolts, nuts and washers',0,1),(263,21,'Pumps',0,1),(264,21,'Belts, Chains and Pulleys',0,1),(265,21,'Containers, Tanks and Reservoirs',0,1),(266,21,'Filters, Oils, Fluids and Other Service Parts',0,1),(267,21,'Rods',0,1),(268,22,'Pipes and Hoses',0,1),(269,22,'Pipes and tubes',0,1),(270,22,'Others',0,1),(272,24,'Switches',0,1),(273,24,'Locks, Latch and Handles',0,1),(274,24,'Belts, Chains and Pulleys',0,1),(275,24,'Relays',0,1),(276,24,'Control Module',0,1),(277,25,'Pipes and Hoses',0,1),(278,25,'Motors',0,1),(279,25,'Pumps',0,1),(280,25,'Containers, Tanks and Reservoirs',0,1),(281,26,'Containers, Tanks and Reservoirs',0,1),(282,26,'Pipes and Hoses',0,1),(283,26,'Wipper Accessories',0,1),(284,26,'Pumps',0,1),(285,26,'Switches',0,1),(286,26,'Connectors',0,1),(287,26,'Locks, Latch and Handles',0,1),(288,26,'Motors',0,1),(289,26,'Relays',0,1);

/*Table structure for table `tbl_supplier_systems` */

DROP TABLE IF EXISTS `tbl_supplier_systems`;

CREATE TABLE `tbl_supplier_systems` (
  `id` int(10) NOT NULL AUTO_INCREMENT,
  `system_id` int(10) NOT NULL,
  `supplier_id` int(10) NOT NULL,
  `status` int(10) NOT NULL DEFAULT '1',
  PRIMARY KEY (`id`),
  KEY `system_id` (`system_id`),
  KEY `supplier_id` (`supplier_id`),
  CONSTRAINT `tbl_supplier_systems_ibfk_2` FOREIGN KEY (`supplier_id`) REFERENCES `tbl_suppliers` (`id`) ON DELETE CASCADE ON UPDATE CASCADE,
  CONSTRAINT `tbl_supplier_systems_ibfk_3` FOREIGN KEY (`system_id`) REFERENCES `tbl_system` (`id`) ON DELETE CASCADE ON UPDATE CASCADE
) ENGINE=InnoDB AUTO_INCREMENT=21 DEFAULT CHARSET=utf8;

/*Data for the table `tbl_supplier_systems` */

insert  into `tbl_supplier_systems`(`id`,`system_id`,`supplier_id`,`status`) values (9,2,6,1),(10,3,6,1),(11,4,6,1),(12,5,6,1),(13,6,6,1),(14,7,7,1),(15,6,7,1),(16,5,7,1),(17,4,7,1),(18,3,7,1),(19,2,7,1),(20,11,7,1);

/*Table structure for table `tbl_suppliers` */

DROP TABLE IF EXISTS `tbl_suppliers`;

CREATE TABLE `tbl_suppliers` (
  `id` int(10) NOT NULL AUTO_INCREMENT,
  `company_id` int(10) NOT NULL,
  `title` varchar(50) NOT NULL,
  `reg_no` varchar(50) NOT NULL,
  `contact_person` varchar(100) NOT NULL,
  `email` varchar(100) NOT NULL,
  `raw_password` varchar(100) NOT NULL,
  `password` varchar(100) NOT NULL,
  `changed_initial_password` int(10) NOT NULL DEFAULT '0',
  `password_reset_token` varchar(100) DEFAULT NULL,
  `created_at` timestamp NOT NULL DEFAULT CURRENT_TIMESTAMP ON UPDATE CURRENT_TIMESTAMP,
  `is_default` int(10) NOT NULL DEFAULT '0',
  `status` int(10) NOT NULL DEFAULT '1',
  PRIMARY KEY (`id`),
  KEY `company_id` (`company_id`),
  CONSTRAINT `tbl_suppliers_ibfk_1` FOREIGN KEY (`company_id`) REFERENCES `tbl_companies` (`id`) ON DELETE CASCADE ON UPDATE CASCADE
) ENGINE=InnoDB AUTO_INCREMENT=10 DEFAULT CHARSET=latin1;

/*Data for the table `tbl_suppliers` */

insert  into `tbl_suppliers`(`id`,`company_id`,`title`,`reg_no`,`contact_person`,`email`,`raw_password`,`password`,`changed_initial_password`,`password_reset_token`,`created_at`,`is_default`,`status`) values (1,1,'Def','','','','','',0,'','2016-01-24 08:15:23',1,0),(6,5,'Supplier A','257LL','Kate Mwangi','katemwangi@gmail.com','RR','cb95449a94688af33f6e9bb090cf2936',1,NULL,'2016-05-29 16:33:41',0,1),(7,5,'Supplier B','21545','Kennedy Mwangi','kmwangi@gmail.com','RR','cb95449a94688af33f6e9bb090cf2936',1,NULL,'2016-05-29 16:34:45',0,1),(8,7,'Supplier C','258','Edwin Mwangi','emwangi@gmail.com','osWRVw7491','b2e17a8ba31a781039a3f6767db383b7',0,NULL,'2016-06-16 11:19:51',0,1),(9,5,'Supplier D','258LL','Kennedy Wetangula','Kwetangula@gmail.com','hmJKUK2956','287cbde2b7727137fa59a49d3fe76971',0,NULL,'2016-06-19 12:03:29',0,1);

/*Table structure for table `tbl_system` */

DROP TABLE IF EXISTS `tbl_system`;

CREATE TABLE `tbl_system` (
  `id` int(10) NOT NULL AUTO_INCREMENT,
  `title` varchar(50) NOT NULL,
  `is_default` int(10) NOT NULL DEFAULT '0',
  `service_type` varchar(50) NOT NULL,
  `status` int(10) NOT NULL DEFAULT '1',
  PRIMARY KEY (`id`)
) ENGINE=InnoDB AUTO_INCREMENT=27 DEFAULT CHARSET=latin1;

/*Data for the table `tbl_system` */

insert  into `tbl_system`(`id`,`title`,`is_default`,`service_type`,`status`) values (1,'Def',1,'',1),(2,'Transmission System',0,'',1),(3,'Brake System',0,'',1),(4,'Electrical & Electronics System',0,'',1),(5,'Engine System',0,'',1),(6,'Air Bag System',0,'',1),(7,'Air Intake',0,'',1),(8,'Suspension System',0,'',1),(9,'Fuel System',0,'',1),(10,'Air Conditioning System',0,'',1),(11,'Charging System',0,'',1),(12,'Transmission',0,'',1),(13,'Starting System',0,'',1),(14,'Tires and Wheels ',0,'',1),(15,'Exhaust System',0,'',1),(16,'Doors, Windows, Boots and Bonets',0,'',1),(17,'Clutch System',0,'',1),(18,'Body',0,'',1),(19,'Cooling System',0,'',1),(20,'Fasteners',0,'',1),(21,'Steering System',0,'',1),(22,'Turbocharger, Supercharger and Ram Air',0,'Repair',1),(24,'Seats',0,'Repair',1),(25,'Vacuum ',0,'Service',1),(26,'Wippers ',0,'Service',1);

/*Table structure for table `tbl_systemusers` */

DROP TABLE IF EXISTS `tbl_systemusers`;

CREATE TABLE `tbl_systemusers` (
  `id` int(10) NOT NULL AUTO_INCREMENT,
  `first_name` varchar(50) NOT NULL,
  `last_name` varchar(50) NOT NULL,
  `email` varchar(50) NOT NULL,
  `password` varchar(50) NOT NULL,
  `password_reset_token` varchar(100) NOT NULL,
  `status` int(10) NOT NULL DEFAULT '1',
  PRIMARY KEY (`id`)
) ENGINE=InnoDB AUTO_INCREMENT=12 DEFAULT CHARSET=utf8;

/*Data for the table `tbl_systemusers` */

insert  into `tbl_systemusers`(`id`,`first_name`,`last_name`,`email`,`password`,`password_reset_token`,`status`) values (11,'George','Waweru','kuria@gmail.com','cb95449a94688af33f6e9bb090cf2936','',1);

/*Table structure for table `tbl_tyres` */

DROP TABLE IF EXISTS `tbl_tyres`;

CREATE TABLE `tbl_tyres` (
  `id` int(10) NOT NULL AUTO_INCREMENT,
  `title` varchar(100) NOT NULL,
  `status` int(10) NOT NULL DEFAULT '1',
  PRIMARY KEY (`id`)
) ENGINE=InnoDB AUTO_INCREMENT=726 DEFAULT CHARSET=utf8;

/*Data for the table `tbl_tyres` */

insert  into `tbl_tyres`(`id`,`title`,`status`) values (1,'175/65R14\r',1),(2,'175/65R14/XL\r',1),(3,'175/65R15\r',1),(4,'175/65R15/XL\r',1),(5,'175/70R13\r',1),(6,'175/70R14\r',1),(7,'175/70R14/XL\r',1),(8,'185/55R15\r',1),(9,'185/55R15/XL\r',1),(10,'185/55R16\r',1),(11,'185/55R16/XL\r',1),(12,'185/60R14\r',1),(13,'185/60R14/XL\r',1),(14,'185/60R15\r',1),(15,'185/60R15/XL\r',1),(16,'185/65R14\r',1),(17,'185/65R14/XL\r',1),(18,'185/65R15\r',1),(19,'185/65R15/XL\r',1),(20,'185/70R14\r',1),(21,'185/70R14/XL\r',1),(22,'195/45R16\r',1),(23,'195/45R16/XL\r',1),(24,'195/50R15\r',1),(25,'195/55R15\r',1),(26,'195/55R15/XL\r',1),(27,'195/55R16\r',1),(28,'195/55R16/XL\r',1),(29,'195/60R14\r',1),(30,'195/60R15\r',1),(31,'195/60R15/XL\r',1),(32,'195/60R16\r',1),(33,'195/65R15\r',1),(34,'195/65R15/XL\r',1),(35,'195/70R14\r',1),(36,'205/40R17\r',1),(37,'205/40R17/XL\r',1),(38,'205/40R18\r',1),(39,'205/40ZR18/XL\r',1),(40,'205/45R16\r',1),(41,'205/45R17\r',1),(42,'205/45ZR16\r',1),(43,'205/45ZR16/XL\r',1),(44,'205/45ZR17\r',1),(45,'205/45ZR17/XL\r',1),(46,'205/50R15\r',1),(47,'205/50R16\r',1),(48,'205/50R16/XL\r',1),(49,'205/50R17\r',1),(50,'205/50R17/XL\r',1),(51,'205/50ZR15\r',1),(52,'205/50ZR16\r',1),(53,'205/50ZR17\r',1),(54,'205/50ZR17/XL\r',1),(55,'205/55R16\r',1),(56,'205/55R16/XL\r',1),(57,'205/55R17\r',1),(58,'205/55R17/XL\r',1),(59,'205/55ZR16\r',1),(60,'205/55ZR17\r',1),(61,'205/60R15\r',1),(62,'205/60R15/XL\r',1),(63,'205/60R16\r',1),(64,'205/60R16/XL\r',1),(65,'205/65R15\r',1),(66,'205/65R15/XL\r',1),(67,'205/65R15C\r',1),(68,'205/65R16\r',1),(69,'205/65R16/XL\r',1),(70,'205/70R15\r',1),(71,'215/40R18\r',1),(72,'215/40ZR18\r',1),(73,'215/40ZR18/XL\r',1),(74,'215/45R16\r',1),(75,'215/45R17\r',1),(76,'215/45R17/XL\r',1),(77,'215/45R18\r',1),(78,'215/45R18/XL\r',1),(79,'215/45ZR16\r',1),(80,'215/45ZR17\r',1),(81,'215/45ZR17/XL\r',1),(82,'215/45ZR18/XL\r',1),(83,'215/50R17\r',1),(84,'215/50R17/XL\r',1),(85,'215/50ZR17/XL\r',1),(86,'215/55R16\r',1),(87,'215/55R16/XL\r',1),(88,'215/55R17\r',1),(89,'215/55R17/XL\r',1),(90,'215/55R18\r',1),(91,'215/55R18/XL\r',1),(92,'215/55ZR17\r',1),(93,'215/60R15\r',1),(94,'215/60R16\r',1),(95,'215/60R16/XL\r',1),(96,'215/60R17\r',1),(97,'215/65R15\r',1),(98,'215/65R15/XL\r',1),(99,'215/65R16\r',1),(100,'215/65R16/XL\r',1),(101,'215/65R17\r',1),(102,'215/70R15\r',1),(103,'215/70R16\r',1),(104,'215/75R15\r',1),(105,'225/35R19\r',1),(106,'225/35ZR19/XL\r',1),(107,'225/40R18\r',1),(108,'225/40R18/XL\r',1),(109,'225/40R19\r',1),(110,'225/40ZR18\r',1),(111,'225/40ZR18/XL\r',1),(112,'225/40ZR19/XL\r',1),(113,'225/45R17\r',1),(114,'225/45R17/XL\r',1),(115,'225/45R18\r',1),(116,'225/45R18/XL\r',1),(117,'225/45R19\r',1),(118,'225/45ZR17\r',1),(119,'225/45ZR17/XL\r',1),(120,'225/45ZR18/XL\r',1),(121,'225/45ZR19\r',1),(122,'225/45ZR19/XL\r',1),(123,'225/50R16\r',1),(124,'225/50R17\r',1),(125,'225/50R17/XL\r',1),(126,'225/50R18\r',1),(127,'225/50R18/XL\r',1),(128,'225/50ZR16\r',1),(129,'225/50ZR17\r',1),(130,'225/50ZR18\r',1),(131,'225/50ZR18/XL\r',1),(132,'225/55R16\r',1),(133,'225/55R16/XL\r',1),(134,'225/55R17\r',1),(135,'225/55R17/XL\r',1),(136,'225/55R18\r',1),(137,'225/55ZR16\r',1),(138,'225/55ZR17\r',1),(139,'225/60R16\r',1),(140,'225/60R16/XL\r',1),(141,'225/60R17\r',1),(142,'225/60R18\r',1),(143,'225/65R16\r',1),(144,'225/65R17\r',1),(145,'225/70R16\r',1),(146,'235/30R20\r',1),(147,'235/30ZR20/XL\r',1),(148,'235/35R19\r',1),(149,'235/35R20\r',1),(150,'235/35R20/XL\r',1),(151,'235/35ZR19\r',1),(152,'235/35ZR19/XL\r',1),(153,'235/35ZR20\r',1),(154,'235/35ZR20/XL\r',1),(155,'235/40R17\r',1),(156,'235/40R18\r',1),(157,'235/40R18/XL\r',1),(158,'235/40R19\r',1),(159,'235/40R19/XL\r',1),(160,'235/40ZR17\r',1),(161,'235/40ZR18\r',1),(162,'235/40ZR18/XL\r',1),(163,'235/40ZR19/XL\r',1),(164,'235/45R17\r',1),(165,'235/45R17/XL\r',1),(166,'235/45R18\r',1),(167,'235/45R18/XL\r',1),(168,'235/45R19\r',1),(169,'235/45R20\r',1),(170,'235/45R20/XL\r',1),(171,'235/45ZR17\r',1),(172,'235/45ZR17/XL\r',1),(173,'235/45ZR18\r',1),(174,'235/45ZR18/XL\r',1),(175,'235/50R17\r',1),(176,'235/50R18\r',1),(177,'235/50R18/XL\r',1),(178,'235/50R19\r',1),(179,'235/50ZR17\r',1),(180,'235/50ZR18\r',1),(181,'235/50ZR18/XL\r',1),(182,'235/55R17\r',1),(183,'235/55R18\r',1),(184,'235/55R19\r',1),(185,'235/55R19/XL\r',1),(186,'235/55R20\r',1),(187,'235/55ZR17\r',1),(188,'235/60R16\r',1),(189,'235/60R17\r',1),(190,'235/60R18\r',1),(191,'235/60R18/XL\r',1),(192,'235/65R16\r',1),(193,'235/65R17\r',1),(194,'235/65R17/XL\r',1),(195,'235/65R18\r',1),(196,'235/70R16\r',1),(197,'235/70R16/XL\r',1),(198,'245/30R19\r',1),(199,'245/30R20\r',1),(200,'245/30R21\r',1),(201,'245/30ZR19/XL\r',1),(202,'245/30ZR20/XL\r',1),(203,'245/30ZR21/XL\r',1),(204,'245/35R18\r',1),(205,'245/35R19\r',1),(206,'245/35R19/XL\r',1),(207,'245/35R20\r',1),(208,'245/35R21\r',1),(209,'245/35ZR18/XL\r',1),(210,'245/35ZR19/XL\r',1),(211,'245/35ZR20\r',1),(212,'245/35ZR20/XL\r',1),(213,'245/35ZR21/XL\r',1),(214,'245/40R17\r',1),(215,'245/40R18\r',1),(216,'245/40R18/XL\r',1),(217,'245/40R19\r',1),(218,'245/40R19/XL\r',1),(219,'245/40R20\r',1),(220,'245/40ZR17\r',1),(221,'245/40ZR17/XL\r',1),(222,'245/40ZR18\r',1),(223,'245/40ZR18/XL\r',1),(224,'245/40ZR19\r',1),(225,'245/40ZR19/XL\r',1),(226,'245/40ZR20/XL\r',1),(227,'245/45R17\r',1),(228,'245/45R17/XL\r',1),(229,'245/45R18\r',1),(230,'245/45R18/XL\r',1),(231,'245/45R19\r',1),(232,'245/45R19/XL\r',1),(233,'245/45R20\r',1),(234,'245/45ZR17\r',1),(235,'245/45ZR17/XL\r',1),(236,'245/45ZR18\r',1),(237,'245/45ZR18/XL\r',1),(238,'245/45ZR19\r',1),(239,'245/45ZR20/XL\r',1),(240,'245/50R16\r',1),(241,'245/50R18\r',1),(242,'245/50R18/XL\r',1),(243,'245/50R19\r',1),(244,'245/50R20\r',1),(245,'245/50ZR16\r',1),(246,'245/50ZR19/XL\r',1),(247,'245/55R17\r',1),(248,'245/55R19\r',1),(249,'245/60R17\r',1),(250,'245/60R17/RF\r',1),(251,'245/60R18\r',1),(252,'245/60R20\r',1),(253,'245/65R17\r',1),(254,'245/70R16\r',1),(255,'245/70R17\r',1),(256,'255/30R19\r',1),(257,'255/30R20\r',1),(258,'255/30R21\r',1),(259,'255/30R22\r',1),(260,'255/30ZR19/XL\r',1),(261,'255/30ZR20/XL\r',1),(262,'255/30ZR21/XL\r',1),(263,'255/30ZR22/XL\r',1),(264,'255/35R18\r',1),(265,'255/35R18/XL\r',1),(266,'255/35R19\r',1),(267,'255/35R19/XL\r',1),(268,'255/35R20\r',1),(269,'255/35ZR18\r',1),(270,'255/35ZR18/XL\r',1),(271,'255/35ZR19\r',1),(272,'255/35ZR19/XL\r',1),(273,'255/35ZR20/XL\r',1),(274,'255/40R17\r',1),(275,'255/40R18\r',1),(276,'255/40R19\r',1),(277,'255/40R19/XL\r',1),(278,'255/40R20\r',1),(279,'255/40R20/XL\r',1),(280,'255/40ZR17\r',1),(281,'255/40ZR18\r',1),(282,'255/40ZR18/XL\r',1),(283,'255/40ZR19\r',1),(284,'255/40ZR19/XL\r',1),(285,'255/40ZR20/XL\r',1),(286,'255/45R17\r',1),(287,'255/45R18\r',1),(288,'255/45R18/XL\r',1),(289,'255/45R19\r',1),(290,'255/45R20\r',1),(291,'255/45ZR17\r',1),(292,'255/45ZR18\r',1),(293,'255/45ZR19\r',1),(294,'255/45ZR19/XL\r',1),(295,'255/45ZR20\r',1),(296,'255/45ZR20/XL\r',1),(297,'255/50R16\r',1),(298,'255/50R19\r',1),(299,'255/50R19/XL\r',1),(300,'255/50R20\r',1),(301,'255/50R20/XL\r',1),(302,'255/50ZR16\r',1),(303,'255/55R18\r',1),(304,'255/55R18/XL\r',1),(305,'255/55R19\r',1),(306,'255/55R19/XL\r',1),(307,'255/55R20\r',1),(308,'255/55R20/XL\r',1),(309,'255/60R17\r',1),(310,'255/60R19\r',1),(311,'255/65R17\r',1),(312,'255/65R18\r',1),(313,'255/70R16\r',1),(314,'255/70R17\r',1),(315,'265/30R19\r',1),(316,'265/30R20\r',1),(317,'265/30R21\r',1),(318,'265/30ZR19/XL\r',1),(319,'265/30ZR20/XL\r',1),(320,'265/30ZR21/XL\r',1),(321,'265/35R18\r',1),(322,'265/35R19\r',1),(323,'265/35R19/XL\r',1),(324,'265/35R20\r',1),(325,'265/35R21\r',1),(326,'265/35ZR18\r',1),(327,'265/35ZR18/XL\r',1),(328,'265/35ZR19\r',1),(329,'265/35ZR19/XL\r',1),(330,'265/35ZR20\r',1),(331,'265/35ZR20/XL\r',1),(332,'265/35ZR21/XL\r',1),(333,'265/40R17\r',1),(334,'265/40R18\r',1),(335,'265/40R19\r',1),(336,'265/40R21\r',1),(337,'265/40ZR17\r',1),(338,'265/40ZR18\r',1),(339,'265/40ZR18/XL\r',1),(340,'265/40ZR19\r',1),(341,'265/40ZR19/XL\r',1),(342,'265/45R18\r',1),(343,'265/45R19\r',1),(344,'265/45R19/XL\r',1),(345,'265/45R20\r',1),(346,'265/45ZR18\r',1),(347,'265/50R19\r',1),(348,'265/50R19/XL\r',1),(349,'265/50R20\r',1),(350,'265/55R19\r',1),(351,'265/60R18\r',1),(352,'265/65R17\r',1),(353,'265/65R18\r',1),(354,'265/70R15\r',1),(355,'265/70R16\r',1),(356,'265/70R17\r',1),(357,'265/70R18\r',1),(358,'265/75R16\r',1),(359,'275/30R19\r',1),(360,'275/30R20\r',1),(361,'275/30R20/XL\r',1),(362,'275/30ZR19/XL\r',1),(363,'275/30ZR20/XL\r',1),(364,'275/35R18\r',1),(365,'275/35R19\r',1),(366,'275/35R20\r',1),(367,'275/35ZR18\r',1),(368,'275/35ZR18/XL\r',1),(369,'275/35ZR19\r',1),(370,'275/35ZR19/XL\r',1),(371,'275/35ZR20/XL\r',1),(372,'275/40R17\r',1),(373,'275/40R18\r',1),(374,'275/40R19\r',1),(375,'275/40R20\r',1),(376,'275/40R20/XL\r',1),(377,'275/40ZR17\r',1),(378,'275/40ZR18\r',1),(379,'275/40ZR19\r',1),(380,'275/40ZR19/XL\r',1),(381,'275/40ZR20/XL\r',1),(382,'275/45R18\r',1),(383,'275/45R19\r',1),(384,'275/45R19/XL\r',1),(385,'275/45R20\r',1),(386,'275/45R20/XL\r',1),(387,'275/45R21\r',1),(388,'275/45R21/XL\r',1),(389,'275/50R20\r',1),(390,'275/55R17\r',1),(391,'275/55R19\r',1),(392,'275/55R20\r',1),(393,'275/60R20\r',1),(394,'285/25R20\r',1),(395,'285/25ZR20/XL\r',1),(396,'285/30R18\r',1),(397,'285/30R19\r',1),(398,'285/30R19/XL\r',1),(399,'285/30R20\r',1),(400,'285/30R20/XL\r',1),(401,'285/30R21\r',1),(402,'285/30ZR18\r',1),(403,'285/30ZR18/XL\r',1),(404,'285/30ZR19/XL\r',1),(405,'285/30ZR20/XL\r',1),(406,'285/30ZR21/XL\r',1),(407,'285/35R18\r',1),(408,'285/35R19\r',1),(409,'285/35R19/XL\r',1),(410,'285/35R20\r',1),(411,'285/35R20/XL\r',1),(412,'285/35R21\r',1),(413,'285/35ZR18\r',1),(414,'285/35ZR18/XL\r',1),(415,'285/35ZR19\r',1),(416,'285/35ZR19/XL\r',1),(417,'285/35ZR20\r',1),(418,'285/35ZR20/XL\r',1),(419,'285/35ZR21/XL\r',1),(420,'285/40R18\r',1),(421,'285/40R19\r',1),(422,'285/40ZR18\r',1),(423,'285/40ZR19\r',1),(424,'285/40ZR19/XL\r',1),(425,'285/45R19\r',1),(426,'285/45R22\r',1),(427,'285/45R22/XL\r',1),(428,'285/50R20\r',1),(429,'285/60R18\r',1),(430,'285/60R18/XL\r',1),(431,'295/25R20\r',1),(432,'295/25R21\r',1),(433,'295/25R22\r',1),(434,'295/25ZR20/XL\r',1),(435,'295/25ZR21/XL\r',1),(436,'295/25ZR22/XL\r',1),(437,'295/30R18\r',1),(438,'295/30R19\r',1),(439,'295/30R20\r',1),(440,'295/30R20/XL\r',1),(441,'295/30R21\r',1),(442,'295/30ZR18/XL\r',1),(443,'295/30ZR19/XL\r',1),(444,'295/30ZR20/XL\r',1),(445,'295/30ZR21/XL\r',1),(446,'295/35R18\r',1),(447,'295/35R19\r',1),(448,'295/35R20\r',1),(449,'295/35R20/XL\r',1),(450,'295/35R21\r',1),(451,'295/35R21/XL\r',1),(452,'295/35ZR18\r',1),(453,'295/35ZR18/XL\r',1),(454,'295/35ZR19\r',1),(455,'295/35ZR19/XL\r',1),(456,'295/35ZR20\r',1),(457,'295/35ZR20/XL\r',1),(458,'295/40R19\r',1),(459,'295/40R19/XL\r',1),(460,'295/40R20\r',1),(461,'305/25R20\r',1),(462,'305/25R21\r',1),(463,'305/25ZR20/XL\r',1),(464,'305/25ZR21/XL\r',1),(465,'305/30R19\r',1),(466,'305/30R20\r',1),(467,'305/30ZR19\r',1),(468,'305/30ZR19/XL\r',1),(469,'305/30ZR20/XL\r',1),(470,'305/35R19\r',1),(471,'305/35R20\r',1),(472,'305/35ZR19\r',1),(473,'305/35ZR20\r',1),(474,'305/35ZR20/XL\r',1),(475,'305/50R20\r',1),(476,'305/50R20/XL\r',1),(477,'30x9.50R15/C\r',1),(478,'315/30R18\r',1),(479,'315/30R19\r',1),(480,'315/30ZR18\r',1),(481,'315/30ZR19\r',1),(482,'315/35R17\r',1),(483,'315/35R20\r',1),(484,'315/35R20/XL\r',1),(485,'315/35ZR17\r',1),(486,'315/35ZR20/XL\r',1),(487,'31x10.50R15/C\r',1),(488,'325/25R20\r',1),(489,'325/25ZR20/XL\r',1),(490,'325/30R19\r',1),(491,'325/30R20\r',1),(492,'325/30R21\r',1),(493,'325/30ZR19\r',1),(494,'325/30ZR19/XL\r',1),(495,'325/30ZR20/XL\r',1),(496,'325/30ZR21\r',1),(497,'325/30ZR21/XL\r',1),(498,'32x11.50R15/C\r',1),(499,'335/30R18\r',1),(500,'335/30R20\r',1),(501,'335/30ZR18\r',1),(502,'335/30ZR20/XL\r',1),(503,'335/35R17\r',1),(504,'335/35ZR17\r',1),(505,'33x10.50R15/C\r',1),(506,'33x12.50R15/C\r',1),(507,'345/30R19\r',1),(508,'345/30R20\r',1),(509,'345/30ZR19\r',1),(510,'345/30ZR19/XL\r',1),(511,'345/30ZR20\r',1),(512,'34x10.50R17/D\r',1),(513,'34x12.50R18/E\r',1),(514,'35x12.50R15/C\r',1),(515,'35x12.50R17/D\r',1),(516,'35x12.50R17/E\r',1),(517,'35x12.50R18/D\r',1),(518,'35x12.50R18/E\r',1),(519,'35x12.50R20/E\r',1),(520,'35x13.50R15/C\r',1),(521,'37x12.50R17/C\r',1),(522,'37x12.50R17/D\r',1),(523,'37x12.50R18/D\r',1),(524,'37x12.50R20/D\r',1),(525,'40x14.50R17/C\r',1),(526,'42x14.50R20/C\r',1),(527,'LT215/65R16/D\r',1),(528,'LT215/70R16/C\r',1),(529,'LT215/75R15/C\r',1),(530,'LT215/85R16/D\r',1),(531,'LT215/85R16/E\r',1),(532,'LT225/65R17/D\r',1),(533,'LT225/70R16/C\r',1),(534,'LT225/75R16/D\r',1),(535,'LT225/75R16/E\r',1),(536,'LT235/70R16/C\r',1),(537,'LT235/75R15/C\r',1),(538,'LT235/80R17/E\r',1),(539,'LT235/85R16/E\r',1),(540,'LT245/65R17/D\r',1),(541,'LT245/70R16/D\r',1),(542,'LT245/70R17/E\r',1),(543,'LT245/75R16/E\r',1),(544,'LT245/75R17/E\r',1),(545,'LT255/55R18/D\r',1),(546,'LT255/70R16/D\r',1),(547,'LT255/70R16/E\r',1),(548,'LT255/70R17/E\r',1),(549,'LT255/70R18/D\r',1),(550,'LT255/75R17/C\r',1),(551,'LT255/80R17/E\r',1),(552,'LT255/85R16/E\r',1),(553,'LT265/60R18/E\r',1),(554,'LT265/60R20/E\r',1),(555,'LT265/65R17/E\r',1),(556,'LT265/65R18/E\r',1),(557,'LT265/70R16/E\r',1),(558,'LT265/70R17/C\r',1),(559,'LT265/70R17/E\r',1),(560,'LT265/70R18/E\r',1),(561,'LT265/75R16/C\r',1),(562,'LT265/75R16/E\r',1),(563,'LT275/55R20/D\r',1),(564,'LT275/60R20/D\r',1),(565,'LT275/65R17/E\r',1),(566,'LT275/65R18/C\r',1),(567,'LT275/65R18/E\r',1),(568,'LT275/65R20/E\r',1),(569,'LT275/70R16/D\r',1),(570,'LT275/70R17/E\r',1),(571,'LT275/70R18/E\r',1),(572,'LT285/55R20/D\r',1),(573,'LT285/55R20/E\r',1),(574,'LT285/60R18/D\r',1),(575,'LT285/60R20/E\r',1),(576,'LT285/65R18/E\r',1),(577,'LT285/65R20/E\r',1),(578,'LT285/70R17/D\r',1),(579,'LT285/70R17/E\r',1),(580,'LT285/70R18/E\r',1),(581,'LT285/75R16/E\r',1),(582,'LT285/75R17/E\r',1),(583,'LT295/70R18/E\r',1),(584,'LT295/75R16/E\r',1),(585,'LT305/55R20/E\r',1),(586,'LT305/60R18/E\r',1),(587,'LT305/65R17/E\r',1),(588,'LT305/65R18/E\r',1),(589,'LT305/70R16/D\r',1),(590,'LT305/70R16/E\r',1),(591,'LT305/70R17/E\r',1),(592,'LT315/70R17/E\r',1),(593,'LT315/75R16/D\r',1),(594,'LT315/75R16/E\r',1),(595,'LT325/60R20/D\r',1),(596,'LT325/60R20/E\r',1),(597,'LT325/65R18/E\r',1),(598,'P155/80R15\r',1),(599,'P185/70R14\r',1),(600,'P195/60R15\r',1),(601,'P195/70R14\r',1),(602,'P205/50ZR15\r',1),(603,'P205/55ZR16\r',1),(604,'P205/60R15\r',1),(605,'P205/60R16\r',1),(606,'P205/65R16\r',1),(607,'P205/70R14\r',1),(608,'P205/70R15\r',1),(609,'P205/75R15\r',1),(610,'P215/45R17\r',1),(611,'P215/45ZR16/LL\r',1),(612,'P215/50R17\r',1),(613,'P215/50R17/XL\r',1),(614,'P215/55R17\r',1),(615,'P215/60R14\r',1),(616,'P215/60R15\r',1),(617,'P215/65R15\r',1),(618,'P215/65R17\r',1),(619,'P215/70R14\r',1),(620,'P215/70R15\r',1),(621,'P215/70R16\r',1),(622,'P215/75R15\r',1),(623,'P215/75R16\r',1),(624,'P225/40ZR18/LL\r',1),(625,'P225/45R17\r',1),(626,'P225/45R18\r',1),(627,'P225/45ZR15/LL\r',1),(628,'P225/45ZR17/LL\r',1),(629,'P225/50R17\r',1),(630,'P225/50ZR15\r',1),(631,'P225/50ZR16\r',1),(632,'P225/60R14\r',1),(633,'P225/60R15\r',1),(634,'P225/60R17\r',1),(635,'P225/65R17\r',1),(636,'P225/70R14\r',1),(637,'P225/70R15\r',1),(638,'P225/70R16\r',1),(639,'P225/75R15\r',1),(640,'P225/75R16\r',1),(641,'P225/75R16/XL\r',1),(642,'P235/40ZR17/LL\r',1),(643,'P235/45R18\r',1),(644,'P235/50R17\r',1),(645,'P235/50R18\r',1),(646,'P235/50R19\r',1),(647,'P235/50ZR18\r',1),(648,'P235/55R16\r',1),(649,'P235/55R17\r',1),(650,'P235/55R18\r',1),(651,'P235/55R19\r',1),(652,'P235/55R20\r',1),(653,'P235/60R14\r',1),(654,'P235/60R15\r',1),(655,'P235/60R17\r',1),(656,'P235/60R18\r',1),(657,'P235/65R17\r',1),(658,'P235/65R18\r',1),(659,'P235/70R15\r',1),(660,'P235/70R16\r',1),(661,'P235/70R17/XL\r',1),(662,'P235/75R15/XL\r',1),(663,'P235/75R16/XL\r',1),(664,'P235/75R17\r',1),(665,'P245/35ZR19\r',1),(666,'P245/40ZR17/LL\r',1),(667,'P245/40ZR18\r',1),(668,'P245/40ZR18/LL\r',1),(669,'P245/45R18\r',1),(670,'P245/45R19\r',1),(671,'P245/45ZR16/LL\r',1),(672,'P245/50R17\r',1),(673,'P245/50R18\r',1),(674,'P245/50R20\r',1),(675,'P245/55R18\r',1),(676,'P245/60R14\r',1),(677,'P245/60R15\r',1),(678,'P245/60R18\r',1),(679,'P245/65R17\r',1),(680,'P245/70R16\r',1),(681,'P245/70R17\r',1),(682,'P245/75R16\r',1),(683,'P255/40ZR17/LL\r',1),(684,'P255/45R17\r',1),(685,'P255/60R15\r',1),(686,'P255/60R19\r',1),(687,'P255/65R16\r',1),(688,'P255/65R17\r',1),(689,'P255/65R18\r',1),(690,'P255/70R15\r',1),(691,'P255/70R16\r',1),(692,'P255/70R17\r',1),(693,'P255/70R18\r',1),(694,'P265/35ZR18/LL\r',1),(695,'P265/45R18\r',1),(696,'P265/60R18\r',1),(697,'P265/65R17\r',1),(698,'P265/65R18\r',1),(699,'P265/70R15\r',1),(700,'P265/70R16\r',1),(701,'P265/70R17\r',1),(702,'P265/70R18\r',1),(703,'P265/75R15\r',1),(704,'P265/75R16\r',1),(705,'P275/35ZR18/LL\r',1),(706,'P275/40ZR17/LL\r',1),(707,'P275/45ZR16/LL\r',1),(708,'P275/55R20\r',1),(709,'P275/60R15\r',1),(710,'P275/60R17\r',1),(711,'P275/60R18\r',1),(712,'P275/60R20\r',1),(713,'P275/65R18\r',1),(714,'P275/70R16\r',1),(715,'P275/70R18\r',1),(716,'P285/30ZR18/LL\r',1),(717,'P285/30ZR19\r',1),(718,'P285/30ZR20\r',1),(719,'P285/35ZR19\r',1),(720,'P285/70R17\r',1),(721,'P295/50R15\r',1),(722,'P315/30ZR18/LL\r',1),(723,'P325/30ZR19/LL\r',1),(724,'P335/25ZR20\r',1),(725,'P335/30ZR18/LL',1);

/*Table structure for table `tbl_users` */

DROP TABLE IF EXISTS `tbl_users`;

CREATE TABLE `tbl_users` (
  `id` int(10) NOT NULL AUTO_INCREMENT,
  `role_id` int(10) NOT NULL,
  `company_id` int(10) NOT NULL,
  `car_id` int(10) NOT NULL,
  `first_name` varchar(50) NOT NULL,
  `last_name` varchar(50) NOT NULL,
  `email` varchar(50) NOT NULL,
  `phone_number` varchar(50) NOT NULL,
  `dl_number` varchar(50) DEFAULT NULL,
  `photo` varchar(50) DEFAULT NULL,
  `dl_photo` varchar(50) DEFAULT NULL,
  `dl_expiry` date DEFAULT NULL,
  `qualified_status` int(10) NOT NULL,
  `raw_password` varchar(100) NOT NULL,
  `password` varchar(100) NOT NULL,
  `changed_initial_password` int(10) NOT NULL DEFAULT '0',
  `password_reset_token` varchar(100) DEFAULT NULL,
  `created_at` timestamp NOT NULL DEFAULT CURRENT_TIMESTAMP ON UPDATE CURRENT_TIMESTAMP,
  `is_default` int(10) NOT NULL DEFAULT '0',
  `status` int(10) NOT NULL DEFAULT '1',
  PRIMARY KEY (`id`),
  KEY `car_id` (`car_id`),
  KEY `tbl_drivers_ibfk_2` (`company_id`),
  KEY `role_id` (`role_id`),
  CONSTRAINT `tbl_users_ibfk_1` FOREIGN KEY (`car_id`) REFERENCES `tbl_cars` (`id`) ON DELETE CASCADE ON UPDATE CASCADE,
  CONSTRAINT `tbl_users_ibfk_2` FOREIGN KEY (`company_id`) REFERENCES `tbl_companies` (`id`) ON DELETE CASCADE ON UPDATE CASCADE,
  CONSTRAINT `tbl_users_ibfk_3` FOREIGN KEY (`role_id`) REFERENCES `tbl_roles` (`id`) ON DELETE CASCADE ON UPDATE CASCADE
) ENGINE=InnoDB AUTO_INCREMENT=16 DEFAULT CHARSET=utf8;

/*Data for the table `tbl_users` */

insert  into `tbl_users`(`id`,`role_id`,`company_id`,`car_id`,`first_name`,`last_name`,`email`,`phone_number`,`dl_number`,`photo`,`dl_photo`,`dl_expiry`,`qualified_status`,`raw_password`,`password`,`changed_initial_password`,`password_reset_token`,`created_at`,`is_default`,`status`) values (1,1,1,1,'--Def--','-- Def--','','',NULL,NULL,NULL,'0000-00-00',0,'','',0,NULL,'2016-01-14 17:09:55',1,1),(8,3,5,1,'Newton','Otieno','Otieno.Newton.Ouma@gmail.com','0725897415','','3992-member1.jpg','','2014-05-25',0,'RR','cb95449a94688af33f6e9bb090cf2936',1,NULL,'2016-06-16 10:24:05',0,1),(10,1,5,10,'Maurice','Kamau','mkamau@gmail.com','07236987458','25789','3779-prof.jpg','2864-proff.jpg','2016-05-25',1,'RR','cb95449a94688af33f6e9bb090cf2936',1,NULL,'2016-06-16 10:22:15',0,1),(11,1,5,12,'Njoroge','Mwangi','nmwangi@yahoo.com','07236987457','14658','7709-my pic.jpg','6653-member2.jpg','2016-08-25',1,'WNvRJN8492','6bb9f2d329a39f95c33e29938e382faa',0,NULL,'2016-06-16 10:24:11',0,1),(12,1,5,11,'Jane','Ndwigah','jaynendwigah@gmail.com','0726879634','786324','8259-member2.jpg','7532-member2.jpg','2012-05-14',1,'dgrspB7182','a322daa28628bc2ab26531624533fc6f',0,NULL,'2016-06-16 10:24:20',0,1),(13,1,5,1,'Charles','Kemboi','ckemboi@gmail.com','0723987456','257hjghj','3648-member1.jpg','4475-prof.jpg','2016-05-25',1,'RpTBcF3213','5ec4624a86eb7c8cb51ee65258ab0ee5',0,NULL,'2016-06-16 10:22:16',0,1),(14,1,7,1,'Patrick','Kibe','pkibe@gmail.com','0723987453','DL14782','2132-proff.jpg','5469-my pic.jpg','2016-09-22',1,'MPtEpN2135','5e8442874ee507826bfef469fff785af',0,NULL,'2016-06-16 09:42:41',0,1),(15,3,7,1,'Victor','Maina','vmaina@gmail.com','027896357','','1122-prof.jpg','8925-','0000-00-00',0,'RR','cb95449a94688af33f6e9bb090cf2936',1,NULL,'2016-06-16 11:02:30',0,1);

/*!40101 SET SQL_MODE=@OLD_SQL_MODE */;
/*!40014 SET FOREIGN_KEY_CHECKS=@OLD_FOREIGN_KEY_CHECKS */;
/*!40014 SET UNIQUE_CHECKS=@OLD_UNIQUE_CHECKS */;
/*!40111 SET SQL_NOTES=@OLD_SQL_NOTES */;
